id,x,y,deg
001_0,s0.0,s0.0,s61.458974
002_0,s0.0,s0.0,s61.458974
002_1,s-0.087797,s0.492231,s34.479228
003_0,s0.0,s0.0,s61.458974
003_1,s-0.087797,s0.492231,s34.479228
003_2,s0.458878,s0.65531,s347.407842
004_0,s0.0,s0.0,s61.458974
004_1,s-0.087797,s0.492231,s34.479228
004_2,s0.458878,s0.65531,s347.407842
004_3,s0.369948,s-0.2562,s301.022519
005_0,s0.0,s0.0,s61.458974
005_1,s-0.087797,s0.492231,s34.479228
005_2,s0.458878,s0.65531,s347.407842
005_3,s0.369948,s-0.2562,s301.022519
005_4,s-0.404414,s-0.294023,s128.840276
006_0,s0.0,s0.0,s61.458974
006_1,s-0.087797,s0.492231,s34.479228
006_2,s0.458878,s0.65531,s347.407842
006_3,s0.369948,s-0.2562,s301.022519
006_4,s-0.404414,s-0.294023,s128.840276
006_5,s0.834052,s-0.454816,s262.731028
007_0,s0.0,s0.0,s61.458974
007_1,s-0.087797,s0.492231,s34.479228
007_2,s0.458878,s0.65531,s347.407842
007_3,s0.369948,s-0.2562,s301.022519
007_4,s-0.404414,s-0.294023,s128.840276
007_5,s0.834052,s-0.454816,s262.731028
007_6,s-0.184418,s-0.778454,s224.38473
008_0,s0.0,s0.0,s61.458974
008_1,s-0.087797,s0.492231,s34.479228
008_2,s0.458878,s0.65531,s347.407842
008_3,s0.369948,s-0.2562,s301.022519
008_4,s-0.404414,s-0.294023,s128.840276
008_5,s0.834052,s-0.454816,s262.731028
008_6,s-0.184418,s-0.778454,s224.38473
008_7,s0.819507,s0.480529,s278.525991
009_0,s0.0,s0.0,s61.458974
009_1,s-0.087797,s0.492231,s34.479228
009_2,s0.458878,s0.65531,s347.407842
009_3,s0.369948,s-0.2562,s301.022519
009_4,s-0.404414,s-0.294023,s128.840276
009_5,s0.834052,s-0.454816,s262.731028
009_6,s-0.184418,s-0.778454,s224.38473
009_7,s0.819507,s0.480529,s278.525991
009_8,s-0.836532,s0.331986,s27.229171
010_0,s0.0,s0.0,s61.458974
010_1,s-0.087797,s0.492231,s34.479228
010_2,s0.458878,s0.65531,s347.407842
010_3,s0.369948,s-0.2562,s301.022519
010_4,s-0.404414,s-0.294023,s128.840276
010_5,s0.834052,s-0.454816,s262.731028
010_6,s-0.184418,s-0.778454,s224.38473
010_7,s0.819507,s0.480529,s278.525991
010_8,s-0.836532,s0.331986,s27.229171
010_9,s0.973831,s-1.005809,s247.702628
011_0,s0.0,s0.0,s61.458974
011_1,s-0.087797,s0.492231,s34.479228
011_2,s0.458878,s0.65531,s347.407842
011_3,s0.369948,s-0.2562,s301.022519
011_4,s-0.404414,s-0.294023,s128.840276
011_5,s0.834052,s-0.454816,s262.731028
011_6,s-0.184418,s-0.778454,s224.38473
011_7,s0.819507,s0.480529,s278.525991
011_8,s-0.836532,s0.331986,s27.229171
011_9,s0.973831,s-1.005809,s247.702628
011_10,s-1.028382,s-0.949964,s213.937165
012_0,s0.0,s0.0,s61.458974
012_1,s-0.087797,s0.492231,s34.479228
012_2,s0.458878,s0.65531,s347.407842
012_3,s0.369948,s-0.2562,s301.022519
012_4,s-0.404414,s-0.294023,s128.840276
012_5,s0.834052,s-0.454816,s262.731028
012_6,s-0.184418,s-0.778454,s224.38473
012_7,s0.819507,s0.480529,s278.525991
012_8,s-0.836532,s0.331986,s27.229171
012_9,s0.973831,s-1.005809,s247.702628
012_10,s-1.028382,s-0.949964,s213.937165
012_11,s-1.046449,s-0.086287,s57.453197
013_0,s0.0,s0.0,s61.458974
013_1,s-0.087797,s0.492231,s34.479228
013_2,s0.458878,s0.65531,s347.407842
013_3,s0.369948,s-0.2562,s301.022519
013_4,s-0.404414,s-0.294023,s128.840276
013_5,s0.834052,s-0.454816,s262.731028
013_6,s-0.184418,s-0.778454,s224.38473
013_7,s0.819507,s0.480529,s278.525991
013_8,s-0.836532,s0.331986,s27.229171
013_9,s0.973831,s-1.005809,s247.702628
013_10,s-1.028382,s-0.949964,s213.937165
013_11,s-1.046449,s-0.086287,s57.453197
013_12,s0.705015,s1.491795,s17.209855
014_0,s0.0,s0.0,s61.458974
014_1,s-0.087797,s0.492231,s34.479228
014_2,s0.458878,s0.65531,s347.407842
014_3,s0.369948,s-0.2562,s301.022519
014_4,s-0.404414,s-0.294023,s128.840276
014_5,s0.834052,s-0.454816,s262.731028
014_6,s-0.184418,s-0.778454,s224.38473
014_7,s0.819507,s0.480529,s278.525991
014_8,s-0.836532,s0.331986,s27.229171
014_9,s0.973831,s-1.005809,s247.702628
014_10,s-1.028382,s-0.949964,s213.937165
014_11,s-1.046449,s-0.086287,s57.453197
014_12,s0.705015,s1.491795,s17.209855
014_13,s0.254261,s-1.529003,s197.311675
015_0,s0.0,s0.0,s61.458974
015_1,s-0.087797,s0.492231,s34.479228
015_2,s0.458878,s0.65531,s347.407842
015_3,s0.369948,s-0.2562,s301.022519
015_4,s-0.404414,s-0.294023,s128.840276
015_5,s0.834052,s-0.454816,s262.731028
015_6,s-0.184418,s-0.778454,s224.38473
015_7,s0.819507,s0.480529,s278.525991
015_8,s-0.836532,s0.331986,s27.229171
015_9,s0.973831,s-1.005809,s247.702628
015_10,s-1.028382,s-0.949964,s213.937165
015_11,s-1.046449,s-0.086287,s57.453197
015_12,s0.705015,s1.491795,s17.209855
015_13,s0.254261,s-1.529003,s197.311675
015_14,s-1.353793,s-0.645945,s76.43608
016_0,s0.0,s0.0,s61.458974
016_1,s-0.087797,s0.492231,s34.479228
016_2,s0.458878,s0.65531,s347.407842
016_3,s0.369948,s-0.2562,s301.022519
016_4,s-0.404414,s-0.294023,s128.840276
016_5,s0.834052,s-0.454816,s262.731028
016_6,s-0.184418,s-0.778454,s224.38473
016_7,s0.819507,s0.480529,s278.525991
016_8,s-0.836532,s0.331986,s27.229171
016_9,s0.973831,s-1.005809,s247.702628
016_10,s-1.028382,s-0.949964,s213.937165
016_11,s-1.046449,s-0.086287,s57.453197
016_12,s0.705015,s1.491795,s17.209855
016_13,s0.254261,s-1.529003,s197.311675
016_14,s-1.353793,s-0.645945,s76.43608
016_15,s-1.456944,s0.661298,s83.771924
017_0,s0.0,s0.0,s61.458974
017_1,s-0.087797,s0.492231,s34.479228
017_2,s0.458878,s0.65531,s347.407842
017_3,s0.369948,s-0.2562,s301.022519
017_4,s-0.404414,s-0.294023,s128.840276
017_5,s0.834052,s-0.454816,s262.731028
017_6,s-0.184418,s-0.778454,s224.38473
017_7,s0.819507,s0.480529,s278.525991
017_8,s-0.836532,s0.331986,s27.229171
017_9,s0.973831,s-1.005809,s247.702628
017_10,s-1.028382,s-0.949964,s213.937165
017_11,s-1.046449,s-0.086287,s57.453197
017_12,s0.705015,s1.491795,s17.209855
017_13,s0.254261,s-1.529003,s197.311675
017_14,s-1.353793,s-0.645945,s76.43608
017_15,s-1.456944,s0.661298,s83.771924
017_16,s-0.740772,s1.361527,s111.270673
018_0,s0.0,s0.0,s61.458974
018_1,s-0.087797,s0.492231,s34.479228
018_2,s0.458878,s0.65531,s347.407842
018_3,s0.369948,s-0.2562,s301.022519
018_4,s-0.404414,s-0.294023,s128.840276
018_5,s0.834052,s-0.454816,s262.731028
018_6,s-0.184418,s-0.778454,s224.38473
018_7,s0.819507,s0.480529,s278.525991
018_8,s-0.836532,s0.331986,s27.229171
018_9,s0.973831,s-1.005809,s247.702628
018_10,s-1.028382,s-0.949964,s213.937165
018_11,s-1.046449,s-0.086287,s57.453197
018_12,s0.705015,s1.491795,s17.209855
018_13,s0.254261,s-1.529003,s197.311675
018_14,s-1.353793,s-0.645945,s76.43608
018_15,s-1.456944,s0.661298,s83.771924
018_16,s-0.740772,s1.361527,s111.270673
018_17,s0.97787,s1.001884,s297.463483
019_0,s0.0,s0.0,s61.458974
019_1,s-0.087797,s0.492231,s34.479228
019_2,s0.458878,s0.65531,s347.407842
019_3,s0.369948,s-0.2562,s301.022519
019_4,s-0.404414,s-0.294023,s128.840276
019_5,s0.834052,s-0.454816,s262.731028
019_6,s-0.184418,s-0.778454,s224.38473
019_7,s0.819507,s0.480529,s278.525991
019_8,s-0.836532,s0.331986,s27.229171
019_9,s0.973831,s-1.005809,s247.702628
019_10,s-1.028382,s-0.949964,s213.937165
019_11,s-1.046449,s-0.086287,s57.453197
019_12,s0.705015,s1.491795,s17.209855
019_13,s0.254261,s-1.529003,s197.311675
019_14,s-1.353793,s-0.645945,s76.43608
019_15,s-1.456944,s0.661298,s83.771924
019_16,s-0.740772,s1.361527,s111.270673
019_17,s0.97787,s1.001884,s297.463483
019_18,s-0.629273,s1.739688,s1.553225
020_0,s0.0,s0.0,s61.458974
020_1,s-0.087797,s0.492231,s34.479228
020_2,s0.458878,s0.65531,s347.407842
020_3,s0.369948,s-0.2562,s301.022519
020_4,s-0.404414,s-0.294023,s128.840276
020_5,s0.834052,s-0.454816,s262.731028
020_6,s-0.184418,s-0.778454,s224.38473
020_7,s0.819507,s0.480529,s278.525991
020_8,s-0.836532,s0.331986,s27.229171
020_9,s0.973831,s-1.005809,s247.702628
020_10,s-1.028382,s-0.949964,s213.937165
020_11,s-1.046449,s-0.086287,s57.453197
020_12,s0.705015,s1.491795,s17.209855
020_13,s0.254261,s-1.529003,s197.311675
020_14,s-1.353793,s-0.645945,s76.43608
020_15,s-1.456944,s0.661298,s83.771924
020_16,s-0.740772,s1.361527,s111.270673
020_17,s0.97787,s1.001884,s297.463483
020_18,s-0.629273,s1.739688,s1.553225
020_19,s-1.680577,s-1.084278,s101.500223
021_0,s0.0,s0.0,s61.458974
021_1,s-0.087797,s0.492231,s34.479228
021_2,s0.458878,s0.65531,s347.407842
021_3,s0.369948,s-0.2562,s301.022519
021_4,s-0.404414,s-0.294023,s128.840276
021_5,s0.834052,s-0.454816,s262.731028
021_6,s-0.184418,s-0.778454,s224.38473
021_7,s0.819507,s0.480529,s278.525991
021_8,s-0.836532,s0.331986,s27.229171
021_9,s0.973831,s-1.005809,s247.702628
021_10,s-1.028382,s-0.949964,s213.937165
021_11,s-1.046449,s-0.086287,s57.453197
021_12,s0.705015,s1.491795,s17.209855
021_13,s0.254261,s-1.529003,s197.311675
021_14,s-1.353793,s-0.645945,s76.43608
021_15,s-1.456944,s0.661298,s83.771924
021_16,s-0.740772,s1.361527,s111.270673
021_17,s0.97787,s1.001884,s297.463483
021_18,s-0.629273,s1.739688,s1.553225
021_19,s-1.680577,s-1.084278,s101.500223
021_20,s1.623048,s-0.778277,s209.278812
022_0,s0.0,s0.0,s61.458974
022_1,s-0.087797,s0.492231,s34.479228
022_2,s0.458878,s0.65531,s347.407842
022_3,s0.369948,s-0.2562,s301.022519
022_4,s-0.404414,s-0.294023,s128.840276
022_5,s0.834052,s-0.454816,s262.731028
022_6,s-0.184418,s-0.778454,s224.38473
022_7,s0.819507,s0.480529,s278.525991
022_8,s-0.836532,s0.331986,s27.229171
022_9,s0.973831,s-1.005809,s247.702628
022_10,s-1.028382,s-0.949964,s213.937165
022_11,s-1.046449,s-0.086287,s57.453197
022_12,s0.705015,s1.491795,s17.209855
022_13,s0.254261,s-1.529003,s197.311675
022_14,s-1.353793,s-0.645945,s76.43608
022_15,s-1.456944,s0.661298,s83.771924
022_16,s-0.740772,s1.361527,s111.270673
022_17,s0.97787,s1.001884,s297.463483
022_18,s-0.629273,s1.739688,s1.553225
022_19,s-1.680577,s-1.084278,s101.500223
022_20,s1.623048,s-0.778277,s209.278812
022_21,s-0.833751,s-1.817927,s218.161732
023_0,s0.0,s0.0,s61.458974
023_1,s-0.087797,s0.492231,s34.479228
023_2,s0.458878,s0.65531,s347.407842
023_3,s0.369948,s-0.2562,s301.022519
023_4,s-0.404414,s-0.294023,s128.840276
023_5,s0.834052,s-0.454816,s262.731028
023_6,s-0.184418,s-0.778454,s224.38473
023_7,s0.819507,s0.480529,s278.525991
023_8,s-0.836532,s0.331986,s27.229171
023_9,s0.973831,s-1.005809,s247.702628
023_10,s-1.028382,s-0.949964,s213.937165
023_11,s-1.046449,s-0.086287,s57.453197
023_12,s0.705015,s1.491795,s17.209855
023_13,s0.254261,s-1.529003,s197.311675
023_14,s-1.353793,s-0.645945,s76.43608
023_15,s-1.456944,s0.661298,s83.771924
023_16,s-0.740772,s1.361527,s111.270673
023_17,s0.97787,s1.001884,s297.463483
023_18,s-0.629273,s1.739688,s1.553225
023_19,s-1.680577,s-1.084278,s101.500223
023_20,s1.623048,s-0.778277,s209.278812
023_21,s-0.833751,s-1.817927,s218.161732
023_22,s-1.916349,s1.179028,s111.169023
024_0,s0.0,s0.0,s61.458974
024_1,s-0.087797,s0.492231,s34.479228
024_2,s0.458878,s0.65531,s347.407842
024_3,s0.369948,s-0.2562,s301.022519
024_4,s-0.404414,s-0.294023,s128.840276
024_5,s0.834052,s-0.454816,s262.731028
024_6,s-0.184418,s-0.778454,s224.38473
024_7,s0.819507,s0.480529,s278.525991
024_8,s-0.836532,s0.331986,s27.229171
024_9,s0.973831,s-1.005809,s247.702628
024_10,s-1.028382,s-0.949964,s213.937165
024_11,s-1.046449,s-0.086287,s57.453197
024_12,s0.705015,s1.491795,s17.209855
024_13,s0.254261,s-1.529003,s197.311675
024_14,s-1.353793,s-0.645945,s76.43608
024_15,s-1.456944,s0.661298,s83.771924
024_16,s-0.740772,s1.361527,s111.270673
024_17,s0.97787,s1.001884,s297.463483
024_18,s-0.629273,s1.739688,s1.553225
024_19,s-1.680577,s-1.084278,s101.500223
024_20,s1.623048,s-0.778277,s209.278812
024_21,s-0.833751,s-1.817927,s218.161732
024_22,s-1.916349,s1.179028,s111.169023
024_23,s-1.280872,s1.536023,s66.434036
025_0,s0.0,s0.0,s61.458974
025_1,s-0.087797,s0.492231,s34.479228
025_2,s0.458878,s0.65531,s347.407842
025_3,s0.369948,s-0.2562,s301.022519
025_4,s-0.404414,s-0.294023,s128.840276
025_5,s0.834052,s-0.454816,s262.731028
025_6,s-0.184418,s-0.778454,s224.38473
025_7,s0.819507,s0.480529,s278.525991
025_8,s-0.836532,s0.331986,s27.229171
025_9,s0.973831,s-1.005809,s247.702628
025_10,s-1.028382,s-0.949964,s213.937165
025_11,s-1.046449,s-0.086287,s57.453197
025_12,s0.705015,s1.491795,s17.209855
025_13,s0.254261,s-1.529003,s197.311675
025_14,s-1.353793,s-0.645945,s76.43608
025_15,s-1.456944,s0.661298,s83.771924
025_16,s-0.740772,s1.361527,s111.270673
025_17,s0.97787,s1.001884,s297.463483
025_18,s-0.629273,s1.739688,s1.553225
025_19,s-1.680577,s-1.084278,s101.500223
025_20,s1.623048,s-0.778277,s209.278812
025_21,s-0.833751,s-1.817927,s218.161732
025_22,s-1.916349,s1.179028,s111.169023
025_23,s-1.280872,s1.536023,s66.434036
025_24,s1.613792,s1.638803,s55.371005
026_0,s0.0,s0.0,s61.458974
026_1,s-0.087797,s0.492231,s34.479228
026_2,s0.458878,s0.65531,s347.407842
026_3,s0.369948,s-0.2562,s301.022519
026_4,s-0.404414,s-0.294023,s128.840276
026_5,s0.834052,s-0.454816,s262.731028
026_6,s-0.184418,s-0.778454,s224.38473
026_7,s0.819507,s0.480529,s278.525991
026_8,s-0.836532,s0.331986,s27.229171
026_9,s0.973831,s-1.005809,s247.702628
026_10,s-1.028382,s-0.949964,s213.937165
026_11,s-1.046449,s-0.086287,s57.453197
026_12,s0.705015,s1.491795,s17.209855
026_13,s0.254261,s-1.529003,s197.311675
026_14,s-1.353793,s-0.645945,s76.43608
026_15,s-1.456944,s0.661298,s83.771924
026_16,s-0.740772,s1.361527,s111.270673
026_17,s0.97787,s1.001884,s297.463483
026_18,s-0.629273,s1.739688,s1.553225
026_19,s-1.680577,s-1.084278,s101.500223
026_20,s1.623048,s-0.778277,s209.278812
026_21,s-0.833751,s-1.817927,s218.161732
026_22,s-1.916349,s1.179028,s111.169023
026_23,s-1.280872,s1.536023,s66.434036
026_24,s1.613792,s1.638803,s55.371005
026_25,s1.522809,s0.289055,s216.067609
027_0,s0.0,s0.0,s61.458974
027_1,s-0.087797,s0.492231,s34.479228
027_2,s0.458878,s0.65531,s347.407842
027_3,s0.369948,s-0.2562,s301.022519
027_4,s-0.404414,s-0.294023,s128.840276
027_5,s0.834052,s-0.454816,s262.731028
027_6,s-0.184418,s-0.778454,s224.38473
027_7,s0.819507,s0.480529,s278.525991
027_8,s-0.836532,s0.331986,s27.229171
027_9,s0.973831,s-1.005809,s247.702628
027_10,s-1.028382,s-0.949964,s213.937165
027_11,s-1.046449,s-0.086287,s57.453197
027_12,s0.705015,s1.491795,s17.209855
027_13,s0.254261,s-1.529003,s197.311675
027_14,s-1.353793,s-0.645945,s76.43608
027_15,s-1.456944,s0.661298,s83.771924
027_16,s-0.740772,s1.361527,s111.270673
027_17,s0.97787,s1.001884,s297.463483
027_18,s-0.629273,s1.739688,s1.553225
027_19,s-1.680577,s-1.084278,s101.500223
027_20,s1.623048,s-0.778277,s209.278812
027_21,s-0.833751,s-1.817927,s218.161732
027_22,s-1.916349,s1.179028,s111.169023
027_23,s-1.280872,s1.536023,s66.434036
027_24,s1.613792,s1.638803,s55.371005
027_25,s1.522809,s0.289055,s216.067609
027_26,s0.468313,s2.404825,s40.113282
028_0,s0.0,s0.0,s61.458974
028_1,s-0.087797,s0.492231,s34.479228
028_2,s0.458878,s0.65531,s347.407842
028_3,s0.369948,s-0.2562,s301.022519
028_4,s-0.404414,s-0.294023,s128.840276
028_5,s0.834052,s-0.454816,s262.731028
028_6,s-0.184418,s-0.778454,s224.38473
028_7,s0.819507,s0.480529,s278.525991
028_8,s-0.836532,s0.331986,s27.229171
028_9,s0.973831,s-1.005809,s247.702628
028_10,s-1.028382,s-0.949964,s213.937165
028_11,s-1.046449,s-0.086287,s57.453197
028_12,s0.705015,s1.491795,s17.209855
028_13,s0.254261,s-1.529003,s197.311675
028_14,s-1.353793,s-0.645945,s76.43608
028_15,s-1.456944,s0.661298,s83.771924
028_16,s-0.740772,s1.361527,s111.270673
028_17,s0.97787,s1.001884,s297.463483
028_18,s-0.629273,s1.739688,s1.553225
028_19,s-1.680577,s-1.084278,s101.500223
028_20,s1.623048,s-0.778277,s209.278812
028_21,s-0.833751,s-1.817927,s218.161732
028_22,s-1.916349,s1.179028,s111.169023
028_23,s-1.280872,s1.536023,s66.434036
028_24,s1.613792,s1.638803,s55.371005
028_25,s1.522809,s0.289055,s216.067609
028_26,s0.468313,s2.404825,s40.113282
028_27,s0.69866,s-1.874,s299.844059
029_0,s0.0,s0.0,s61.458974
029_1,s-0.087797,s0.492231,s34.479228
029_2,s0.458878,s0.65531,s347.407842
029_3,s0.369948,s-0.2562,s301.022519
029_4,s-0.404414,s-0.294023,s128.840276
029_5,s0.834052,s-0.454816,s262.731028
029_6,s-0.184418,s-0.778454,s224.38473
029_7,s0.819507,s0.480529,s278.525991
029_8,s-0.836532,s0.331986,s27.229171
029_9,s0.973831,s-1.005809,s247.702628
029_10,s-1.028382,s-0.949964,s213.937165
029_11,s-1.046449,s-0.086287,s57.453197
029_12,s0.705015,s1.491795,s17.209855
029_13,s0.254261,s-1.529003,s197.311675
029_14,s-1.353793,s-0.645945,s76.43608
029_15,s-1.456944,s0.661298,s83.771924
029_16,s-0.740772,s1.361527,s111.270673
029_17,s0.97787,s1.001884,s297.463483
029_18,s-0.629273,s1.739688,s1.553225
029_19,s-1.680577,s-1.084278,s101.500223
029_20,s1.623048,s-0.778277,s209.278812
029_21,s-0.833751,s-1.817927,s218.161732
029_22,s-1.916349,s1.179028,s111.169023
029_23,s-1.280872,s1.536023,s66.434036
029_24,s1.613792,s1.638803,s55.371005
029_25,s1.522809,s0.289055,s216.067609
029_26,s0.468313,s2.404825,s40.113282
029_27,s0.69866,s-1.874,s299.844059
029_28,s-1.377234,s-1.650978,s85.32734
030_0,s0.0,s0.0,s61.458974
030_1,s-0.087797,s0.492231,s34.479228
030_2,s0.458878,s0.65531,s347.407842
030_3,s0.369948,s-0.2562,s301.022519
030_4,s-0.404414,s-0.294023,s128.840276
030_5,s0.834052,s-0.454816,s262.731028
030_6,s-0.184418,s-0.778454,s224.38473
030_7,s0.819507,s0.480529,s278.525991
030_8,s-0.836532,s0.331986,s27.229171
030_9,s0.973831,s-1.005809,s247.702628
030_10,s-1.028382,s-0.949964,s213.937165
030_11,s-1.046449,s-0.086287,s57.453197
030_12,s0.705015,s1.491795,s17.209855
030_13,s0.254261,s-1.529003,s197.311675
030_14,s-1.353793,s-0.645945,s76.43608
030_15,s-1.456944,s0.661298,s83.771924
030_16,s-0.740772,s1.361527,s111.270673
030_17,s0.97787,s1.001884,s297.463483
030_18,s-0.629273,s1.739688,s1.553225
030_19,s-1.680577,s-1.084278,s101.500223
030_20,s1.623048,s-0.778277,s209.278812
030_21,s-0.833751,s-1.817927,s218.161732
030_22,s-1.916349,s1.179028,s111.169023
030_23,s-1.280872,s1.536023,s66.434036
030_24,s1.613792,s1.638803,s55.371005
030_25,s1.522809,s0.289055,s216.067609
030_26,s0.468313,s2.404825,s40.113282
030_27,s0.69866,s-1.874,s299.844059
030_28,s-1.377234,s-1.650978,s85.32734
030_29,s2.021313,s0.732662,s236.361939
031_0,s0.0,s0.0,s61.458974
031_1,s-0.087797,s0.492231,s34.479228
031_2,s0.458878,s0.65531,s347.407842
031_3,s0.369948,s-0.2562,s301.022519
031_4,s-0.404414,s-0.294023,s128.840276
031_5,s0.834052,s-0.454816,s262.731028
031_6,s-0.184418,s-0.778454,s224.38473
031_7,s0.819507,s0.480529,s278.525991
031_8,s-0.836532,s0.331986,s27.229171
031_9,s0.973831,s-1.005809,s247.702628
031_10,s-1.028382,s-0.949964,s213.937165
031_11,s-1.046449,s-0.086287,s57.453197
031_12,s0.705015,s1.491795,s17.209855
031_13,s0.254261,s-1.529003,s197.311675
031_14,s-1.353793,s-0.645945,s76.43608
031_15,s-1.456944,s0.661298,s83.771924
031_16,s-0.740772,s1.361527,s111.270673
031_17,s0.97787,s1.001884,s297.463483
031_18,s-0.629273,s1.739688,s1.553225
031_19,s-1.680577,s-1.084278,s101.500223
031_20,s1.623048,s-0.778277,s209.278812
031_21,s-0.833751,s-1.817927,s218.161732
031_22,s-1.916349,s1.179028,s111.169023
031_23,s-1.280872,s1.536023,s66.434036
031_24,s1.613792,s1.638803,s55.371005
031_25,s1.522809,s0.289055,s216.067609
031_26,s0.468313,s2.404825,s40.113282
031_27,s0.69866,s-1.874,s299.844059
031_28,s-1.377234,s-1.650978,s85.32734
031_29,s2.021313,s0.732662,s236.361939
031_30,s-1.197927,s-2.137164,s183.096492
032_0,s0.0,s0.0,s61.458974
032_1,s-0.087797,s0.492231,s34.479228
032_2,s0.458878,s0.65531,s347.407842
032_3,s0.369948,s-0.2562,s301.022519
032_4,s-0.404414,s-0.294023,s128.840276
032_5,s0.834052,s-0.454816,s262.731028
032_6,s-0.184418,s-0.778454,s224.38473
032_7,s0.819507,s0.480529,s278.525991
032_8,s-0.836532,s0.331986,s27.229171
032_9,s0.973831,s-1.005809,s247.702628
032_10,s-1.028382,s-0.949964,s213.937165
032_11,s-1.046449,s-0.086287,s57.453197
032_12,s0.705015,s1.491795,s17.209855
032_13,s0.254261,s-1.529003,s197.311675
032_14,s-1.353793,s-0.645945,s76.43608
032_15,s-1.456944,s0.661298,s83.771924
032_16,s-0.740772,s1.361527,s111.270673
032_17,s0.97787,s1.001884,s297.463483
032_18,s-0.629273,s1.739688,s1.553225
032_19,s-1.680577,s-1.084278,s101.500223
032_20,s1.623048,s-0.778277,s209.278812
032_21,s-0.833751,s-1.817927,s218.161732
032_22,s-1.916349,s1.179028,s111.169023
032_23,s-1.280872,s1.536023,s66.434036
032_24,s1.613792,s1.638803,s55.371005
032_25,s1.522809,s0.289055,s216.067609
032_26,s0.468313,s2.404825,s40.113282
032_27,s0.69866,s-1.874,s299.844059
032_28,s-1.377234,s-1.650978,s85.32734
032_29,s2.021313,s0.732662,s236.361939
032_30,s-1.197927,s-2.137164,s183.096492
032_31,s-0.802746,s-2.577906,s217.550163
033_0,s0.0,s0.0,s61.458974
033_1,s-0.087797,s0.492231,s34.479228
033_2,s0.458878,s0.65531,s347.407842
033_3,s0.369948,s-0.2562,s301.022519
033_4,s-0.404414,s-0.294023,s128.840276
033_5,s0.834052,s-0.454816,s262.731028
033_6,s-0.184418,s-0.778454,s224.38473
033_7,s0.819507,s0.480529,s278.525991
033_8,s-0.836532,s0.331986,s27.229171
033_9,s0.973831,s-1.005809,s247.702628
033_10,s-1.028382,s-0.949964,s213.937165
033_11,s-1.046449,s-0.086287,s57.453197
033_12,s0.705015,s1.491795,s17.209855
033_13,s0.254261,s-1.529003,s197.311675
033_14,s-1.353793,s-0.645945,s76.43608
033_15,s-1.456944,s0.661298,s83.771924
033_16,s-0.740772,s1.361527,s111.270673
033_17,s0.97787,s1.001884,s297.463483
033_18,s-0.629273,s1.739688,s1.553225
033_19,s-1.680577,s-1.084278,s101.500223
033_20,s1.623048,s-0.778277,s209.278812
033_21,s-0.833751,s-1.817927,s218.161732
033_22,s-1.916349,s1.179028,s111.169023
033_23,s-1.280872,s1.536023,s66.434036
033_24,s1.613792,s1.638803,s55.371005
033_25,s1.522809,s0.289055,s216.067609
033_26,s0.468313,s2.404825,s40.113282
033_27,s0.69866,s-1.874,s299.844059
033_28,s-1.377234,s-1.650978,s85.32734
033_29,s2.021313,s0.732662,s236.361939
033_30,s-1.197927,s-2.137164,s183.096492
033_31,s-0.802746,s-2.577906,s217.550163
033_32,s0.922671,s-2.269621,s146.629322
034_0,s0.0,s0.0,s61.458974
034_1,s-0.087797,s0.492231,s34.479228
034_2,s0.458878,s0.65531,s347.407842
034_3,s0.369948,s-0.2562,s301.022519
034_4,s-0.404414,s-0.294023,s128.840276
034_5,s0.834052,s-0.454816,s262.731028
034_6,s-0.184418,s-0.778454,s224.38473
034_7,s0.819507,s0.480529,s278.525991
034_8,s-0.836532,s0.331986,s27.229171
034_9,s0.973831,s-1.005809,s247.702628
034_10,s-1.028382,s-0.949964,s213.937165
034_11,s-1.046449,s-0.086287,s57.453197
034_12,s0.705015,s1.491795,s17.209855
034_13,s0.254261,s-1.529003,s197.311675
034_14,s-1.353793,s-0.645945,s76.43608
034_15,s-1.456944,s0.661298,s83.771924
034_16,s-0.740772,s1.361527,s111.270673
034_17,s0.97787,s1.001884,s297.463483
034_18,s-0.629273,s1.739688,s1.553225
034_19,s-1.680577,s-1.084278,s101.500223
034_20,s1.623048,s-0.778277,s209.278812
034_21,s-0.833751,s-1.817927,s218.161732
034_22,s-1.916349,s1.179028,s111.169023
034_23,s-1.280872,s1.536023,s66.434036
034_24,s1.613792,s1.638803,s55.371005
034_25,s1.522809,s0.289055,s216.067609
034_26,s0.468313,s2.404825,s40.113282
034_27,s0.69866,s-1.874,s299.844059
034_28,s-1.377234,s-1.650978,s85.32734
034_29,s2.021313,s0.732662,s236.361939
034_30,s-1.197927,s-2.137164,s183.096492
034_31,s-0.802746,s-2.577906,s217.550163
034_32,s0.922671,s-2.269621,s146.629322
034_33,s2.137907,s-0.848146,s297.113569
035_0,s0.0,s0.0,s61.458974
035_1,s-0.087797,s0.492231,s34.479228
035_2,s0.458878,s0.65531,s347.407842
035_3,s0.369948,s-0.2562,s301.022519
035_4,s-0.404414,s-0.294023,s128.840276
035_5,s0.834052,s-0.454816,s262.731028
035_6,s-0.184418,s-0.778454,s224.38473
035_7,s0.819507,s0.480529,s278.525991
035_8,s-0.836532,s0.331986,s27.229171
035_9,s0.973831,s-1.005809,s247.702628
035_10,s-1.028382,s-0.949964,s213.937165
035_11,s-1.046449,s-0.086287,s57.453197
035_12,s0.705015,s1.491795,s17.209855
035_13,s0.254261,s-1.529003,s197.311675
035_14,s-1.353793,s-0.645945,s76.43608
035_15,s-1.456944,s0.661298,s83.771924
035_16,s-0.740772,s1.361527,s111.270673
035_17,s0.97787,s1.001884,s297.463483
035_18,s-0.629273,s1.739688,s1.553225
035_19,s-1.680577,s-1.084278,s101.500223
035_20,s1.623048,s-0.778277,s209.278812
035_21,s-0.833751,s-1.817927,s218.161732
035_22,s-1.916349,s1.179028,s111.169023
035_23,s-1.280872,s1.536023,s66.434036
035_24,s1.613792,s1.638803,s55.371005
035_25,s1.522809,s0.289055,s216.067609
035_26,s0.468313,s2.404825,s40.113282
035_27,s0.69866,s-1.874,s299.844059
035_28,s-1.377234,s-1.650978,s85.32734
035_29,s2.021313,s0.732662,s236.361939
035_30,s-1.197927,s-2.137164,s183.096492
035_31,s-0.802746,s-2.577906,s217.550163
035_32,s0.922671,s-2.269621,s146.629322
035_33,s2.137907,s-0.848146,s297.113569
035_34,s-2.360949,s-0.431182,s73.976505
036_0,s0.0,s0.0,s61.458974
036_1,s-0.087797,s0.492231,s34.479228
036_2,s0.458878,s0.65531,s347.407842
036_3,s0.369948,s-0.2562,s301.022519
036_4,s-0.404414,s-0.294023,s128.840276
036_5,s0.834052,s-0.454816,s262.731028
036_6,s-0.184418,s-0.778454,s224.38473
036_7,s0.819507,s0.480529,s278.525991
036_8,s-0.836532,s0.331986,s27.229171
036_9,s0.973831,s-1.005809,s247.702628
036_10,s-1.028382,s-0.949964,s213.937165
036_11,s-1.046449,s-0.086287,s57.453197
036_12,s0.705015,s1.491795,s17.209855
036_13,s0.254261,s-1.529003,s197.311675
036_14,s-1.353793,s-0.645945,s76.43608
036_15,s-1.456944,s0.661298,s83.771924
036_16,s-0.740772,s1.361527,s111.270673
036_17,s0.97787,s1.001884,s297.463483
036_18,s-0.629273,s1.739688,s1.553225
036_19,s-1.680577,s-1.084278,s101.500223
036_20,s1.623048,s-0.778277,s209.278812
036_21,s-0.833751,s-1.817927,s218.161732
036_22,s-1.916349,s1.179028,s111.169023
036_23,s-1.280872,s1.536023,s66.434036
036_24,s1.613792,s1.638803,s55.371005
036_25,s1.522809,s0.289055,s216.067609
036_26,s0.468313,s2.404825,s40.113282
036_27,s0.69866,s-1.874,s299.844059
036_28,s-1.377234,s-1.650978,s85.32734
036_29,s2.021313,s0.732662,s236.361939
036_30,s-1.197927,s-2.137164,s183.096492
036_31,s-0.802746,s-2.577906,s217.550163
036_32,s0.922671,s-2.269621,s146.629322
036_33,s2.137907,s-0.848146,s297.113569
036_34,s-2.360949,s-0.431182,s73.976505
036_35,s1.488701,s-1.818315,s164.330764
037_0,s0.0,s0.0,s61.458974
037_1,s-0.087797,s0.492231,s34.479228
037_2,s0.458878,s0.65531,s347.407842
037_3,s0.369948,s-0.2562,s301.022519
037_4,s-0.404414,s-0.294023,s128.840276
037_5,s0.834052,s-0.454816,s262.731028
037_6,s-0.184418,s-0.778454,s224.38473
037_7,s0.819507,s0.480529,s278.525991
037_8,s-0.836532,s0.331986,s27.229171
037_9,s0.973831,s-1.005809,s247.702628
037_10,s-1.028382,s-0.949964,s213.937165
037_11,s-1.046449,s-0.086287,s57.453197
037_12,s0.705015,s1.491795,s17.209855
037_13,s0.254261,s-1.529003,s197.311675
037_14,s-1.353793,s-0.645945,s76.43608
037_15,s-1.456944,s0.661298,s83.771924
037_16,s-0.740772,s1.361527,s111.270673
037_17,s0.97787,s1.001884,s297.463483
037_18,s-0.629273,s1.739688,s1.553225
037_19,s-1.680577,s-1.084278,s101.500223
037_20,s1.623048,s-0.778277,s209.278812
037_21,s-0.833751,s-1.817927,s218.161732
037_22,s-1.916349,s1.179028,s111.169023
037_23,s-1.280872,s1.536023,s66.434036
037_24,s1.613792,s1.638803,s55.371005
037_25,s1.522809,s0.289055,s216.067609
037_26,s0.468313,s2.404825,s40.113282
037_27,s0.69866,s-1.874,s299.844059
037_28,s-1.377234,s-1.650978,s85.32734
037_29,s2.021313,s0.732662,s236.361939
037_30,s-1.197927,s-2.137164,s183.096492
037_31,s-0.802746,s-2.577906,s217.550163
037_32,s0.922671,s-2.269621,s146.629322
037_33,s2.137907,s-0.848146,s297.113569
037_34,s-2.360949,s-0.431182,s73.976505
037_35,s1.488701,s-1.818315,s164.330764
037_36,s-1.012541,s2.285774,s29.456702
038_0,s0.0,s0.0,s61.458974
038_1,s-0.087797,s0.492231,s34.479228
038_2,s0.458878,s0.65531,s347.407842
038_3,s0.369948,s-0.2562,s301.022519
038_4,s-0.404414,s-0.294023,s128.840276
038_5,s0.834052,s-0.454816,s262.731028
038_6,s-0.184418,s-0.778454,s224.38473
038_7,s0.819507,s0.480529,s278.525991
038_8,s-0.836532,s0.331986,s27.229171
038_9,s0.973831,s-1.005809,s247.702628
038_10,s-1.028382,s-0.949964,s213.937165
038_11,s-1.046449,s-0.086287,s57.453197
038_12,s0.705015,s1.491795,s17.209855
038_13,s0.254261,s-1.529003,s197.311675
038_14,s-1.353793,s-0.645945,s76.43608
038_15,s-1.456944,s0.661298,s83.771924
038_16,s-0.740772,s1.361527,s111.270673
038_17,s0.97787,s1.001884,s297.463483
038_18,s-0.629273,s1.739688,s1.553225
038_19,s-1.680577,s-1.084278,s101.500223
038_20,s1.623048,s-0.778277,s209.278812
038_21,s-0.833751,s-1.817927,s218.161732
038_22,s-1.916349,s1.179028,s111.169023
038_23,s-1.280872,s1.536023,s66.434036
038_24,s1.613792,s1.638803,s55.371005
038_25,s1.522809,s0.289055,s216.067609
038_26,s0.468313,s2.404825,s40.113282
038_27,s0.69866,s-1.874,s299.844059
038_28,s-1.377234,s-1.650978,s85.32734
038_29,s2.021313,s0.732662,s236.361939
038_30,s-1.197927,s-2.137164,s183.096492
038_31,s-0.802746,s-2.577906,s217.550163
038_32,s0.922671,s-2.269621,s146.629322
038_33,s2.137907,s-0.848146,s297.113569
038_34,s-2.360949,s-0.431182,s73.976505
038_35,s1.488701,s-1.818315,s164.330764
038_36,s-1.012541,s2.285774,s29.456702
038_37,s-2.124458,s1.666337,s88.150672
039_0,s0.0,s0.0,s61.458974
039_1,s-0.087797,s0.492231,s34.479228
039_2,s0.458878,s0.65531,s347.407842
039_3,s0.369948,s-0.2562,s301.022519
039_4,s-0.404414,s-0.294023,s128.840276
039_5,s0.834052,s-0.454816,s262.731028
039_6,s-0.184418,s-0.778454,s224.38473
039_7,s0.819507,s0.480529,s278.525991
039_8,s-0.836532,s0.331986,s27.229171
039_9,s0.973831,s-1.005809,s247.702628
039_10,s-1.028382,s-0.949964,s213.937165
039_11,s-1.046449,s-0.086287,s57.453197
039_12,s0.705015,s1.491795,s17.209855
039_13,s0.254261,s-1.529003,s197.311675
039_14,s-1.353793,s-0.645945,s76.43608
039_15,s-1.456944,s0.661298,s83.771924
039_16,s-0.740772,s1.361527,s111.270673
039_17,s0.97787,s1.001884,s297.463483
039_18,s-0.629273,s1.739688,s1.553225
039_19,s-1.680577,s-1.084278,s101.500223
039_20,s1.623048,s-0.778277,s209.278812
039_21,s-0.833751,s-1.817927,s218.161732
039_22,s-1.916349,s1.179028,s111.169023
039_23,s-1.280872,s1.536023,s66.434036
039_24,s1.613792,s1.638803,s55.371005
039_25,s1.522809,s0.289055,s216.067609
039_26,s0.468313,s2.404825,s40.113282
039_27,s0.69866,s-1.874,s299.844059
039_28,s-1.377234,s-1.650978,s85.32734
039_29,s2.021313,s0.732662,s236.361939
039_30,s-1.197927,s-2.137164,s183.096492
039_31,s-0.802746,s-2.577906,s217.550163
039_32,s0.922671,s-2.269621,s146.629322
039_33,s2.137907,s-0.848146,s297.113569
039_34,s-2.360949,s-0.431182,s73.976505
039_35,s1.488701,s-1.818315,s164.330764
039_36,s-1.012541,s2.285774,s29.456702
039_37,s-2.124458,s1.666337,s88.150672
039_38,s-1.519058,s2.292371,s101.756916
040_0,s0.0,s0.0,s61.458974
040_1,s-0.087797,s0.492231,s34.479228
040_2,s0.458878,s0.65531,s347.407842
040_3,s0.369948,s-0.2562,s301.022519
040_4,s-0.404414,s-0.294023,s128.840276
040_5,s0.834052,s-0.454816,s262.731028
040_6,s-0.184418,s-0.778454,s224.38473
040_7,s0.819507,s0.480529,s278.525991
040_8,s-0.836532,s0.331986,s27.229171
040_9,s0.973831,s-1.005809,s247.702628
040_10,s-1.028382,s-0.949964,s213.937165
040_11,s-1.046449,s-0.086287,s57.453197
040_12,s0.705015,s1.491795,s17.209855
040_13,s0.254261,s-1.529003,s197.311675
040_14,s-1.353793,s-0.645945,s76.43608
040_15,s-1.456944,s0.661298,s83.771924
040_16,s-0.740772,s1.361527,s111.270673
040_17,s0.97787,s1.001884,s297.463483
040_18,s-0.629273,s1.739688,s1.553225
040_19,s-1.680577,s-1.084278,s101.500223
040_20,s1.623048,s-0.778277,s209.278812
040_21,s-0.833751,s-1.817927,s218.161732
040_22,s-1.916349,s1.179028,s111.169023
040_23,s-1.280872,s1.536023,s66.434036
040_24,s1.613792,s1.638803,s55.371005
040_25,s1.522809,s0.289055,s216.067609
040_26,s0.468313,s2.404825,s40.113282
040_27,s0.69866,s-1.874,s299.844059
040_28,s-1.377234,s-1.650978,s85.32734
040_29,s2.021313,s0.732662,s236.361939
040_30,s-1.197927,s-2.137164,s183.096492
040_31,s-0.802746,s-2.577906,s217.550163
040_32,s0.922671,s-2.269621,s146.629322
040_33,s2.137907,s-0.848146,s297.113569
040_34,s-2.360949,s-0.431182,s73.976505
040_35,s1.488701,s-1.818315,s164.330764
040_36,s-1.012541,s2.285774,s29.456702
040_37,s-2.124458,s1.666337,s88.150672
040_38,s-1.519058,s2.292371,s101.756916
040_39,s2.016567,s1.30133,s0.723876
041_0,s0.0,s0.0,s61.458974
041_1,s-0.087797,s0.492231,s34.479228
041_2,s0.458878,s0.65531,s347.407842
041_3,s0.369948,s-0.2562,s301.022519
041_4,s-0.404414,s-0.294023,s128.840276
041_5,s0.834052,s-0.454816,s262.731028
041_6,s-0.184418,s-0.778454,s224.38473
041_7,s0.819507,s0.480529,s278.525991
041_8,s-0.836532,s0.331986,s27.229171
041_9,s0.973831,s-1.005809,s247.702628
041_10,s-1.028382,s-0.949964,s213.937165
041_11,s-1.046449,s-0.086287,s57.453197
041_12,s0.705015,s1.491795,s17.209855
041_13,s0.254261,s-1.529003,s197.311675
041_14,s-1.353793,s-0.645945,s76.43608
041_15,s-1.456944,s0.661298,s83.771924
041_16,s-0.740772,s1.361527,s111.270673
041_17,s0.97787,s1.001884,s297.463483
041_18,s-0.629273,s1.739688,s1.553225
041_19,s-1.680577,s-1.084278,s101.500223
041_20,s1.623048,s-0.778277,s209.278812
041_21,s-0.833751,s-1.817927,s218.161732
041_22,s-1.916349,s1.179028,s111.169023
041_23,s-1.280872,s1.536023,s66.434036
041_24,s1.613792,s1.638803,s55.371005
041_25,s1.522809,s0.289055,s216.067609
041_26,s0.468313,s2.404825,s40.113282
041_27,s0.69866,s-1.874,s299.844059
041_28,s-1.377234,s-1.650978,s85.32734
041_29,s2.021313,s0.732662,s236.361939
041_30,s-1.197927,s-2.137164,s183.096492
041_31,s-0.802746,s-2.577906,s217.550163
041_32,s0.922671,s-2.269621,s146.629322
041_33,s2.137907,s-0.848146,s297.113569
041_34,s-2.360949,s-0.431182,s73.976505
041_35,s1.488701,s-1.818315,s164.330764
041_36,s-1.012541,s2.285774,s29.456702
041_37,s-2.124458,s1.666337,s88.150672
041_38,s-1.519058,s2.292371,s101.756916
041_39,s2.016567,s1.30133,s0.723876
041_40,s1.10743,s2.296976,s15.110186
042_0,s0.0,s0.0,s61.458974
042_1,s-0.087797,s0.492231,s34.479228
042_2,s0.458878,s0.65531,s347.407842
042_3,s0.369948,s-0.2562,s301.022519
042_4,s-0.404414,s-0.294023,s128.840276
042_5,s0.834052,s-0.454816,s262.731028
042_6,s-0.184418,s-0.778454,s224.38473
042_7,s0.819507,s0.480529,s278.525991
042_8,s-0.836532,s0.331986,s27.229171
042_9,s0.973831,s-1.005809,s247.702628
042_10,s-1.028382,s-0.949964,s213.937165
042_11,s-1.046449,s-0.086287,s57.453197
042_12,s0.705015,s1.491795,s17.209855
042_13,s0.254261,s-1.529003,s197.311675
042_14,s-1.353793,s-0.645945,s76.43608
042_15,s-1.456944,s0.661298,s83.771924
042_16,s-0.740772,s1.361527,s111.270673
042_17,s0.97787,s1.001884,s297.463483
042_18,s-0.629273,s1.739688,s1.553225
042_19,s-1.680577,s-1.084278,s101.500223
042_20,s1.623048,s-0.778277,s209.278812
042_21,s-0.833751,s-1.817927,s218.161732
042_22,s-1.916349,s1.179028,s111.169023
042_23,s-1.280872,s1.536023,s66.434036
042_24,s1.613792,s1.638803,s55.371005
042_25,s1.522809,s0.289055,s216.067609
042_26,s0.468313,s2.404825,s40.113282
042_27,s0.69866,s-1.874,s299.844059
042_28,s-1.377234,s-1.650978,s85.32734
042_29,s2.021313,s0.732662,s236.361939
042_30,s-1.197927,s-2.137164,s183.096492
042_31,s-0.802746,s-2.577906,s217.550163
042_32,s0.922671,s-2.269621,s146.629322
042_33,s2.137907,s-0.848146,s297.113569
042_34,s-2.360949,s-0.431182,s73.976505
042_35,s1.488701,s-1.818315,s164.330764
042_36,s-1.012541,s2.285774,s29.456702
042_37,s-2.124458,s1.666337,s88.150672
042_38,s-1.519058,s2.292371,s101.756916
042_39,s2.016567,s1.30133,s0.723876
042_40,s1.10743,s2.296976,s15.110186
042_41,s2.490596,s1.042561,s288.869752
043_0,s0.0,s0.0,s61.458974
043_1,s-0.087797,s0.492231,s34.479228
043_2,s0.458878,s0.65531,s347.407842
043_3,s0.369948,s-0.2562,s301.022519
043_4,s-0.404414,s-0.294023,s128.840276
043_5,s0.834052,s-0.454816,s262.731028
043_6,s-0.184418,s-0.778454,s224.38473
043_7,s0.819507,s0.480529,s278.525991
043_8,s-0.836532,s0.331986,s27.229171
043_9,s0.973831,s-1.005809,s247.702628
043_10,s-1.028382,s-0.949964,s213.937165
043_11,s-1.046449,s-0.086287,s57.453197
043_12,s0.705015,s1.491795,s17.209855
043_13,s0.254261,s-1.529003,s197.311675
043_14,s-1.353793,s-0.645945,s76.43608
043_15,s-1.456944,s0.661298,s83.771924
043_16,s-0.740772,s1.361527,s111.270673
043_17,s0.97787,s1.001884,s297.463483
043_18,s-0.629273,s1.739688,s1.553225
043_19,s-1.680577,s-1.084278,s101.500223
043_20,s1.623048,s-0.778277,s209.278812
043_21,s-0.833751,s-1.817927,s218.161732
043_22,s-1.916349,s1.179028,s111.169023
043_23,s-1.280872,s1.536023,s66.434036
043_24,s1.613792,s1.638803,s55.371005
043_25,s1.522809,s0.289055,s216.067609
043_26,s0.468313,s2.404825,s40.113282
043_27,s0.69866,s-1.874,s299.844059
043_28,s-1.377234,s-1.650978,s85.32734
043_29,s2.021313,s0.732662,s236.361939
043_30,s-1.197927,s-2.137164,s183.096492
043_31,s-0.802746,s-2.577906,s217.550163
043_32,s0.922671,s-2.269621,s146.629322
043_33,s2.137907,s-0.848146,s297.113569
043_34,s-2.360949,s-0.431182,s73.976505
043_35,s1.488701,s-1.818315,s164.330764
043_36,s-1.012541,s2.285774,s29.456702
043_37,s-2.124458,s1.666337,s88.150672
043_38,s-1.519058,s2.292371,s101.756916
043_39,s2.016567,s1.30133,s0.723876
043_40,s1.10743,s2.296976,s15.110186
043_41,s2.490596,s1.042561,s288.869752
043_42,s-0.484167,s2.554522,s358.622905
044_0,s0.0,s0.0,s61.458974
044_1,s-0.087797,s0.492231,s34.479228
044_2,s0.458878,s0.65531,s347.407842
044_3,s0.369948,s-0.2562,s301.022519
044_4,s-0.404414,s-0.294023,s128.840276
044_5,s0.834052,s-0.454816,s262.731028
044_6,s-0.184418,s-0.778454,s224.38473
044_7,s0.819507,s0.480529,s278.525991
044_8,s-0.836532,s0.331986,s27.229171
044_9,s0.973831,s-1.005809,s247.702628
044_10,s-1.028382,s-0.949964,s213.937165
044_11,s-1.046449,s-0.086287,s57.453197
044_12,s0.705015,s1.491795,s17.209855
044_13,s0.254261,s-1.529003,s197.311675
044_14,s-1.353793,s-0.645945,s76.43608
044_15,s-1.456944,s0.661298,s83.771924
044_16,s-0.740772,s1.361527,s111.270673
044_17,s0.97787,s1.001884,s297.463483
044_18,s-0.629273,s1.739688,s1.553225
044_19,s-1.680577,s-1.084278,s101.500223
044_20,s1.623048,s-0.778277,s209.278812
044_21,s-0.833751,s-1.817927,s218.161732
044_22,s-1.916349,s1.179028,s111.169023
044_23,s-1.280872,s1.536023,s66.434036
044_24,s1.613792,s1.638803,s55.371005
044_25,s1.522809,s0.289055,s216.067609
044_26,s0.468313,s2.404825,s40.113282
044_27,s0.69866,s-1.874,s299.844059
044_28,s-1.377234,s-1.650978,s85.32734
044_29,s2.021313,s0.732662,s236.361939
044_30,s-1.197927,s-2.137164,s183.096492
044_31,s-0.802746,s-2.577906,s217.550163
044_32,s0.922671,s-2.269621,s146.629322
044_33,s2.137907,s-0.848146,s297.113569
044_34,s-2.360949,s-0.431182,s73.976505
044_35,s1.488701,s-1.818315,s164.330764
044_36,s-1.012541,s2.285774,s29.456702
044_37,s-2.124458,s1.666337,s88.150672
044_38,s-1.519058,s2.292371,s101.756916
044_39,s2.016567,s1.30133,s0.723876
044_40,s1.10743,s2.296976,s15.110186
044_41,s2.490596,s1.042561,s288.869752
044_42,s-0.484167,s2.554522,s358.622905
044_43,s-2.90154,s0.762278,s3.688647
045_0,s0.0,s0.0,s61.458974
045_1,s-0.087797,s0.492231,s34.479228
045_2,s0.458878,s0.65531,s347.407842
045_3,s0.369948,s-0.2562,s301.022519
045_4,s-0.404414,s-0.294023,s128.840276
045_5,s0.834052,s-0.454816,s262.731028
045_6,s-0.184418,s-0.778454,s224.38473
045_7,s0.819507,s0.480529,s278.525991
045_8,s-0.836532,s0.331986,s27.229171
045_9,s0.973831,s-1.005809,s247.702628
045_10,s-1.028382,s-0.949964,s213.937165
045_11,s-1.046449,s-0.086287,s57.453197
045_12,s0.705015,s1.491795,s17.209855
045_13,s0.254261,s-1.529003,s197.311675
045_14,s-1.353793,s-0.645945,s76.43608
045_15,s-1.456944,s0.661298,s83.771924
045_16,s-0.740772,s1.361527,s111.270673
045_17,s0.97787,s1.001884,s297.463483
045_18,s-0.629273,s1.739688,s1.553225
045_19,s-1.680577,s-1.084278,s101.500223
045_20,s1.623048,s-0.778277,s209.278812
045_21,s-0.833751,s-1.817927,s218.161732
045_22,s-1.916349,s1.179028,s111.169023
045_23,s-1.280872,s1.536023,s66.434036
045_24,s1.613792,s1.638803,s55.371005
045_25,s1.522809,s0.289055,s216.067609
045_26,s0.468313,s2.404825,s40.113282
045_27,s0.69866,s-1.874,s299.844059
045_28,s-1.377234,s-1.650978,s85.32734
045_29,s2.021313,s0.732662,s236.361939
045_30,s-1.197927,s-2.137164,s183.096492
045_31,s-0.802746,s-2.577906,s217.550163
045_32,s0.922671,s-2.269621,s146.629322
045_33,s2.137907,s-0.848146,s297.113569
045_34,s-2.360949,s-0.431182,s73.976505
045_35,s1.488701,s-1.818315,s164.330764
045_36,s-1.012541,s2.285774,s29.456702
045_37,s-2.124458,s1.666337,s88.150672
045_38,s-1.519058,s2.292371,s101.756916
045_39,s2.016567,s1.30133,s0.723876
045_40,s1.10743,s2.296976,s15.110186
045_41,s2.490596,s1.042561,s288.869752
045_42,s-0.484167,s2.554522,s358.622905
045_43,s-2.90154,s0.762278,s3.688647
045_44,s2.109286,s-1.764486,s306.21191
046_0,s0.0,s0.0,s61.458974
046_1,s-0.087797,s0.492231,s34.479228
046_2,s0.458878,s0.65531,s347.407842
046_3,s0.369948,s-0.2562,s301.022519
046_4,s-0.404414,s-0.294023,s128.840276
046_5,s0.834052,s-0.454816,s262.731028
046_6,s-0.184418,s-0.778454,s224.38473
046_7,s0.819507,s0.480529,s278.525991
046_8,s-0.836532,s0.331986,s27.229171
046_9,s0.973831,s-1.005809,s247.702628
046_10,s-1.028382,s-0.949964,s213.937165
046_11,s-1.046449,s-0.086287,s57.453197
046_12,s0.705015,s1.491795,s17.209855
046_13,s0.254261,s-1.529003,s197.311675
046_14,s-1.353793,s-0.645945,s76.43608
046_15,s-1.456944,s0.661298,s83.771924
046_16,s-0.740772,s1.361527,s111.270673
046_17,s0.97787,s1.001884,s297.463483
046_18,s-0.629273,s1.739688,s1.553225
046_19,s-1.680577,s-1.084278,s101.500223
046_20,s1.623048,s-0.778277,s209.278812
046_21,s-0.833751,s-1.817927,s218.161732
046_22,s-1.916349,s1.179028,s111.169023
046_23,s-1.280872,s1.536023,s66.434036
046_24,s1.613792,s1.638803,s55.371005
046_25,s1.522809,s0.289055,s216.067609
046_26,s0.468313,s2.404825,s40.113282
046_27,s0.69866,s-1.874,s299.844059
046_28,s-1.377234,s-1.650978,s85.32734
046_29,s2.021313,s0.732662,s236.361939
046_30,s-1.197927,s-2.137164,s183.096492
046_31,s-0.802746,s-2.577906,s217.550163
046_32,s0.922671,s-2.269621,s146.629322
046_33,s2.137907,s-0.848146,s297.113569
046_34,s-2.360949,s-0.431182,s73.976505
046_35,s1.488701,s-1.818315,s164.330764
046_36,s-1.012541,s2.285774,s29.456702
046_37,s-2.124458,s1.666337,s88.150672
046_38,s-1.519058,s2.292371,s101.756916
046_39,s2.016567,s1.30133,s0.723876
046_40,s1.10743,s2.296976,s15.110186
046_41,s2.490596,s1.042561,s288.869752
046_42,s-0.484167,s2.554522,s358.622905
046_43,s-2.90154,s0.762278,s3.688647
046_44,s2.109286,s-1.764486,s306.21191
046_45,s-1.886577,s-2.000832,s210.02924
047_0,s0.0,s0.0,s61.458974
047_1,s-0.087797,s0.492231,s34.479228
047_2,s0.458878,s0.65531,s347.407842
047_3,s0.369948,s-0.2562,s301.022519
047_4,s-0.404414,s-0.294023,s128.840276
047_5,s0.834052,s-0.454816,s262.731028
047_6,s-0.184418,s-0.778454,s224.38473
047_7,s0.819507,s0.480529,s278.525991
047_8,s-0.836532,s0.331986,s27.229171
047_9,s0.973831,s-1.005809,s247.702628
047_10,s-1.028382,s-0.949964,s213.937165
047_11,s-1.046449,s-0.086287,s57.453197
047_12,s0.705015,s1.491795,s17.209855
047_13,s0.254261,s-1.529003,s197.311675
047_14,s-1.353793,s-0.645945,s76.43608
047_15,s-1.456944,s0.661298,s83.771924
047_16,s-0.740772,s1.361527,s111.270673
047_17,s0.97787,s1.001884,s297.463483
047_18,s-0.629273,s1.739688,s1.553225
047_19,s-1.680577,s-1.084278,s101.500223
047_20,s1.623048,s-0.778277,s209.278812
047_21,s-0.833751,s-1.817927,s218.161732
047_22,s-1.916349,s1.179028,s111.169023
047_23,s-1.280872,s1.536023,s66.434036
047_24,s1.613792,s1.638803,s55.371005
047_25,s1.522809,s0.289055,s216.067609
047_26,s0.468313,s2.404825,s40.113282
047_27,s0.69866,s-1.874,s299.844059
047_28,s-1.377234,s-1.650978,s85.32734
047_29,s2.021313,s0.732662,s236.361939
047_30,s-1.197927,s-2.137164,s183.096492
047_31,s-0.802746,s-2.577906,s217.550163
047_32,s0.922671,s-2.269621,s146.629322
047_33,s2.137907,s-0.848146,s297.113569
047_34,s-2.360949,s-0.431182,s73.976505
047_35,s1.488701,s-1.818315,s164.330764
047_36,s-1.012541,s2.285774,s29.456702
047_37,s-2.124458,s1.666337,s88.150672
047_38,s-1.519058,s2.292371,s101.756916
047_39,s2.016567,s1.30133,s0.723876
047_40,s1.10743,s2.296976,s15.110186
047_41,s2.490596,s1.042561,s288.869752
047_42,s-0.484167,s2.554522,s358.622905
047_43,s-2.90154,s0.762278,s3.688647
047_44,s2.109286,s-1.764486,s306.21191
047_45,s-1.886577,s-2.000832,s210.02924
047_46,s1.397116,s2.767321,s326.568391
048_0,s0.0,s0.0,s61.458974
048_1,s-0.087797,s0.492231,s34.479228
048_2,s0.458878,s0.65531,s347.407842
048_3,s0.369948,s-0.2562,s301.022519
048_4,s-0.404414,s-0.294023,s128.840276
048_5,s0.834052,s-0.454816,s262.731028
048_6,s-0.184418,s-0.778454,s224.38473
048_7,s0.819507,s0.480529,s278.525991
048_8,s-0.836532,s0.331986,s27.229171
048_9,s0.973831,s-1.005809,s247.702628
048_10,s-1.028382,s-0.949964,s213.937165
048_11,s-1.046449,s-0.086287,s57.453197
048_12,s0.705015,s1.491795,s17.209855
048_13,s0.254261,s-1.529003,s197.311675
048_14,s-1.353793,s-0.645945,s76.43608
048_15,s-1.456944,s0.661298,s83.771924
048_16,s-0.740772,s1.361527,s111.270673
048_17,s0.97787,s1.001884,s297.463483
048_18,s-0.629273,s1.739688,s1.553225
048_19,s-1.680577,s-1.084278,s101.500223
048_20,s1.623048,s-0.778277,s209.278812
048_21,s-0.833751,s-1.817927,s218.161732
048_22,s-1.916349,s1.179028,s111.169023
048_23,s-1.280872,s1.536023,s66.434036
048_24,s1.613792,s1.638803,s55.371005
048_25,s1.522809,s0.289055,s216.067609
048_26,s0.468313,s2.404825,s40.113282
048_27,s0.69866,s-1.874,s299.844059
048_28,s-1.377234,s-1.650978,s85.32734
048_29,s2.021313,s0.732662,s236.361939
048_30,s-1.197927,s-2.137164,s183.096492
048_31,s-0.802746,s-2.577906,s217.550163
048_32,s0.922671,s-2.269621,s146.629322
048_33,s2.137907,s-0.848146,s297.113569
048_34,s-2.360949,s-0.431182,s73.976505
048_35,s1.488701,s-1.818315,s164.330764
048_36,s-1.012541,s2.285774,s29.456702
048_37,s-2.124458,s1.666337,s88.150672
048_38,s-1.519058,s2.292371,s101.756916
048_39,s2.016567,s1.30133,s0.723876
048_40,s1.10743,s2.296976,s15.110186
048_41,s2.490596,s1.042561,s288.869752
048_42,s-0.484167,s2.554522,s358.622905
048_43,s-2.90154,s0.762278,s3.688647
048_44,s2.109286,s-1.764486,s306.21191
048_45,s-1.886577,s-2.000832,s210.02924
048_46,s1.397116,s2.767321,s326.568391
048_47,s-2.577456,s-1.329181,s167.508644
049_0,s0.0,s0.0,s61.458974
049_1,s-0.087797,s0.492231,s34.479228
049_2,s0.458878,s0.65531,s347.407842
049_3,s0.369948,s-0.2562,s301.022519
049_4,s-0.404414,s-0.294023,s128.840276
049_5,s0.834052,s-0.454816,s262.731028
049_6,s-0.184418,s-0.778454,s224.38473
049_7,s0.819507,s0.480529,s278.525991
049_8,s-0.836532,s0.331986,s27.229171
049_9,s0.973831,s-1.005809,s247.702628
049_10,s-1.028382,s-0.949964,s213.937165
049_11,s-1.046449,s-0.086287,s57.453197
049_12,s0.705015,s1.491795,s17.209855
049_13,s0.254261,s-1.529003,s197.311675
049_14,s-1.353793,s-0.645945,s76.43608
049_15,s-1.456944,s0.661298,s83.771924
049_16,s-0.740772,s1.361527,s111.270673
049_17,s0.97787,s1.001884,s297.463483
049_18,s-0.629273,s1.739688,s1.553225
049_19,s-1.680577,s-1.084278,s101.500223
049_20,s1.623048,s-0.778277,s209.278812
049_21,s-0.833751,s-1.817927,s218.161732
049_22,s-1.916349,s1.179028,s111.169023
049_23,s-1.280872,s1.536023,s66.434036
049_24,s1.613792,s1.638803,s55.371005
049_25,s1.522809,s0.289055,s216.067609
049_26,s0.468313,s2.404825,s40.113282
049_27,s0.69866,s-1.874,s299.844059
049_28,s-1.377234,s-1.650978,s85.32734
049_29,s2.021313,s0.732662,s236.361939
049_30,s-1.197927,s-2.137164,s183.096492
049_31,s-0.802746,s-2.577906,s217.550163
049_32,s0.922671,s-2.269621,s146.629322
049_33,s2.137907,s-0.848146,s297.113569
049_34,s-2.360949,s-0.431182,s73.976505
049_35,s1.488701,s-1.818315,s164.330764
049_36,s-1.012541,s2.285774,s29.456702
049_37,s-2.124458,s1.666337,s88.150672
049_38,s-1.519058,s2.292371,s101.756916
049_39,s2.016567,s1.30133,s0.723876
049_40,s1.10743,s2.296976,s15.110186
049_41,s2.490596,s1.042561,s288.869752
049_42,s-0.484167,s2.554522,s358.622905
049_43,s-2.90154,s0.762278,s3.688647
049_44,s2.109286,s-1.764486,s306.21191
049_45,s-1.886577,s-2.000832,s210.02924
049_46,s1.397116,s2.767321,s326.568391
049_47,s-2.577456,s-1.329181,s167.508644
049_48,s1.969621,s-2.196154,s152.980053
050_0,s0.0,s0.0,s61.458974
050_1,s-0.087797,s0.492231,s34.479228
050_2,s0.458878,s0.65531,s347.407842
050_3,s0.369948,s-0.2562,s301.022519
050_4,s-0.404414,s-0.294023,s128.840276
050_5,s0.834052,s-0.454816,s262.731028
050_6,s-0.184418,s-0.778454,s224.38473
050_7,s0.819507,s0.480529,s278.525991
050_8,s-0.836532,s0.331986,s27.229171
050_9,s0.973831,s-1.005809,s247.702628
050_10,s-1.028382,s-0.949964,s213.937165
050_11,s-1.046449,s-0.086287,s57.453197
050_12,s0.705015,s1.491795,s17.209855
050_13,s0.254261,s-1.529003,s197.311675
050_14,s-1.353793,s-0.645945,s76.43608
050_15,s-1.456944,s0.661298,s83.771924
050_16,s-0.740772,s1.361527,s111.270673
050_17,s0.97787,s1.001884,s297.463483
050_18,s-0.629273,s1.739688,s1.553225
050_19,s-1.680577,s-1.084278,s101.500223
050_20,s1.623048,s-0.778277,s209.278812
050_21,s-0.833751,s-1.817927,s218.161732
050_22,s-1.916349,s1.179028,s111.169023
050_23,s-1.280872,s1.536023,s66.434036
050_24,s1.613792,s1.638803,s55.371005
050_25,s1.522809,s0.289055,s216.067609
050_26,s0.468313,s2.404825,s40.113282
050_27,s0.69866,s-1.874,s299.844059
050_28,s-1.377234,s-1.650978,s85.32734
050_29,s2.021313,s0.732662,s236.361939
050_30,s-1.197927,s-2.137164,s183.096492
050_31,s-0.802746,s-2.577906,s217.550163
050_32,s0.922671,s-2.269621,s146.629322
050_33,s2.137907,s-0.848146,s297.113569
050_34,s-2.360949,s-0.431182,s73.976505
050_35,s1.488701,s-1.818315,s164.330764
050_36,s-1.012541,s2.285774,s29.456702
050_37,s-2.124458,s1.666337,s88.150672
050_38,s-1.519058,s2.292371,s101.756916
050_39,s2.016567,s1.30133,s0.723876
050_40,s1.10743,s2.296976,s15.110186
050_41,s2.490596,s1.042561,s288.869752
050_42,s-0.484167,s2.554522,s358.622905
050_43,s-2.90154,s0.762278,s3.688647
050_44,s2.109286,s-1.764486,s306.21191
050_45,s-1.886577,s-2.000832,s210.02924
050_46,s1.397116,s2.767321,s326.568391
050_47,s-2.577456,s-1.329181,s167.508644
050_48,s1.969621,s-2.196154,s152.980053
050_49,s2.056015,s2.184674,s24.162355
051_0,s0.0,s0.0,s61.458974
051_1,s-0.087797,s0.492231,s34.479228
051_2,s0.458878,s0.65531,s347.407842
051_3,s0.369948,s-0.2562,s301.022519
051_4,s-0.404414,s-0.294023,s128.840276
051_5,s0.834052,s-0.454816,s262.731028
051_6,s-0.184418,s-0.778454,s224.38473
051_7,s0.819507,s0.480529,s278.525991
051_8,s-0.836532,s0.331986,s27.229171
051_9,s0.973831,s-1.005809,s247.702628
051_10,s-1.028382,s-0.949964,s213.937165
051_11,s-1.046449,s-0.086287,s57.453197
051_12,s0.705015,s1.491795,s17.209855
051_13,s0.254261,s-1.529003,s197.311675
051_14,s-1.353793,s-0.645945,s76.43608
051_15,s-1.456944,s0.661298,s83.771924
051_16,s-0.740772,s1.361527,s111.270673
051_17,s0.97787,s1.001884,s297.463483
051_18,s-0.629273,s1.739688,s1.553225
051_19,s-1.680577,s-1.084278,s101.500223
051_20,s1.623048,s-0.778277,s209.278812
051_21,s-0.833751,s-1.817927,s218.161732
051_22,s-1.916349,s1.179028,s111.169023
051_23,s-1.280872,s1.536023,s66.434036
051_24,s1.613792,s1.638803,s55.371005
051_25,s1.522809,s0.289055,s216.067609
051_26,s0.468313,s2.404825,s40.113282
051_27,s0.69866,s-1.874,s299.844059
051_28,s-1.377234,s-1.650978,s85.32734
051_29,s2.021313,s0.732662,s236.361939
051_30,s-1.197927,s-2.137164,s183.096492
051_31,s-0.802746,s-2.577906,s217.550163
051_32,s0.922671,s-2.269621,s146.629322
051_33,s2.137907,s-0.848146,s297.113569
051_34,s-2.360949,s-0.431182,s73.976505
051_35,s1.488701,s-1.818315,s164.330764
051_36,s-1.012541,s2.285774,s29.456702
051_37,s-2.124458,s1.666337,s88.150672
051_38,s-1.519058,s2.292371,s101.756916
051_39,s2.016567,s1.30133,s0.723876
051_40,s1.10743,s2.296976,s15.110186
051_41,s2.490596,s1.042561,s288.869752
051_42,s-0.484167,s2.554522,s358.622905
051_43,s-2.90154,s0.762278,s3.688647
051_44,s2.109286,s-1.764486,s306.21191
051_45,s-1.886577,s-2.000832,s210.02924
051_46,s1.397116,s2.767321,s326.568391
051_47,s-2.577456,s-1.329181,s167.508644
051_48,s1.969621,s-2.196154,s152.980053
051_49,s2.056015,s2.184674,s24.162355
051_50,s2.829427,s0.341819,s327.874672
052_0,s0.0,s0.0,s61.458974
052_1,s-0.087797,s0.492231,s34.479228
052_2,s0.458878,s0.65531,s347.407842
052_3,s0.369948,s-0.2562,s301.022519
052_4,s-0.404414,s-0.294023,s128.840276
052_5,s0.834052,s-0.454816,s262.731028
052_6,s-0.184418,s-0.778454,s224.38473
052_7,s0.819507,s0.480529,s278.525991
052_8,s-0.836532,s0.331986,s27.229171
052_9,s0.973831,s-1.005809,s247.702628
052_10,s-1.028382,s-0.949964,s213.937165
052_11,s-1.046449,s-0.086287,s57.453197
052_12,s0.705015,s1.491795,s17.209855
052_13,s0.254261,s-1.529003,s197.311675
052_14,s-1.353793,s-0.645945,s76.43608
052_15,s-1.456944,s0.661298,s83.771924
052_16,s-0.740772,s1.361527,s111.270673
052_17,s0.97787,s1.001884,s297.463483
052_18,s-0.629273,s1.739688,s1.553225
052_19,s-1.680577,s-1.084278,s101.500223
052_20,s1.623048,s-0.778277,s209.278812
052_21,s-0.833751,s-1.817927,s218.161732
052_22,s-1.916349,s1.179028,s111.169023
052_23,s-1.280872,s1.536023,s66.434036
052_24,s1.613792,s1.638803,s55.371005
052_25,s1.522809,s0.289055,s216.067609
052_26,s0.468313,s2.404825,s40.113282
052_27,s0.69866,s-1.874,s299.844059
052_28,s-1.377234,s-1.650978,s85.32734
052_29,s2.021313,s0.732662,s236.361939
052_30,s-1.197927,s-2.137164,s183.096492
052_31,s-0.802746,s-2.577906,s217.550163
052_32,s0.922671,s-2.269621,s146.629322
052_33,s2.137907,s-0.848146,s297.113569
052_34,s-2.360949,s-0.431182,s73.976505
052_35,s1.488701,s-1.818315,s164.330764
052_36,s-1.012541,s2.285774,s29.456702
052_37,s-2.124458,s1.666337,s88.150672
052_38,s-1.519058,s2.292371,s101.756916
052_39,s2.016567,s1.30133,s0.723876
052_40,s1.10743,s2.296976,s15.110186
052_41,s2.490596,s1.042561,s288.869752
052_42,s-0.484167,s2.554522,s358.622905
052_43,s-2.90154,s0.762278,s3.688647
052_44,s2.109286,s-1.764486,s306.21191
052_45,s-1.886577,s-2.000832,s210.02924
052_46,s1.397116,s2.767321,s326.568391
052_47,s-2.577456,s-1.329181,s167.508644
052_48,s1.969621,s-2.196154,s152.980053
052_49,s2.056015,s2.184674,s24.162355
052_50,s2.829427,s0.341819,s327.874672
052_51,s1.213886,s-2.852452,s111.28805
053_0,s0.0,s0.0,s61.458974
053_1,s-0.087797,s0.492231,s34.479228
053_2,s0.458878,s0.65531,s347.407842
053_3,s0.369948,s-0.2562,s301.022519
053_4,s-0.404414,s-0.294023,s128.840276
053_5,s0.834052,s-0.454816,s262.731028
053_6,s-0.184418,s-0.778454,s224.38473
053_7,s0.819507,s0.480529,s278.525991
053_8,s-0.836532,s0.331986,s27.229171
053_9,s0.973831,s-1.005809,s247.702628
053_10,s-1.028382,s-0.949964,s213.937165
053_11,s-1.046449,s-0.086287,s57.453197
053_12,s0.705015,s1.491795,s17.209855
053_13,s0.254261,s-1.529003,s197.311675
053_14,s-1.353793,s-0.645945,s76.43608
053_15,s-1.456944,s0.661298,s83.771924
053_16,s-0.740772,s1.361527,s111.270673
053_17,s0.97787,s1.001884,s297.463483
053_18,s-0.629273,s1.739688,s1.553225
053_19,s-1.680577,s-1.084278,s101.500223
053_20,s1.623048,s-0.778277,s209.278812
053_21,s-0.833751,s-1.817927,s218.161732
053_22,s-1.916349,s1.179028,s111.169023
053_23,s-1.280872,s1.536023,s66.434036
053_24,s1.613792,s1.638803,s55.371005
053_25,s1.522809,s0.289055,s216.067609
053_26,s0.468313,s2.404825,s40.113282
053_27,s0.69866,s-1.874,s299.844059
053_28,s-1.377234,s-1.650978,s85.32734
053_29,s2.021313,s0.732662,s236.361939
053_30,s-1.197927,s-2.137164,s183.096492
053_31,s-0.802746,s-2.577906,s217.550163
053_32,s0.922671,s-2.269621,s146.629322
053_33,s2.137907,s-0.848146,s297.113569
053_34,s-2.360949,s-0.431182,s73.976505
053_35,s1.488701,s-1.818315,s164.330764
053_36,s-1.012541,s2.285774,s29.456702
053_37,s-2.124458,s1.666337,s88.150672
053_38,s-1.519058,s2.292371,s101.756916
053_39,s2.016567,s1.30133,s0.723876
053_40,s1.10743,s2.296976,s15.110186
053_41,s2.490596,s1.042561,s288.869752
053_42,s-0.484167,s2.554522,s358.622905
053_43,s-2.90154,s0.762278,s3.688647
053_44,s2.109286,s-1.764486,s306.21191
053_45,s-1.886577,s-2.000832,s210.02924
053_46,s1.397116,s2.767321,s326.568391
053_47,s-2.577456,s-1.329181,s167.508644
053_48,s1.969621,s-2.196154,s152.980053
053_49,s2.056015,s2.184674,s24.162355
053_50,s2.829427,s0.341819,s327.874672
053_51,s1.213886,s-2.852452,s111.28805
053_52,s-2.549588,s2.015466,s27.523502
054_0,s0.0,s0.0,s61.458974
054_1,s-0.087797,s0.492231,s34.479228
054_2,s0.458878,s0.65531,s347.407842
054_3,s0.369948,s-0.2562,s301.022519
054_4,s-0.404414,s-0.294023,s128.840276
054_5,s0.834052,s-0.454816,s262.731028
054_6,s-0.184418,s-0.778454,s224.38473
054_7,s0.819507,s0.480529,s278.525991
054_8,s-0.836532,s0.331986,s27.229171
054_9,s0.973831,s-1.005809,s247.702628
054_10,s-1.028382,s-0.949964,s213.937165
054_11,s-1.046449,s-0.086287,s57.453197
054_12,s0.705015,s1.491795,s17.209855
054_13,s0.254261,s-1.529003,s197.311675
054_14,s-1.353793,s-0.645945,s76.43608
054_15,s-1.456944,s0.661298,s83.771924
054_16,s-0.740772,s1.361527,s111.270673
054_17,s0.97787,s1.001884,s297.463483
054_18,s-0.629273,s1.739688,s1.553225
054_19,s-1.680577,s-1.084278,s101.500223
054_20,s1.623048,s-0.778277,s209.278812
054_21,s-0.833751,s-1.817927,s218.161732
054_22,s-1.916349,s1.179028,s111.169023
054_23,s-1.280872,s1.536023,s66.434036
054_24,s1.613792,s1.638803,s55.371005
054_25,s1.522809,s0.289055,s216.067609
054_26,s0.468313,s2.404825,s40.113282
054_27,s0.69866,s-1.874,s299.844059
054_28,s-1.377234,s-1.650978,s85.32734
054_29,s2.021313,s0.732662,s236.361939
054_30,s-1.197927,s-2.137164,s183.096492
054_31,s-0.802746,s-2.577906,s217.550163
054_32,s0.922671,s-2.269621,s146.629322
054_33,s2.137907,s-0.848146,s297.113569
054_34,s-2.360949,s-0.431182,s73.976505
054_35,s1.488701,s-1.818315,s164.330764
054_36,s-1.012541,s2.285774,s29.456702
054_37,s-2.124458,s1.666337,s88.150672
054_38,s-1.519058,s2.292371,s101.756916
054_39,s2.016567,s1.30133,s0.723876
054_40,s1.10743,s2.296976,s15.110186
054_41,s2.490596,s1.042561,s288.869752
054_42,s-0.484167,s2.554522,s358.622905
054_43,s-2.90154,s0.762278,s3.688647
054_44,s2.109286,s-1.764486,s306.21191
054_45,s-1.886577,s-2.000832,s210.02924
054_46,s1.397116,s2.767321,s326.568391
054_47,s-2.577456,s-1.329181,s167.508644
054_48,s1.969621,s-2.196154,s152.980053
054_49,s2.056015,s2.184674,s24.162355
054_50,s2.829427,s0.341819,s327.874672
054_51,s1.213886,s-2.852452,s111.28805
054_52,s-2.549588,s2.015466,s27.523502
054_53,s2.389854,s1.729479,s318.209469
055_0,s0.0,s0.0,s61.458974
055_1,s-0.087797,s0.492231,s34.479228
055_2,s0.458878,s0.65531,s347.407842
055_3,s0.369948,s-0.2562,s301.022519
055_4,s-0.404414,s-0.294023,s128.840276
055_5,s0.834052,s-0.454816,s262.731028
055_6,s-0.184418,s-0.778454,s224.38473
055_7,s0.819507,s0.480529,s278.525991
055_8,s-0.836532,s0.331986,s27.229171
055_9,s0.973831,s-1.005809,s247.702628
055_10,s-1.028382,s-0.949964,s213.937165
055_11,s-1.046449,s-0.086287,s57.453197
055_12,s0.705015,s1.491795,s17.209855
055_13,s0.254261,s-1.529003,s197.311675
055_14,s-1.353793,s-0.645945,s76.43608
055_15,s-1.456944,s0.661298,s83.771924
055_16,s-0.740772,s1.361527,s111.270673
055_17,s0.97787,s1.001884,s297.463483
055_18,s-0.629273,s1.739688,s1.553225
055_19,s-1.680577,s-1.084278,s101.500223
055_20,s1.623048,s-0.778277,s209.278812
055_21,s-0.833751,s-1.817927,s218.161732
055_22,s-1.916349,s1.179028,s111.169023
055_23,s-1.280872,s1.536023,s66.434036
055_24,s1.613792,s1.638803,s55.371005
055_25,s1.522809,s0.289055,s216.067609
055_26,s0.468313,s2.404825,s40.113282
055_27,s0.69866,s-1.874,s299.844059
055_28,s-1.377234,s-1.650978,s85.32734
055_29,s2.021313,s0.732662,s236.361939
055_30,s-1.197927,s-2.137164,s183.096492
055_31,s-0.802746,s-2.577906,s217.550163
055_32,s0.922671,s-2.269621,s146.629322
055_33,s2.137907,s-0.848146,s297.113569
055_34,s-2.360949,s-0.431182,s73.976505
055_35,s1.488701,s-1.818315,s164.330764
055_36,s-1.012541,s2.285774,s29.456702
055_37,s-2.124458,s1.666337,s88.150672
055_38,s-1.519058,s2.292371,s101.756916
055_39,s2.016567,s1.30133,s0.723876
055_40,s1.10743,s2.296976,s15.110186
055_41,s2.490596,s1.042561,s288.869752
055_42,s-0.484167,s2.554522,s358.622905
055_43,s-2.90154,s0.762278,s3.688647
055_44,s2.109286,s-1.764486,s306.21191
055_45,s-1.886577,s-2.000832,s210.02924
055_46,s1.397116,s2.767321,s326.568391
055_47,s-2.577456,s-1.329181,s167.508644
055_48,s1.969621,s-2.196154,s152.980053
055_49,s2.056015,s2.184674,s24.162355
055_50,s2.829427,s0.341819,s327.874672
055_51,s1.213886,s-2.852452,s111.28805
055_52,s-2.549588,s2.015466,s27.523502
055_53,s2.389854,s1.729479,s318.209469
055_54,s0.298641,s-3.186034,s44.057785
056_0,s0.0,s0.0,s61.458974
056_1,s-0.087797,s0.492231,s34.479228
056_2,s0.458878,s0.65531,s347.407842
056_3,s0.369948,s-0.2562,s301.022519
056_4,s-0.404414,s-0.294023,s128.840276
056_5,s0.834052,s-0.454816,s262.731028
056_6,s-0.184418,s-0.778454,s224.38473
056_7,s0.819507,s0.480529,s278.525991
056_8,s-0.836532,s0.331986,s27.229171
056_9,s0.973831,s-1.005809,s247.702628
056_10,s-1.028382,s-0.949964,s213.937165
056_11,s-1.046449,s-0.086287,s57.453197
056_12,s0.705015,s1.491795,s17.209855
056_13,s0.254261,s-1.529003,s197.311675
056_14,s-1.353793,s-0.645945,s76.43608
056_15,s-1.456944,s0.661298,s83.771924
056_16,s-0.740772,s1.361527,s111.270673
056_17,s0.97787,s1.001884,s297.463483
056_18,s-0.629273,s1.739688,s1.553225
056_19,s-1.680577,s-1.084278,s101.500223
056_20,s1.623048,s-0.778277,s209.278812
056_21,s-0.833751,s-1.817927,s218.161732
056_22,s-1.916349,s1.179028,s111.169023
056_23,s-1.280872,s1.536023,s66.434036
056_24,s1.613792,s1.638803,s55.371005
056_25,s1.522809,s0.289055,s216.067609
056_26,s0.468313,s2.404825,s40.113282
056_27,s0.69866,s-1.874,s299.844059
056_28,s-1.377234,s-1.650978,s85.32734
056_29,s2.021313,s0.732662,s236.361939
056_30,s-1.197927,s-2.137164,s183.096492
056_31,s-0.802746,s-2.577906,s217.550163
056_32,s0.922671,s-2.269621,s146.629322
056_33,s2.137907,s-0.848146,s297.113569
056_34,s-2.360949,s-0.431182,s73.976505
056_35,s1.488701,s-1.818315,s164.330764
056_36,s-1.012541,s2.285774,s29.456702
056_37,s-2.124458,s1.666337,s88.150672
056_38,s-1.519058,s2.292371,s101.756916
056_39,s2.016567,s1.30133,s0.723876
056_40,s1.10743,s2.296976,s15.110186
056_41,s2.490596,s1.042561,s288.869752
056_42,s-0.484167,s2.554522,s358.622905
056_43,s-2.90154,s0.762278,s3.688647
056_44,s2.109286,s-1.764486,s306.21191
056_45,s-1.886577,s-2.000832,s210.02924
056_46,s1.397116,s2.767321,s326.568391
056_47,s-2.577456,s-1.329181,s167.508644
056_48,s1.969621,s-2.196154,s152.980053
056_49,s2.056015,s2.184674,s24.162355
056_50,s2.829427,s0.341819,s327.874672
056_51,s1.213886,s-2.852452,s111.28805
056_52,s-2.549588,s2.015466,s27.523502
056_53,s2.389854,s1.729479,s318.209469
056_54,s0.298641,s-3.186034,s44.057785
056_55,s-3.148724,s-0.805009,s192.277539
057_0,s0.0,s0.0,s61.458974
057_1,s-0.087797,s0.492231,s34.479228
057_2,s0.458878,s0.65531,s347.407842
057_3,s0.369948,s-0.2562,s301.022519
057_4,s-0.404414,s-0.294023,s128.840276
057_5,s0.834052,s-0.454816,s262.731028
057_6,s-0.184418,s-0.778454,s224.38473
057_7,s0.819507,s0.480529,s278.525991
057_8,s-0.836532,s0.331986,s27.229171
057_9,s0.973831,s-1.005809,s247.702628
057_10,s-1.028382,s-0.949964,s213.937165
057_11,s-1.046449,s-0.086287,s57.453197
057_12,s0.705015,s1.491795,s17.209855
057_13,s0.254261,s-1.529003,s197.311675
057_14,s-1.353793,s-0.645945,s76.43608
057_15,s-1.456944,s0.661298,s83.771924
057_16,s-0.740772,s1.361527,s111.270673
057_17,s0.97787,s1.001884,s297.463483
057_18,s-0.629273,s1.739688,s1.553225
057_19,s-1.680577,s-1.084278,s101.500223
057_20,s1.623048,s-0.778277,s209.278812
057_21,s-0.833751,s-1.817927,s218.161732
057_22,s-1.916349,s1.179028,s111.169023
057_23,s-1.280872,s1.536023,s66.434036
057_24,s1.613792,s1.638803,s55.371005
057_25,s1.522809,s0.289055,s216.067609
057_26,s0.468313,s2.404825,s40.113282
057_27,s0.69866,s-1.874,s299.844059
057_28,s-1.377234,s-1.650978,s85.32734
057_29,s2.021313,s0.732662,s236.361939
057_30,s-1.197927,s-2.137164,s183.096492
057_31,s-0.802746,s-2.577906,s217.550163
057_32,s0.922671,s-2.269621,s146.629322
057_33,s2.137907,s-0.848146,s297.113569
057_34,s-2.360949,s-0.431182,s73.976505
057_35,s1.488701,s-1.818315,s164.330764
057_36,s-1.012541,s2.285774,s29.456702
057_37,s-2.124458,s1.666337,s88.150672
057_38,s-1.519058,s2.292371,s101.756916
057_39,s2.016567,s1.30133,s0.723876
057_40,s1.10743,s2.296976,s15.110186
057_41,s2.490596,s1.042561,s288.869752
057_42,s-0.484167,s2.554522,s358.622905
057_43,s-2.90154,s0.762278,s3.688647
057_44,s2.109286,s-1.764486,s306.21191
057_45,s-1.886577,s-2.000832,s210.02924
057_46,s1.397116,s2.767321,s326.568391
057_47,s-2.577456,s-1.329181,s167.508644
057_48,s1.969621,s-2.196154,s152.980053
057_49,s2.056015,s2.184674,s24.162355
057_50,s2.829427,s0.341819,s327.874672
057_51,s1.213886,s-2.852452,s111.28805
057_52,s-2.549588,s2.015466,s27.523502
057_53,s2.389854,s1.729479,s318.209469
057_54,s0.298641,s-3.186034,s44.057785
057_55,s-3.148724,s-0.805009,s192.277539
057_56,s3.010275,s1.580584,s308.518319
058_0,s0.0,s0.0,s61.458974
058_1,s-0.087797,s0.492231,s34.479228
058_2,s0.458878,s0.65531,s347.407842
058_3,s0.369948,s-0.2562,s301.022519
058_4,s-0.404414,s-0.294023,s128.840276
058_5,s0.834052,s-0.454816,s262.731028
058_6,s-0.184418,s-0.778454,s224.38473
058_7,s0.819507,s0.480529,s278.525991
058_8,s-0.836532,s0.331986,s27.229171
058_9,s0.973831,s-1.005809,s247.702628
058_10,s-1.028382,s-0.949964,s213.937165
058_11,s-1.046449,s-0.086287,s57.453197
058_12,s0.705015,s1.491795,s17.209855
058_13,s0.254261,s-1.529003,s197.311675
058_14,s-1.353793,s-0.645945,s76.43608
058_15,s-1.456944,s0.661298,s83.771924
058_16,s-0.740772,s1.361527,s111.270673
058_17,s0.97787,s1.001884,s297.463483
058_18,s-0.629273,s1.739688,s1.553225
058_19,s-1.680577,s-1.084278,s101.500223
058_20,s1.623048,s-0.778277,s209.278812
058_21,s-0.833751,s-1.817927,s218.161732
058_22,s-1.916349,s1.179028,s111.169023
058_23,s-1.280872,s1.536023,s66.434036
058_24,s1.613792,s1.638803,s55.371005
058_25,s1.522809,s0.289055,s216.067609
058_26,s0.468313,s2.404825,s40.113282
058_27,s0.69866,s-1.874,s299.844059
058_28,s-1.377234,s-1.650978,s85.32734
058_29,s2.021313,s0.732662,s236.361939
058_30,s-1.197927,s-2.137164,s183.096492
058_31,s-0.802746,s-2.577906,s217.550163
058_32,s0.922671,s-2.269621,s146.629322
058_33,s2.137907,s-0.848146,s297.113569
058_34,s-2.360949,s-0.431182,s73.976505
058_35,s1.488701,s-1.818315,s164.330764
058_36,s-1.012541,s2.285774,s29.456702
058_37,s-2.124458,s1.666337,s88.150672
058_38,s-1.519058,s2.292371,s101.756916
058_39,s2.016567,s1.30133,s0.723876
058_40,s1.10743,s2.296976,s15.110186
058_41,s2.490596,s1.042561,s288.869752
058_42,s-0.484167,s2.554522,s358.622905
058_43,s-2.90154,s0.762278,s3.688647
058_44,s2.109286,s-1.764486,s306.21191
058_45,s-1.886577,s-2.000832,s210.02924
058_46,s1.397116,s2.767321,s326.568391
058_47,s-2.577456,s-1.329181,s167.508644
058_48,s1.969621,s-2.196154,s152.980053
058_49,s2.056015,s2.184674,s24.162355
058_50,s2.829427,s0.341819,s327.874672
058_51,s1.213886,s-2.852452,s111.28805
058_52,s-2.549588,s2.015466,s27.523502
058_53,s2.389854,s1.729479,s318.209469
058_54,s0.298641,s-3.186034,s44.057785
058_55,s-3.148724,s-0.805009,s192.277539
058_56,s3.010275,s1.580584,s308.518319
058_57,s-0.499709,s-3.413618,s104.547263
059_0,s0.0,s0.0,s61.458974
059_1,s-0.087797,s0.492231,s34.479228
059_2,s0.458878,s0.65531,s347.407842
059_3,s0.369948,s-0.2562,s301.022519
059_4,s-0.404414,s-0.294023,s128.840276
059_5,s0.834052,s-0.454816,s262.731028
059_6,s-0.184418,s-0.778454,s224.38473
059_7,s0.819507,s0.480529,s278.525991
059_8,s-0.836532,s0.331986,s27.229171
059_9,s0.973831,s-1.005809,s247.702628
059_10,s-1.028382,s-0.949964,s213.937165
059_11,s-1.046449,s-0.086287,s57.453197
059_12,s0.705015,s1.491795,s17.209855
059_13,s0.254261,s-1.529003,s197.311675
059_14,s-1.353793,s-0.645945,s76.43608
059_15,s-1.456944,s0.661298,s83.771924
059_16,s-0.740772,s1.361527,s111.270673
059_17,s0.97787,s1.001884,s297.463483
059_18,s-0.629273,s1.739688,s1.553225
059_19,s-1.680577,s-1.084278,s101.500223
059_20,s1.623048,s-0.778277,s209.278812
059_21,s-0.833751,s-1.817927,s218.161732
059_22,s-1.916349,s1.179028,s111.169023
059_23,s-1.280872,s1.536023,s66.434036
059_24,s1.613792,s1.638803,s55.371005
059_25,s1.522809,s0.289055,s216.067609
059_26,s0.468313,s2.404825,s40.113282
059_27,s0.69866,s-1.874,s299.844059
059_28,s-1.377234,s-1.650978,s85.32734
059_29,s2.021313,s0.732662,s236.361939
059_30,s-1.197927,s-2.137164,s183.096492
059_31,s-0.802746,s-2.577906,s217.550163
059_32,s0.922671,s-2.269621,s146.629322
059_33,s2.137907,s-0.848146,s297.113569
059_34,s-2.360949,s-0.431182,s73.976505
059_35,s1.488701,s-1.818315,s164.330764
059_36,s-1.012541,s2.285774,s29.456702
059_37,s-2.124458,s1.666337,s88.150672
059_38,s-1.519058,s2.292371,s101.756916
059_39,s2.016567,s1.30133,s0.723876
059_40,s1.10743,s2.296976,s15.110186
059_41,s2.490596,s1.042561,s288.869752
059_42,s-0.484167,s2.554522,s358.622905
059_43,s-2.90154,s0.762278,s3.688647
059_44,s2.109286,s-1.764486,s306.21191
059_45,s-1.886577,s-2.000832,s210.02924
059_46,s1.397116,s2.767321,s326.568391
059_47,s-2.577456,s-1.329181,s167.508644
059_48,s1.969621,s-2.196154,s152.980053
059_49,s2.056015,s2.184674,s24.162355
059_50,s2.829427,s0.341819,s327.874672
059_51,s1.213886,s-2.852452,s111.28805
059_52,s-2.549588,s2.015466,s27.523502
059_53,s2.389854,s1.729479,s318.209469
059_54,s0.298641,s-3.186034,s44.057785
059_55,s-3.148724,s-0.805009,s192.277539
059_56,s3.010275,s1.580584,s308.518319
059_57,s-0.499709,s-3.413618,s104.547263
059_58,s3.134362,s-1.032365,s16.735136
060_0,s0.0,s0.0,s61.458974
060_1,s-0.087797,s0.492231,s34.479228
060_2,s0.458878,s0.65531,s347.407842
060_3,s0.369948,s-0.2562,s301.022519
060_4,s-0.404414,s-0.294023,s128.840276
060_5,s0.834052,s-0.454816,s262.731028
060_6,s-0.184418,s-0.778454,s224.38473
060_7,s0.819507,s0.480529,s278.525991
060_8,s-0.836532,s0.331986,s27.229171
060_9,s0.973831,s-1.005809,s247.702628
060_10,s-1.028382,s-0.949964,s213.937165
060_11,s-1.046449,s-0.086287,s57.453197
060_12,s0.705015,s1.491795,s17.209855
060_13,s0.254261,s-1.529003,s197.311675
060_14,s-1.353793,s-0.645945,s76.43608
060_15,s-1.456944,s0.661298,s83.771924
060_16,s-0.740772,s1.361527,s111.270673
060_17,s0.97787,s1.001884,s297.463483
060_18,s-0.629273,s1.739688,s1.553225
060_19,s-1.680577,s-1.084278,s101.500223
060_20,s1.623048,s-0.778277,s209.278812
060_21,s-0.833751,s-1.817927,s218.161732
060_22,s-1.916349,s1.179028,s111.169023
060_23,s-1.280872,s1.536023,s66.434036
060_24,s1.613792,s1.638803,s55.371005
060_25,s1.522809,s0.289055,s216.067609
060_26,s0.468313,s2.404825,s40.113282
060_27,s0.69866,s-1.874,s299.844059
060_28,s-1.377234,s-1.650978,s85.32734
060_29,s2.021313,s0.732662,s236.361939
060_30,s-1.197927,s-2.137164,s183.096492
060_31,s-0.802746,s-2.577906,s217.550163
060_32,s0.922671,s-2.269621,s146.629322
060_33,s2.137907,s-0.848146,s297.113569
060_34,s-2.360949,s-0.431182,s73.976505
060_35,s1.488701,s-1.818315,s164.330764
060_36,s-1.012541,s2.285774,s29.456702
060_37,s-2.124458,s1.666337,s88.150672
060_38,s-1.519058,s2.292371,s101.756916
060_39,s2.016567,s1.30133,s0.723876
060_40,s1.10743,s2.296976,s15.110186
060_41,s2.490596,s1.042561,s288.869752
060_42,s-0.484167,s2.554522,s358.622905
060_43,s-2.90154,s0.762278,s3.688647
060_44,s2.109286,s-1.764486,s306.21191
060_45,s-1.886577,s-2.000832,s210.02924
060_46,s1.397116,s2.767321,s326.568391
060_47,s-2.577456,s-1.329181,s167.508644
060_48,s1.969621,s-2.196154,s152.980053
060_49,s2.056015,s2.184674,s24.162355
060_50,s2.829427,s0.341819,s327.874672
060_51,s1.213886,s-2.852452,s111.28805
060_52,s-2.549588,s2.015466,s27.523502
060_53,s2.389854,s1.729479,s318.209469
060_54,s0.298641,s-3.186034,s44.057785
060_55,s-3.148724,s-0.805009,s192.277539
060_56,s3.010275,s1.580584,s308.518319
060_57,s-0.499709,s-3.413618,s104.547263
060_58,s3.134362,s-1.032365,s16.735136
060_59,s-2.080893,s-2.561227,s185.765985
061_0,s0.0,s0.0,s61.458974
061_1,s-0.087797,s0.492231,s34.479228
061_2,s0.458878,s0.65531,s347.407842
061_3,s0.369948,s-0.2562,s301.022519
061_4,s-0.404414,s-0.294023,s128.840276
061_5,s0.834052,s-0.454816,s262.731028
061_6,s-0.184418,s-0.778454,s224.38473
061_7,s0.819507,s0.480529,s278.525991
061_8,s-0.836532,s0.331986,s27.229171
061_9,s0.973831,s-1.005809,s247.702628
061_10,s-1.028382,s-0.949964,s213.937165
061_11,s-1.046449,s-0.086287,s57.453197
061_12,s0.705015,s1.491795,s17.209855
061_13,s0.254261,s-1.529003,s197.311675
061_14,s-1.353793,s-0.645945,s76.43608
061_15,s-1.456944,s0.661298,s83.771924
061_16,s-0.740772,s1.361527,s111.270673
061_17,s0.97787,s1.001884,s297.463483
061_18,s-0.629273,s1.739688,s1.553225
061_19,s-1.680577,s-1.084278,s101.500223
061_20,s1.623048,s-0.778277,s209.278812
061_21,s-0.833751,s-1.817927,s218.161732
061_22,s-1.916349,s1.179028,s111.169023
061_23,s-1.280872,s1.536023,s66.434036
061_24,s1.613792,s1.638803,s55.371005
061_25,s1.522809,s0.289055,s216.067609
061_26,s0.468313,s2.404825,s40.113282
061_27,s0.69866,s-1.874,s299.844059
061_28,s-1.377234,s-1.650978,s85.32734
061_29,s2.021313,s0.732662,s236.361939
061_30,s-1.197927,s-2.137164,s183.096492
061_31,s-0.802746,s-2.577906,s217.550163
061_32,s0.922671,s-2.269621,s146.629322
061_33,s2.137907,s-0.848146,s297.113569
061_34,s-2.360949,s-0.431182,s73.976505
061_35,s1.488701,s-1.818315,s164.330764
061_36,s-1.012541,s2.285774,s29.456702
061_37,s-2.124458,s1.666337,s88.150672
061_38,s-1.519058,s2.292371,s101.756916
061_39,s2.016567,s1.30133,s0.723876
061_40,s1.10743,s2.296976,s15.110186
061_41,s2.490596,s1.042561,s288.869752
061_42,s-0.484167,s2.554522,s358.622905
061_43,s-2.90154,s0.762278,s3.688647
061_44,s2.109286,s-1.764486,s306.21191
061_45,s-1.886577,s-2.000832,s210.02924
061_46,s1.397116,s2.767321,s326.568391
061_47,s-2.577456,s-1.329181,s167.508644
061_48,s1.969621,s-2.196154,s152.980053
061_49,s2.056015,s2.184674,s24.162355
061_50,s2.829427,s0.341819,s327.874672
061_51,s1.213886,s-2.852452,s111.28805
061_52,s-2.549588,s2.015466,s27.523502
061_53,s2.389854,s1.729479,s318.209469
061_54,s0.298641,s-3.186034,s44.057785
061_55,s-3.148724,s-0.805009,s192.277539
061_56,s3.010275,s1.580584,s308.518319
061_57,s-0.499709,s-3.413618,s104.547263
061_58,s3.134362,s-1.032365,s16.735136
061_59,s-2.080893,s-2.561227,s185.765985
061_60,s2.525674,s-2.200789,s297.958236
062_0,s0.0,s0.0,s61.458974
062_1,s-0.087797,s0.492231,s34.479228
062_2,s0.458878,s0.65531,s347.407842
062_3,s0.369948,s-0.2562,s301.022519
062_4,s-0.404414,s-0.294023,s128.840276
062_5,s0.834052,s-0.454816,s262.731028
062_6,s-0.184418,s-0.778454,s224.38473
062_7,s0.819507,s0.480529,s278.525991
062_8,s-0.836532,s0.331986,s27.229171
062_9,s0.973831,s-1.005809,s247.702628
062_10,s-1.028382,s-0.949964,s213.937165
062_11,s-1.046449,s-0.086287,s57.453197
062_12,s0.705015,s1.491795,s17.209855
062_13,s0.254261,s-1.529003,s197.311675
062_14,s-1.353793,s-0.645945,s76.43608
062_15,s-1.456944,s0.661298,s83.771924
062_16,s-0.740772,s1.361527,s111.270673
062_17,s0.97787,s1.001884,s297.463483
062_18,s-0.629273,s1.739688,s1.553225
062_19,s-1.680577,s-1.084278,s101.500223
062_20,s1.623048,s-0.778277,s209.278812
062_21,s-0.833751,s-1.817927,s218.161732
062_22,s-1.916349,s1.179028,s111.169023
062_23,s-1.280872,s1.536023,s66.434036
062_24,s1.613792,s1.638803,s55.371005
062_25,s1.522809,s0.289055,s216.067609
062_26,s0.468313,s2.404825,s40.113282
062_27,s0.69866,s-1.874,s299.844059
062_28,s-1.377234,s-1.650978,s85.32734
062_29,s2.021313,s0.732662,s236.361939
062_30,s-1.197927,s-2.137164,s183.096492
062_31,s-0.802746,s-2.577906,s217.550163
062_32,s0.922671,s-2.269621,s146.629322
062_33,s2.137907,s-0.848146,s297.113569
062_34,s-2.360949,s-0.431182,s73.976505
062_35,s1.488701,s-1.818315,s164.330764
062_36,s-1.012541,s2.285774,s29.456702
062_37,s-2.124458,s1.666337,s88.150672
062_38,s-1.519058,s2.292371,s101.756916
062_39,s2.016567,s1.30133,s0.723876
062_40,s1.10743,s2.296976,s15.110186
062_41,s2.490596,s1.042561,s288.869752
062_42,s-0.484167,s2.554522,s358.622905
062_43,s-2.90154,s0.762278,s3.688647
062_44,s2.109286,s-1.764486,s306.21191
062_45,s-1.886577,s-2.000832,s210.02924
062_46,s1.397116,s2.767321,s326.568391
062_47,s-2.577456,s-1.329181,s167.508644
062_48,s1.969621,s-2.196154,s152.980053
062_49,s2.056015,s2.184674,s24.162355
062_50,s2.829427,s0.341819,s327.874672
062_51,s1.213886,s-2.852452,s111.28805
062_52,s-2.549588,s2.015466,s27.523502
062_53,s2.389854,s1.729479,s318.209469
062_54,s0.298641,s-3.186034,s44.057785
062_55,s-3.148724,s-0.805009,s192.277539
062_56,s3.010275,s1.580584,s308.518319
062_57,s-0.499709,s-3.413618,s104.547263
062_58,s3.134362,s-1.032365,s16.735136
062_59,s-2.080893,s-2.561227,s185.765985
062_60,s2.525674,s-2.200789,s297.958236
062_61,s-2.572826,s-2.222739,s148.980963
063_0,s0.0,s0.0,s61.458974
063_1,s-0.087797,s0.492231,s34.479228
063_2,s0.458878,s0.65531,s347.407842
063_3,s0.369948,s-0.2562,s301.022519
063_4,s-0.404414,s-0.294023,s128.840276
063_5,s0.834052,s-0.454816,s262.731028
063_6,s-0.184418,s-0.778454,s224.38473
063_7,s0.819507,s0.480529,s278.525991
063_8,s-0.836532,s0.331986,s27.229171
063_9,s0.973831,s-1.005809,s247.702628
063_10,s-1.028382,s-0.949964,s213.937165
063_11,s-1.046449,s-0.086287,s57.453197
063_12,s0.705015,s1.491795,s17.209855
063_13,s0.254261,s-1.529003,s197.311675
063_14,s-1.353793,s-0.645945,s76.43608
063_15,s-1.456944,s0.661298,s83.771924
063_16,s-0.740772,s1.361527,s111.270673
063_17,s0.97787,s1.001884,s297.463483
063_18,s-0.629273,s1.739688,s1.553225
063_19,s-1.680577,s-1.084278,s101.500223
063_20,s1.623048,s-0.778277,s209.278812
063_21,s-0.833751,s-1.817927,s218.161732
063_22,s-1.916349,s1.179028,s111.169023
063_23,s-1.280872,s1.536023,s66.434036
063_24,s1.613792,s1.638803,s55.371005
063_25,s1.522809,s0.289055,s216.067609
063_26,s0.468313,s2.404825,s40.113282
063_27,s0.69866,s-1.874,s299.844059
063_28,s-1.377234,s-1.650978,s85.32734
063_29,s2.021313,s0.732662,s236.361939
063_30,s-1.197927,s-2.137164,s183.096492
063_31,s-0.802746,s-2.577906,s217.550163
063_32,s0.922671,s-2.269621,s146.629322
063_33,s2.137907,s-0.848146,s297.113569
063_34,s-2.360949,s-0.431182,s73.976505
063_35,s1.488701,s-1.818315,s164.330764
063_36,s-1.012541,s2.285774,s29.456702
063_37,s-2.124458,s1.666337,s88.150672
063_38,s-1.519058,s2.292371,s101.756916
063_39,s2.016567,s1.30133,s0.723876
063_40,s1.10743,s2.296976,s15.110186
063_41,s2.490596,s1.042561,s288.869752
063_42,s-0.484167,s2.554522,s358.622905
063_43,s-2.90154,s0.762278,s3.688647
063_44,s2.109286,s-1.764486,s306.21191
063_45,s-1.886577,s-2.000832,s210.02924
063_46,s1.397116,s2.767321,s326.568391
063_47,s-2.577456,s-1.329181,s167.508644
063_48,s1.969621,s-2.196154,s152.980053
063_49,s2.056015,s2.184674,s24.162355
063_50,s2.829427,s0.341819,s327.874672
063_51,s1.213886,s-2.852452,s111.28805
063_52,s-2.549588,s2.015466,s27.523502
063_53,s2.389854,s1.729479,s318.209469
063_54,s0.298641,s-3.186034,s44.057785
063_55,s-3.148724,s-0.805009,s192.277539
063_56,s3.010275,s1.580584,s308.518319
063_57,s-0.499709,s-3.413618,s104.547263
063_58,s3.134362,s-1.032365,s16.735136
063_59,s-2.080893,s-2.561227,s185.765985
063_60,s2.525674,s-2.200789,s297.958236
063_61,s-2.572826,s-2.222739,s148.980963
063_62,s-3.701542,s-1.058815,s359.141366
064_0,s0.0,s0.0,s61.458974
064_1,s-0.087797,s0.492231,s34.479228
064_2,s0.458878,s0.65531,s347.407842
064_3,s0.369948,s-0.2562,s301.022519
064_4,s-0.404414,s-0.294023,s128.840276
064_5,s0.834052,s-0.454816,s262.731028
064_6,s-0.184418,s-0.778454,s224.38473
064_7,s0.819507,s0.480529,s278.525991
064_8,s-0.836532,s0.331986,s27.229171
064_9,s0.973831,s-1.005809,s247.702628
064_10,s-1.028382,s-0.949964,s213.937165
064_11,s-1.046449,s-0.086287,s57.453197
064_12,s0.705015,s1.491795,s17.209855
064_13,s0.254261,s-1.529003,s197.311675
064_14,s-1.353793,s-0.645945,s76.43608
064_15,s-1.456944,s0.661298,s83.771924
064_16,s-0.740772,s1.361527,s111.270673
064_17,s0.97787,s1.001884,s297.463483
064_18,s-0.629273,s1.739688,s1.553225
064_19,s-1.680577,s-1.084278,s101.500223
064_20,s1.623048,s-0.778277,s209.278812
064_21,s-0.833751,s-1.817927,s218.161732
064_22,s-1.916349,s1.179028,s111.169023
064_23,s-1.280872,s1.536023,s66.434036
064_24,s1.613792,s1.638803,s55.371005
064_25,s1.522809,s0.289055,s216.067609
064_26,s0.468313,s2.404825,s40.113282
064_27,s0.69866,s-1.874,s299.844059
064_28,s-1.377234,s-1.650978,s85.32734
064_29,s2.021313,s0.732662,s236.361939
064_30,s-1.197927,s-2.137164,s183.096492
064_31,s-0.802746,s-2.577906,s217.550163
064_32,s0.922671,s-2.269621,s146.629322
064_33,s2.137907,s-0.848146,s297.113569
064_34,s-2.360949,s-0.431182,s73.976505
064_35,s1.488701,s-1.818315,s164.330764
064_36,s-1.012541,s2.285774,s29.456702
064_37,s-2.124458,s1.666337,s88.150672
064_38,s-1.519058,s2.292371,s101.756916
064_39,s2.016567,s1.30133,s0.723876
064_40,s1.10743,s2.296976,s15.110186
064_41,s2.490596,s1.042561,s288.869752
064_42,s-0.484167,s2.554522,s358.622905
064_43,s-2.90154,s0.762278,s3.688647
064_44,s2.109286,s-1.764486,s306.21191
064_45,s-1.886577,s-2.000832,s210.02924
064_46,s1.397116,s2.767321,s326.568391
064_47,s-2.577456,s-1.329181,s167.508644
064_48,s1.969621,s-2.196154,s152.980053
064_49,s2.056015,s2.184674,s24.162355
064_50,s2.829427,s0.341819,s327.874672
064_51,s1.213886,s-2.852452,s111.28805
064_52,s-2.549588,s2.015466,s27.523502
064_53,s2.389854,s1.729479,s318.209469
064_54,s0.298641,s-3.186034,s44.057785
064_55,s-3.148724,s-0.805009,s192.277539
064_56,s3.010275,s1.580584,s308.518319
064_57,s-0.499709,s-3.413618,s104.547263
064_58,s3.134362,s-1.032365,s16.735136
064_59,s-2.080893,s-2.561227,s185.765985
064_60,s2.525674,s-2.200789,s297.958236
064_61,s-2.572826,s-2.222739,s148.980963
064_62,s-3.701542,s-1.058815,s359.141366
064_63,s0.900721,s-3.330346,s173.154876
065_0,s0.0,s0.0,s61.458974
065_1,s-0.087797,s0.492231,s34.479228
065_2,s0.458878,s0.65531,s347.407842
065_3,s0.369948,s-0.2562,s301.022519
065_4,s-0.404414,s-0.294023,s128.840276
065_5,s0.834052,s-0.454816,s262.731028
065_6,s-0.184418,s-0.778454,s224.38473
065_7,s0.819507,s0.480529,s278.525991
065_8,s-0.836532,s0.331986,s27.229171
065_9,s0.973831,s-1.005809,s247.702628
065_10,s-1.028382,s-0.949964,s213.937165
065_11,s-1.046449,s-0.086287,s57.453197
065_12,s0.705015,s1.491795,s17.209855
065_13,s0.254261,s-1.529003,s197.311675
065_14,s-1.353793,s-0.645945,s76.43608
065_15,s-1.456944,s0.661298,s83.771924
065_16,s-0.740772,s1.361527,s111.270673
065_17,s0.97787,s1.001884,s297.463483
065_18,s-0.629273,s1.739688,s1.553225
065_19,s-1.680577,s-1.084278,s101.500223
065_20,s1.623048,s-0.778277,s209.278812
065_21,s-0.833751,s-1.817927,s218.161732
065_22,s-1.916349,s1.179028,s111.169023
065_23,s-1.280872,s1.536023,s66.434036
065_24,s1.613792,s1.638803,s55.371005
065_25,s1.522809,s0.289055,s216.067609
065_26,s0.468313,s2.404825,s40.113282
065_27,s0.69866,s-1.874,s299.844059
065_28,s-1.377234,s-1.650978,s85.32734
065_29,s2.021313,s0.732662,s236.361939
065_30,s-1.197927,s-2.137164,s183.096492
065_31,s-0.802746,s-2.577906,s217.550163
065_32,s0.922671,s-2.269621,s146.629322
065_33,s2.137907,s-0.848146,s297.113569
065_34,s-2.360949,s-0.431182,s73.976505
065_35,s1.488701,s-1.818315,s164.330764
065_36,s-1.012541,s2.285774,s29.456702
065_37,s-2.124458,s1.666337,s88.150672
065_38,s-1.519058,s2.292371,s101.756916
065_39,s2.016567,s1.30133,s0.723876
065_40,s1.10743,s2.296976,s15.110186
065_41,s2.490596,s1.042561,s288.869752
065_42,s-0.484167,s2.554522,s358.622905
065_43,s-2.90154,s0.762278,s3.688647
065_44,s2.109286,s-1.764486,s306.21191
065_45,s-1.886577,s-2.000832,s210.02924
065_46,s1.397116,s2.767321,s326.568391
065_47,s-2.577456,s-1.329181,s167.508644
065_48,s1.969621,s-2.196154,s152.980053
065_49,s2.056015,s2.184674,s24.162355
065_50,s2.829427,s0.341819,s327.874672
065_51,s1.213886,s-2.852452,s111.28805
065_52,s-2.549588,s2.015466,s27.523502
065_53,s2.389854,s1.729479,s318.209469
065_54,s0.298641,s-3.186034,s44.057785
065_55,s-3.148724,s-0.805009,s192.277539
065_56,s3.010275,s1.580584,s308.518319
065_57,s-0.499709,s-3.413618,s104.547263
065_58,s3.134362,s-1.032365,s16.735136
065_59,s-2.080893,s-2.561227,s185.765985
065_60,s2.525674,s-2.200789,s297.958236
065_61,s-2.572826,s-2.222739,s148.980963
065_62,s-3.701542,s-1.058815,s359.141366
065_63,s0.900721,s-3.330346,s173.154876
065_64,s-2.128665,s2.521663,s14.16456
066_0,s0.0,s0.0,s61.458974
066_1,s-0.087797,s0.492231,s34.479228
066_2,s0.458878,s0.65531,s347.407842
066_3,s0.369948,s-0.2562,s301.022519
066_4,s-0.404414,s-0.294023,s128.840276
066_5,s0.834052,s-0.454816,s262.731028
066_6,s-0.184418,s-0.778454,s224.38473
066_7,s0.819507,s0.480529,s278.525991
066_8,s-0.836532,s0.331986,s27.229171
066_9,s0.973831,s-1.005809,s247.702628
066_10,s-1.028382,s-0.949964,s213.937165
066_11,s-1.046449,s-0.086287,s57.453197
066_12,s0.705015,s1.491795,s17.209855
066_13,s0.254261,s-1.529003,s197.311675
066_14,s-1.353793,s-0.645945,s76.43608
066_15,s-1.456944,s0.661298,s83.771924
066_16,s-0.740772,s1.361527,s111.270673
066_17,s0.97787,s1.001884,s297.463483
066_18,s-0.629273,s1.739688,s1.553225
066_19,s-1.680577,s-1.084278,s101.500223
066_20,s1.623048,s-0.778277,s209.278812
066_21,s-0.833751,s-1.817927,s218.161732
066_22,s-1.916349,s1.179028,s111.169023
066_23,s-1.280872,s1.536023,s66.434036
066_24,s1.613792,s1.638803,s55.371005
066_25,s1.522809,s0.289055,s216.067609
066_26,s0.468313,s2.404825,s40.113282
066_27,s0.69866,s-1.874,s299.844059
066_28,s-1.377234,s-1.650978,s85.32734
066_29,s2.021313,s0.732662,s236.361939
066_30,s-1.197927,s-2.137164,s183.096492
066_31,s-0.802746,s-2.577906,s217.550163
066_32,s0.922671,s-2.269621,s146.629322
066_33,s2.137907,s-0.848146,s297.113569
066_34,s-2.360949,s-0.431182,s73.976505
066_35,s1.488701,s-1.818315,s164.330764
066_36,s-1.012541,s2.285774,s29.456702
066_37,s-2.124458,s1.666337,s88.150672
066_38,s-1.519058,s2.292371,s101.756916
066_39,s2.016567,s1.30133,s0.723876
066_40,s1.10743,s2.296976,s15.110186
066_41,s2.490596,s1.042561,s288.869752
066_42,s-0.484167,s2.554522,s358.622905
066_43,s-2.90154,s0.762278,s3.688647
066_44,s2.109286,s-1.764486,s306.21191
066_45,s-1.886577,s-2.000832,s210.02924
066_46,s1.397116,s2.767321,s326.568391
066_47,s-2.577456,s-1.329181,s167.508644
066_48,s1.969621,s-2.196154,s152.980053
066_49,s2.056015,s2.184674,s24.162355
066_50,s2.829427,s0.341819,s327.874672
066_51,s1.213886,s-2.852452,s111.28805
066_52,s-2.549588,s2.015466,s27.523502
066_53,s2.389854,s1.729479,s318.209469
066_54,s0.298641,s-3.186034,s44.057785
066_55,s-3.148724,s-0.805009,s192.277539
066_56,s3.010275,s1.580584,s308.518319
066_57,s-0.499709,s-3.413618,s104.547263
066_58,s3.134362,s-1.032365,s16.735136
066_59,s-2.080893,s-2.561227,s185.765985
066_60,s2.525674,s-2.200789,s297.958236
066_61,s-2.572826,s-2.222739,s148.980963
066_62,s-3.701542,s-1.058815,s359.141366
066_63,s0.900721,s-3.330346,s173.154876
066_64,s-2.128665,s2.521663,s14.16456
066_65,s1.500152,s-3.162206,s195.526879
067_0,s0.0,s0.0,s61.458974
067_1,s-0.087797,s0.492231,s34.479228
067_2,s0.458878,s0.65531,s347.407842
067_3,s0.369948,s-0.2562,s301.022519
067_4,s-0.404414,s-0.294023,s128.840276
067_5,s0.834052,s-0.454816,s262.731028
067_6,s-0.184418,s-0.778454,s224.38473
067_7,s0.819507,s0.480529,s278.525991
067_8,s-0.836532,s0.331986,s27.229171
067_9,s0.973831,s-1.005809,s247.702628
067_10,s-1.028382,s-0.949964,s213.937165
067_11,s-1.046449,s-0.086287,s57.453197
067_12,s0.705015,s1.491795,s17.209855
067_13,s0.254261,s-1.529003,s197.311675
067_14,s-1.353793,s-0.645945,s76.43608
067_15,s-1.456944,s0.661298,s83.771924
067_16,s-0.740772,s1.361527,s111.270673
067_17,s0.97787,s1.001884,s297.463483
067_18,s-0.629273,s1.739688,s1.553225
067_19,s-1.680577,s-1.084278,s101.500223
067_20,s1.623048,s-0.778277,s209.278812
067_21,s-0.833751,s-1.817927,s218.161732
067_22,s-1.916349,s1.179028,s111.169023
067_23,s-1.280872,s1.536023,s66.434036
067_24,s1.613792,s1.638803,s55.371005
067_25,s1.522809,s0.289055,s216.067609
067_26,s0.468313,s2.404825,s40.113282
067_27,s0.69866,s-1.874,s299.844059
067_28,s-1.377234,s-1.650978,s85.32734
067_29,s2.021313,s0.732662,s236.361939
067_30,s-1.197927,s-2.137164,s183.096492
067_31,s-0.802746,s-2.577906,s217.550163
067_32,s0.922671,s-2.269621,s146.629322
067_33,s2.137907,s-0.848146,s297.113569
067_34,s-2.360949,s-0.431182,s73.976505
067_35,s1.488701,s-1.818315,s164.330764
067_36,s-1.012541,s2.285774,s29.456702
067_37,s-2.124458,s1.666337,s88.150672
067_38,s-1.519058,s2.292371,s101.756916
067_39,s2.016567,s1.30133,s0.723876
067_40,s1.10743,s2.296976,s15.110186
067_41,s2.490596,s1.042561,s288.869752
067_42,s-0.484167,s2.554522,s358.622905
067_43,s-2.90154,s0.762278,s3.688647
067_44,s2.109286,s-1.764486,s306.21191
067_45,s-1.886577,s-2.000832,s210.02924
067_46,s1.397116,s2.767321,s326.568391
067_47,s-2.577456,s-1.329181,s167.508644
067_48,s1.969621,s-2.196154,s152.980053
067_49,s2.056015,s2.184674,s24.162355
067_50,s2.829427,s0.341819,s327.874672
067_51,s1.213886,s-2.852452,s111.28805
067_52,s-2.549588,s2.015466,s27.523502
067_53,s2.389854,s1.729479,s318.209469
067_54,s0.298641,s-3.186034,s44.057785
067_55,s-3.148724,s-0.805009,s192.277539
067_56,s3.010275,s1.580584,s308.518319
067_57,s-0.499709,s-3.413618,s104.547263
067_58,s3.134362,s-1.032365,s16.735136
067_59,s-2.080893,s-2.561227,s185.765985
067_60,s2.525674,s-2.200789,s297.958236
067_61,s-2.572826,s-2.222739,s148.980963
067_62,s-3.701542,s-1.058815,s359.141366
067_63,s0.900721,s-3.330346,s173.154876
067_64,s-2.128665,s2.521663,s14.16456
067_65,s1.500152,s-3.162206,s195.526879
067_66,s0.129557,s-3.547635,s129.630534
068_0,s0.0,s0.0,s61.458974
068_1,s-0.087797,s0.492231,s34.479228
068_2,s0.458878,s0.65531,s347.407842
068_3,s0.369948,s-0.2562,s301.022519
068_4,s-0.404414,s-0.294023,s128.840276
068_5,s0.834052,s-0.454816,s262.731028
068_6,s-0.184418,s-0.778454,s224.38473
068_7,s0.819507,s0.480529,s278.525991
068_8,s-0.836532,s0.331986,s27.229171
068_9,s0.973831,s-1.005809,s247.702628
068_10,s-1.028382,s-0.949964,s213.937165
068_11,s-1.046449,s-0.086287,s57.453197
068_12,s0.705015,s1.491795,s17.209855
068_13,s0.254261,s-1.529003,s197.311675
068_14,s-1.353793,s-0.645945,s76.43608
068_15,s-1.456944,s0.661298,s83.771924
068_16,s-0.740772,s1.361527,s111.270673
068_17,s0.97787,s1.001884,s297.463483
068_18,s-0.629273,s1.739688,s1.553225
068_19,s-1.680577,s-1.084278,s101.500223
068_20,s1.623048,s-0.778277,s209.278812
068_21,s-0.833751,s-1.817927,s218.161732
068_22,s-1.916349,s1.179028,s111.169023
068_23,s-1.280872,s1.536023,s66.434036
068_24,s1.613792,s1.638803,s55.371005
068_25,s1.522809,s0.289055,s216.067609
068_26,s0.468313,s2.404825,s40.113282
068_27,s0.69866,s-1.874,s299.844059
068_28,s-1.377234,s-1.650978,s85.32734
068_29,s2.021313,s0.732662,s236.361939
068_30,s-1.197927,s-2.137164,s183.096492
068_31,s-0.802746,s-2.577906,s217.550163
068_32,s0.922671,s-2.269621,s146.629322
068_33,s2.137907,s-0.848146,s297.113569
068_34,s-2.360949,s-0.431182,s73.976505
068_35,s1.488701,s-1.818315,s164.330764
068_36,s-1.012541,s2.285774,s29.456702
068_37,s-2.124458,s1.666337,s88.150672
068_38,s-1.519058,s2.292371,s101.756916
068_39,s2.016567,s1.30133,s0.723876
068_40,s1.10743,s2.296976,s15.110186
068_41,s2.490596,s1.042561,s288.869752
068_42,s-0.484167,s2.554522,s358.622905
068_43,s-2.90154,s0.762278,s3.688647
068_44,s2.109286,s-1.764486,s306.21191
068_45,s-1.886577,s-2.000832,s210.02924
068_46,s1.397116,s2.767321,s326.568391
068_47,s-2.577456,s-1.329181,s167.508644
068_48,s1.969621,s-2.196154,s152.980053
068_49,s2.056015,s2.184674,s24.162355
068_50,s2.829427,s0.341819,s327.874672
068_51,s1.213886,s-2.852452,s111.28805
068_52,s-2.549588,s2.015466,s27.523502
068_53,s2.389854,s1.729479,s318.209469
068_54,s0.298641,s-3.186034,s44.057785
068_55,s-3.148724,s-0.805009,s192.277539
068_56,s3.010275,s1.580584,s308.518319
068_57,s-0.499709,s-3.413618,s104.547263
068_58,s3.134362,s-1.032365,s16.735136
068_59,s-2.080893,s-2.561227,s185.765985
068_60,s2.525674,s-2.200789,s297.958236
068_61,s-2.572826,s-2.222739,s148.980963
068_62,s-3.701542,s-1.058815,s359.141366
068_63,s0.900721,s-3.330346,s173.154876
068_64,s-2.128665,s2.521663,s14.16456
068_65,s1.500152,s-3.162206,s195.526879
068_66,s0.129557,s-3.547635,s129.630534
068_67,s3.239573,s-0.260131,s248.031166
069_0,s0.0,s0.0,s61.458974
069_1,s-0.087797,s0.492231,s34.479228
069_2,s0.458878,s0.65531,s347.407842
069_3,s0.369948,s-0.2562,s301.022519
069_4,s-0.404414,s-0.294023,s128.840276
069_5,s0.834052,s-0.454816,s262.731028
069_6,s-0.184418,s-0.778454,s224.38473
069_7,s0.819507,s0.480529,s278.525991
069_8,s-0.836532,s0.331986,s27.229171
069_9,s0.973831,s-1.005809,s247.702628
069_10,s-1.028382,s-0.949964,s213.937165
069_11,s-1.046449,s-0.086287,s57.453197
069_12,s0.705015,s1.491795,s17.209855
069_13,s0.254261,s-1.529003,s197.311675
069_14,s-1.353793,s-0.645945,s76.43608
069_15,s-1.456944,s0.661298,s83.771924
069_16,s-0.740772,s1.361527,s111.270673
069_17,s0.97787,s1.001884,s297.463483
069_18,s-0.629273,s1.739688,s1.553225
069_19,s-1.680577,s-1.084278,s101.500223
069_20,s1.623048,s-0.778277,s209.278812
069_21,s-0.833751,s-1.817927,s218.161732
069_22,s-1.916349,s1.179028,s111.169023
069_23,s-1.280872,s1.536023,s66.434036
069_24,s1.613792,s1.638803,s55.371005
069_25,s1.522809,s0.289055,s216.067609
069_26,s0.468313,s2.404825,s40.113282
069_27,s0.69866,s-1.874,s299.844059
069_28,s-1.377234,s-1.650978,s85.32734
069_29,s2.021313,s0.732662,s236.361939
069_30,s-1.197927,s-2.137164,s183.096492
069_31,s-0.802746,s-2.577906,s217.550163
069_32,s0.922671,s-2.269621,s146.629322
069_33,s2.137907,s-0.848146,s297.113569
069_34,s-2.360949,s-0.431182,s73.976505
069_35,s1.488701,s-1.818315,s164.330764
069_36,s-1.012541,s2.285774,s29.456702
069_37,s-2.124458,s1.666337,s88.150672
069_38,s-1.519058,s2.292371,s101.756916
069_39,s2.016567,s1.30133,s0.723876
069_40,s1.10743,s2.296976,s15.110186
069_41,s2.490596,s1.042561,s288.869752
069_42,s-0.484167,s2.554522,s358.622905
069_43,s-2.90154,s0.762278,s3.688647
069_44,s2.109286,s-1.764486,s306.21191
069_45,s-1.886577,s-2.000832,s210.02924
069_46,s1.397116,s2.767321,s326.568391
069_47,s-2.577456,s-1.329181,s167.508644
069_48,s1.969621,s-2.196154,s152.980053
069_49,s2.056015,s2.184674,s24.162355
069_50,s2.829427,s0.341819,s327.874672
069_51,s1.213886,s-2.852452,s111.28805
069_52,s-2.549588,s2.015466,s27.523502
069_53,s2.389854,s1.729479,s318.209469
069_54,s0.298641,s-3.186034,s44.057785
069_55,s-3.148724,s-0.805009,s192.277539
069_56,s3.010275,s1.580584,s308.518319
069_57,s-0.499709,s-3.413618,s104.547263
069_58,s3.134362,s-1.032365,s16.735136
069_59,s-2.080893,s-2.561227,s185.765985
069_60,s2.525674,s-2.200789,s297.958236
069_61,s-2.572826,s-2.222739,s148.980963
069_62,s-3.701542,s-1.058815,s359.141366
069_63,s0.900721,s-3.330346,s173.154876
069_64,s-2.128665,s2.521663,s14.16456
069_65,s1.500152,s-3.162206,s195.526879
069_66,s0.129557,s-3.547635,s129.630534
069_67,s3.239573,s-0.260131,s248.031166
069_68,s-1.362891,s-3.005417,s132.628938
070_0,s0.0,s0.0,s61.458974
070_1,s-0.087797,s0.492231,s34.479228
070_2,s0.458878,s0.65531,s347.407842
070_3,s0.369948,s-0.2562,s301.022519
070_4,s-0.404414,s-0.294023,s128.840276
070_5,s0.834052,s-0.454816,s262.731028
070_6,s-0.184418,s-0.778454,s224.38473
070_7,s0.819507,s0.480529,s278.525991
070_8,s-0.836532,s0.331986,s27.229171
070_9,s0.973831,s-1.005809,s247.702628
070_10,s-1.028382,s-0.949964,s213.937165
070_11,s-1.046449,s-0.086287,s57.453197
070_12,s0.705015,s1.491795,s17.209855
070_13,s0.254261,s-1.529003,s197.311675
070_14,s-1.353793,s-0.645945,s76.43608
070_15,s-1.456944,s0.661298,s83.771924
070_16,s-0.740772,s1.361527,s111.270673
070_17,s0.97787,s1.001884,s297.463483
070_18,s-0.629273,s1.739688,s1.553225
070_19,s-1.680577,s-1.084278,s101.500223
070_20,s1.623048,s-0.778277,s209.278812
070_21,s-0.833751,s-1.817927,s218.161732
070_22,s-1.916349,s1.179028,s111.169023
070_23,s-1.280872,s1.536023,s66.434036
070_24,s1.613792,s1.638803,s55.371005
070_25,s1.522809,s0.289055,s216.067609
070_26,s0.468313,s2.404825,s40.113282
070_27,s0.69866,s-1.874,s299.844059
070_28,s-1.377234,s-1.650978,s85.32734
070_29,s2.021313,s0.732662,s236.361939
070_30,s-1.197927,s-2.137164,s183.096492
070_31,s-0.802746,s-2.577906,s217.550163
070_32,s0.922671,s-2.269621,s146.629322
070_33,s2.137907,s-0.848146,s297.113569
070_34,s-2.360949,s-0.431182,s73.976505
070_35,s1.488701,s-1.818315,s164.330764
070_36,s-1.012541,s2.285774,s29.456702
070_37,s-2.124458,s1.666337,s88.150672
070_38,s-1.519058,s2.292371,s101.756916
070_39,s2.016567,s1.30133,s0.723876
070_40,s1.10743,s2.296976,s15.110186
070_41,s2.490596,s1.042561,s288.869752
070_42,s-0.484167,s2.554522,s358.622905
070_43,s-2.90154,s0.762278,s3.688647
070_44,s2.109286,s-1.764486,s306.21191
070_45,s-1.886577,s-2.000832,s210.02924
070_46,s1.397116,s2.767321,s326.568391
070_47,s-2.577456,s-1.329181,s167.508644
070_48,s1.969621,s-2.196154,s152.980053
070_49,s2.056015,s2.184674,s24.162355
070_50,s2.829427,s0.341819,s327.874672
070_51,s1.213886,s-2.852452,s111.28805
070_52,s-2.549588,s2.015466,s27.523502
070_53,s2.389854,s1.729479,s318.209469
070_54,s0.298641,s-3.186034,s44.057785
070_55,s-3.148724,s-0.805009,s192.277539
070_56,s3.010275,s1.580584,s308.518319
070_57,s-0.499709,s-3.413618,s104.547263
070_58,s3.134362,s-1.032365,s16.735136
070_59,s-2.080893,s-2.561227,s185.765985
070_60,s2.525674,s-2.200789,s297.958236
070_61,s-2.572826,s-2.222739,s148.980963
070_62,s-3.701542,s-1.058815,s359.141366
070_63,s0.900721,s-3.330346,s173.154876
070_64,s-2.128665,s2.521663,s14.16456
070_65,s1.500152,s-3.162206,s195.526879
070_66,s0.129557,s-3.547635,s129.630534
070_67,s3.239573,s-0.260131,s248.031166
070_68,s-1.362891,s-3.005417,s132.628938
070_69,s-3.074889,s0.393776,s75.084519
071_0,s0.0,s0.0,s61.458974
071_1,s-0.087797,s0.492231,s34.479228
071_2,s0.458878,s0.65531,s347.407842
071_3,s0.369948,s-0.2562,s301.022519
071_4,s-0.404414,s-0.294023,s128.840276
071_5,s0.834052,s-0.454816,s262.731028
071_6,s-0.184418,s-0.778454,s224.38473
071_7,s0.819507,s0.480529,s278.525991
071_8,s-0.836532,s0.331986,s27.229171
071_9,s0.973831,s-1.005809,s247.702628
071_10,s-1.028382,s-0.949964,s213.937165
071_11,s-1.046449,s-0.086287,s57.453197
071_12,s0.705015,s1.491795,s17.209855
071_13,s0.254261,s-1.529003,s197.311675
071_14,s-1.353793,s-0.645945,s76.43608
071_15,s-1.456944,s0.661298,s83.771924
071_16,s-0.740772,s1.361527,s111.270673
071_17,s0.97787,s1.001884,s297.463483
071_18,s-0.629273,s1.739688,s1.553225
071_19,s-1.680577,s-1.084278,s101.500223
071_20,s1.623048,s-0.778277,s209.278812
071_21,s-0.833751,s-1.817927,s218.161732
071_22,s-1.916349,s1.179028,s111.169023
071_23,s-1.280872,s1.536023,s66.434036
071_24,s1.613792,s1.638803,s55.371005
071_25,s1.522809,s0.289055,s216.067609
071_26,s0.468313,s2.404825,s40.113282
071_27,s0.69866,s-1.874,s299.844059
071_28,s-1.377234,s-1.650978,s85.32734
071_29,s2.021313,s0.732662,s236.361939
071_30,s-1.197927,s-2.137164,s183.096492
071_31,s-0.802746,s-2.577906,s217.550163
071_32,s0.922671,s-2.269621,s146.629322
071_33,s2.137907,s-0.848146,s297.113569
071_34,s-2.360949,s-0.431182,s73.976505
071_35,s1.488701,s-1.818315,s164.330764
071_36,s-1.012541,s2.285774,s29.456702
071_37,s-2.124458,s1.666337,s88.150672
071_38,s-1.519058,s2.292371,s101.756916
071_39,s2.016567,s1.30133,s0.723876
071_40,s1.10743,s2.296976,s15.110186
071_41,s2.490596,s1.042561,s288.869752
071_42,s-0.484167,s2.554522,s358.622905
071_43,s-2.90154,s0.762278,s3.688647
071_44,s2.109286,s-1.764486,s306.21191
071_45,s-1.886577,s-2.000832,s210.02924
071_46,s1.397116,s2.767321,s326.568391
071_47,s-2.577456,s-1.329181,s167.508644
071_48,s1.969621,s-2.196154,s152.980053
071_49,s2.056015,s2.184674,s24.162355
071_50,s2.829427,s0.341819,s327.874672
071_51,s1.213886,s-2.852452,s111.28805
071_52,s-2.549588,s2.015466,s27.523502
071_53,s2.389854,s1.729479,s318.209469
071_54,s0.298641,s-3.186034,s44.057785
071_55,s-3.148724,s-0.805009,s192.277539
071_56,s3.010275,s1.580584,s308.518319
071_57,s-0.499709,s-3.413618,s104.547263
071_58,s3.134362,s-1.032365,s16.735136
071_59,s-2.080893,s-2.561227,s185.765985
071_60,s2.525674,s-2.200789,s297.958236
071_61,s-2.572826,s-2.222739,s148.980963
071_62,s-3.701542,s-1.058815,s359.141366
071_63,s0.900721,s-3.330346,s173.154876
071_64,s-2.128665,s2.521663,s14.16456
071_65,s1.500152,s-3.162206,s195.526879
071_66,s0.129557,s-3.547635,s129.630534
071_67,s3.239573,s-0.260131,s248.031166
071_68,s-1.362891,s-3.005417,s132.628938
071_69,s-3.074889,s0.393776,s75.084519
071_70,s-3.274326,s-1.723017,s64.665195
072_0,s0.0,s0.0,s61.458974
072_1,s-0.087797,s0.492231,s34.479228
072_2,s0.458878,s0.65531,s347.407842
072_3,s0.369948,s-0.2562,s301.022519
072_4,s-0.404414,s-0.294023,s128.840276
072_5,s0.834052,s-0.454816,s262.731028
072_6,s-0.184418,s-0.778454,s224.38473
072_7,s0.819507,s0.480529,s278.525991
072_8,s-0.836532,s0.331986,s27.229171
072_9,s0.973831,s-1.005809,s247.702628
072_10,s-1.028382,s-0.949964,s213.937165
072_11,s-1.046449,s-0.086287,s57.453197
072_12,s0.705015,s1.491795,s17.209855
072_13,s0.254261,s-1.529003,s197.311675
072_14,s-1.353793,s-0.645945,s76.43608
072_15,s-1.456944,s0.661298,s83.771924
072_16,s-0.740772,s1.361527,s111.270673
072_17,s0.97787,s1.001884,s297.463483
072_18,s-0.629273,s1.739688,s1.553225
072_19,s-1.680577,s-1.084278,s101.500223
072_20,s1.623048,s-0.778277,s209.278812
072_21,s-0.833751,s-1.817927,s218.161732
072_22,s-1.916349,s1.179028,s111.169023
072_23,s-1.280872,s1.536023,s66.434036
072_24,s1.613792,s1.638803,s55.371005
072_25,s1.522809,s0.289055,s216.067609
072_26,s0.468313,s2.404825,s40.113282
072_27,s0.69866,s-1.874,s299.844059
072_28,s-1.377234,s-1.650978,s85.32734
072_29,s2.021313,s0.732662,s236.361939
072_30,s-1.197927,s-2.137164,s183.096492
072_31,s-0.802746,s-2.577906,s217.550163
072_32,s0.922671,s-2.269621,s146.629322
072_33,s2.137907,s-0.848146,s297.113569
072_34,s-2.360949,s-0.431182,s73.976505
072_35,s1.488701,s-1.818315,s164.330764
072_36,s-1.012541,s2.285774,s29.456702
072_37,s-2.124458,s1.666337,s88.150672
072_38,s-1.519058,s2.292371,s101.756916
072_39,s2.016567,s1.30133,s0.723876
072_40,s1.10743,s2.296976,s15.110186
072_41,s2.490596,s1.042561,s288.869752
072_42,s-0.484167,s2.554522,s358.622905
072_43,s-2.90154,s0.762278,s3.688647
072_44,s2.109286,s-1.764486,s306.21191
072_45,s-1.886577,s-2.000832,s210.02924
072_46,s1.397116,s2.767321,s326.568391
072_47,s-2.577456,s-1.329181,s167.508644
072_48,s1.969621,s-2.196154,s152.980053
072_49,s2.056015,s2.184674,s24.162355
072_50,s2.829427,s0.341819,s327.874672
072_51,s1.213886,s-2.852452,s111.28805
072_52,s-2.549588,s2.015466,s27.523502
072_53,s2.389854,s1.729479,s318.209469
072_54,s0.298641,s-3.186034,s44.057785
072_55,s-3.148724,s-0.805009,s192.277539
072_56,s3.010275,s1.580584,s308.518319
072_57,s-0.499709,s-3.413618,s104.547263
072_58,s3.134362,s-1.032365,s16.735136
072_59,s-2.080893,s-2.561227,s185.765985
072_60,s2.525674,s-2.200789,s297.958236
072_61,s-2.572826,s-2.222739,s148.980963
072_62,s-3.701542,s-1.058815,s359.141366
072_63,s0.900721,s-3.330346,s173.154876
072_64,s-2.128665,s2.521663,s14.16456
072_65,s1.500152,s-3.162206,s195.526879
072_66,s0.129557,s-3.547635,s129.630534
072_67,s3.239573,s-0.260131,s248.031166
072_68,s-1.362891,s-3.005417,s132.628938
072_69,s-3.074889,s0.393776,s75.084519
072_70,s-3.274326,s-1.723017,s64.665195
072_71,s2.146335,s-2.827675,s150.297604
073_0,s0.0,s0.0,s61.458974
073_1,s-0.087797,s0.492231,s34.479228
073_2,s0.458878,s0.65531,s347.407842
073_3,s0.369948,s-0.2562,s301.022519
073_4,s-0.404414,s-0.294023,s128.840276
073_5,s0.834052,s-0.454816,s262.731028
073_6,s-0.184418,s-0.778454,s224.38473
073_7,s0.819507,s0.480529,s278.525991
073_8,s-0.836532,s0.331986,s27.229171
073_9,s0.973831,s-1.005809,s247.702628
073_10,s-1.028382,s-0.949964,s213.937165
073_11,s-1.046449,s-0.086287,s57.453197
073_12,s0.705015,s1.491795,s17.209855
073_13,s0.254261,s-1.529003,s197.311675
073_14,s-1.353793,s-0.645945,s76.43608
073_15,s-1.456944,s0.661298,s83.771924
073_16,s-0.740772,s1.361527,s111.270673
073_17,s0.97787,s1.001884,s297.463483
073_18,s-0.629273,s1.739688,s1.553225
073_19,s-1.680577,s-1.084278,s101.500223
073_20,s1.623048,s-0.778277,s209.278812
073_21,s-0.833751,s-1.817927,s218.161732
073_22,s-1.916349,s1.179028,s111.169023
073_23,s-1.280872,s1.536023,s66.434036
073_24,s1.613792,s1.638803,s55.371005
073_25,s1.522809,s0.289055,s216.067609
073_26,s0.468313,s2.404825,s40.113282
073_27,s0.69866,s-1.874,s299.844059
073_28,s-1.377234,s-1.650978,s85.32734
073_29,s2.021313,s0.732662,s236.361939
073_30,s-1.197927,s-2.137164,s183.096492
073_31,s-0.802746,s-2.577906,s217.550163
073_32,s0.922671,s-2.269621,s146.629322
073_33,s2.137907,s-0.848146,s297.113569
073_34,s-2.360949,s-0.431182,s73.976505
073_35,s1.488701,s-1.818315,s164.330764
073_36,s-1.012541,s2.285774,s29.456702
073_37,s-2.124458,s1.666337,s88.150672
073_38,s-1.519058,s2.292371,s101.756916
073_39,s2.016567,s1.30133,s0.723876
073_40,s1.10743,s2.296976,s15.110186
073_41,s2.490596,s1.042561,s288.869752
073_42,s-0.484167,s2.554522,s358.622905
073_43,s-2.90154,s0.762278,s3.688647
073_44,s2.109286,s-1.764486,s306.21191
073_45,s-1.886577,s-2.000832,s210.02924
073_46,s1.397116,s2.767321,s326.568391
073_47,s-2.577456,s-1.329181,s167.508644
073_48,s1.969621,s-2.196154,s152.980053
073_49,s2.056015,s2.184674,s24.162355
073_50,s2.829427,s0.341819,s327.874672
073_51,s1.213886,s-2.852452,s111.28805
073_52,s-2.549588,s2.015466,s27.523502
073_53,s2.389854,s1.729479,s318.209469
073_54,s0.298641,s-3.186034,s44.057785
073_55,s-3.148724,s-0.805009,s192.277539
073_56,s3.010275,s1.580584,s308.518319
073_57,s-0.499709,s-3.413618,s104.547263
073_58,s3.134362,s-1.032365,s16.735136
073_59,s-2.080893,s-2.561227,s185.765985
073_60,s2.525674,s-2.200789,s297.958236
073_61,s-2.572826,s-2.222739,s148.980963
073_62,s-3.701542,s-1.058815,s359.141366
073_63,s0.900721,s-3.330346,s173.154876
073_64,s-2.128665,s2.521663,s14.16456
073_65,s1.500152,s-3.162206,s195.526879
073_66,s0.129557,s-3.547635,s129.630534
073_67,s3.239573,s-0.260131,s248.031166
073_68,s-1.362891,s-3.005417,s132.628938
073_69,s-3.074889,s0.393776,s75.084519
073_70,s-3.274326,s-1.723017,s64.665195
073_71,s2.146335,s-2.827675,s150.297604
073_72,s-1.543913,s3.08526,s325.408847
074_0,s0.0,s0.0,s61.458974
074_1,s-0.087797,s0.492231,s34.479228
074_2,s0.458878,s0.65531,s347.407842
074_3,s0.369948,s-0.2562,s301.022519
074_4,s-0.404414,s-0.294023,s128.840276
074_5,s0.834052,s-0.454816,s262.731028
074_6,s-0.184418,s-0.778454,s224.38473
074_7,s0.819507,s0.480529,s278.525991
074_8,s-0.836532,s0.331986,s27.229171
074_9,s0.973831,s-1.005809,s247.702628
074_10,s-1.028382,s-0.949964,s213.937165
074_11,s-1.046449,s-0.086287,s57.453197
074_12,s0.705015,s1.491795,s17.209855
074_13,s0.254261,s-1.529003,s197.311675
074_14,s-1.353793,s-0.645945,s76.43608
074_15,s-1.456944,s0.661298,s83.771924
074_16,s-0.740772,s1.361527,s111.270673
074_17,s0.97787,s1.001884,s297.463483
074_18,s-0.629273,s1.739688,s1.553225
074_19,s-1.680577,s-1.084278,s101.500223
074_20,s1.623048,s-0.778277,s209.278812
074_21,s-0.833751,s-1.817927,s218.161732
074_22,s-1.916349,s1.179028,s111.169023
074_23,s-1.280872,s1.536023,s66.434036
074_24,s1.613792,s1.638803,s55.371005
074_25,s1.522809,s0.289055,s216.067609
074_26,s0.468313,s2.404825,s40.113282
074_27,s0.69866,s-1.874,s299.844059
074_28,s-1.377234,s-1.650978,s85.32734
074_29,s2.021313,s0.732662,s236.361939
074_30,s-1.197927,s-2.137164,s183.096492
074_31,s-0.802746,s-2.577906,s217.550163
074_32,s0.922671,s-2.269621,s146.629322
074_33,s2.137907,s-0.848146,s297.113569
074_34,s-2.360949,s-0.431182,s73.976505
074_35,s1.488701,s-1.818315,s164.330764
074_36,s-1.012541,s2.285774,s29.456702
074_37,s-2.124458,s1.666337,s88.150672
074_38,s-1.519058,s2.292371,s101.756916
074_39,s2.016567,s1.30133,s0.723876
074_40,s1.10743,s2.296976,s15.110186
074_41,s2.490596,s1.042561,s288.869752
074_42,s-0.484167,s2.554522,s358.622905
074_43,s-2.90154,s0.762278,s3.688647
074_44,s2.109286,s-1.764486,s306.21191
074_45,s-1.886577,s-2.000832,s210.02924
074_46,s1.397116,s2.767321,s326.568391
074_47,s-2.577456,s-1.329181,s167.508644
074_48,s1.969621,s-2.196154,s152.980053
074_49,s2.056015,s2.184674,s24.162355
074_50,s2.829427,s0.341819,s327.874672
074_51,s1.213886,s-2.852452,s111.28805
074_52,s-2.549588,s2.015466,s27.523502
074_53,s2.389854,s1.729479,s318.209469
074_54,s0.298641,s-3.186034,s44.057785
074_55,s-3.148724,s-0.805009,s192.277539
074_56,s3.010275,s1.580584,s308.518319
074_57,s-0.499709,s-3.413618,s104.547263
074_58,s3.134362,s-1.032365,s16.735136
074_59,s-2.080893,s-2.561227,s185.765985
074_60,s2.525674,s-2.200789,s297.958236
074_61,s-2.572826,s-2.222739,s148.980963
074_62,s-3.701542,s-1.058815,s359.141366
074_63,s0.900721,s-3.330346,s173.154876
074_64,s-2.128665,s2.521663,s14.16456
074_65,s1.500152,s-3.162206,s195.526879
074_66,s0.129557,s-3.547635,s129.630534
074_67,s3.239573,s-0.260131,s248.031166
074_68,s-1.362891,s-3.005417,s132.628938
074_69,s-3.074889,s0.393776,s75.084519
074_70,s-3.274326,s-1.723017,s64.665195
074_71,s2.146335,s-2.827675,s150.297604
074_72,s-1.543913,s3.08526,s325.408847
074_73,s2.384008,s3.211932,s58.059383
075_0,s0.0,s0.0,s61.458974
075_1,s-0.087797,s0.492231,s34.479228
075_2,s0.458878,s0.65531,s347.407842
075_3,s0.369948,s-0.2562,s301.022519
075_4,s-0.404414,s-0.294023,s128.840276
075_5,s0.834052,s-0.454816,s262.731028
075_6,s-0.184418,s-0.778454,s224.38473
075_7,s0.819507,s0.480529,s278.525991
075_8,s-0.836532,s0.331986,s27.229171
075_9,s0.973831,s-1.005809,s247.702628
075_10,s-1.028382,s-0.949964,s213.937165
075_11,s-1.046449,s-0.086287,s57.453197
075_12,s0.705015,s1.491795,s17.209855
075_13,s0.254261,s-1.529003,s197.311675
075_14,s-1.353793,s-0.645945,s76.43608
075_15,s-1.456944,s0.661298,s83.771924
075_16,s-0.740772,s1.361527,s111.270673
075_17,s0.97787,s1.001884,s297.463483
075_18,s-0.629273,s1.739688,s1.553225
075_19,s-1.680577,s-1.084278,s101.500223
075_20,s1.623048,s-0.778277,s209.278812
075_21,s-0.833751,s-1.817927,s218.161732
075_22,s-1.916349,s1.179028,s111.169023
075_23,s-1.280872,s1.536023,s66.434036
075_24,s1.613792,s1.638803,s55.371005
075_25,s1.522809,s0.289055,s216.067609
075_26,s0.468313,s2.404825,s40.113282
075_27,s0.69866,s-1.874,s299.844059
075_28,s-1.377234,s-1.650978,s85.32734
075_29,s2.021313,s0.732662,s236.361939
075_30,s-1.197927,s-2.137164,s183.096492
075_31,s-0.802746,s-2.577906,s217.550163
075_32,s0.922671,s-2.269621,s146.629322
075_33,s2.137907,s-0.848146,s297.113569
075_34,s-2.360949,s-0.431182,s73.976505
075_35,s1.488701,s-1.818315,s164.330764
075_36,s-1.012541,s2.285774,s29.456702
075_37,s-2.124458,s1.666337,s88.150672
075_38,s-1.519058,s2.292371,s101.756916
075_39,s2.016567,s1.30133,s0.723876
075_40,s1.10743,s2.296976,s15.110186
075_41,s2.490596,s1.042561,s288.869752
075_42,s-0.484167,s2.554522,s358.622905
075_43,s-2.90154,s0.762278,s3.688647
075_44,s2.109286,s-1.764486,s306.21191
075_45,s-1.886577,s-2.000832,s210.02924
075_46,s1.397116,s2.767321,s326.568391
075_47,s-2.577456,s-1.329181,s167.508644
075_48,s1.969621,s-2.196154,s152.980053
075_49,s2.056015,s2.184674,s24.162355
075_50,s2.829427,s0.341819,s327.874672
075_51,s1.213886,s-2.852452,s111.28805
075_52,s-2.549588,s2.015466,s27.523502
075_53,s2.389854,s1.729479,s318.209469
075_54,s0.298641,s-3.186034,s44.057785
075_55,s-3.148724,s-0.805009,s192.277539
075_56,s3.010275,s1.580584,s308.518319
075_57,s-0.499709,s-3.413618,s104.547263
075_58,s3.134362,s-1.032365,s16.735136
075_59,s-2.080893,s-2.561227,s185.765985
075_60,s2.525674,s-2.200789,s297.958236
075_61,s-2.572826,s-2.222739,s148.980963
075_62,s-3.701542,s-1.058815,s359.141366
075_63,s0.900721,s-3.330346,s173.154876
075_64,s-2.128665,s2.521663,s14.16456
075_65,s1.500152,s-3.162206,s195.526879
075_66,s0.129557,s-3.547635,s129.630534
075_67,s3.239573,s-0.260131,s248.031166
075_68,s-1.362891,s-3.005417,s132.628938
075_69,s-3.074889,s0.393776,s75.084519
075_70,s-3.274326,s-1.723017,s64.665195
075_71,s2.146335,s-2.827675,s150.297604
075_72,s-1.543913,s3.08526,s325.408847
075_73,s2.384008,s3.211932,s58.059383
075_74,s0.954197,s3.263358,s282.436895
076_0,s0.0,s0.0,s61.458974
076_1,s-0.087797,s0.492231,s34.479228
076_2,s0.458878,s0.65531,s347.407842
076_3,s0.369948,s-0.2562,s301.022519
076_4,s-0.404414,s-0.294023,s128.840276
076_5,s0.834052,s-0.454816,s262.731028
076_6,s-0.184418,s-0.778454,s224.38473
076_7,s0.819507,s0.480529,s278.525991
076_8,s-0.836532,s0.331986,s27.229171
076_9,s0.973831,s-1.005809,s247.702628
076_10,s-1.028382,s-0.949964,s213.937165
076_11,s-1.046449,s-0.086287,s57.453197
076_12,s0.705015,s1.491795,s17.209855
076_13,s0.254261,s-1.529003,s197.311675
076_14,s-1.353793,s-0.645945,s76.43608
076_15,s-1.456944,s0.661298,s83.771924
076_16,s-0.740772,s1.361527,s111.270673
076_17,s0.97787,s1.001884,s297.463483
076_18,s-0.629273,s1.739688,s1.553225
076_19,s-1.680577,s-1.084278,s101.500223
076_20,s1.623048,s-0.778277,s209.278812
076_21,s-0.833751,s-1.817927,s218.161732
076_22,s-1.916349,s1.179028,s111.169023
076_23,s-1.280872,s1.536023,s66.434036
076_24,s1.613792,s1.638803,s55.371005
076_25,s1.522809,s0.289055,s216.067609
076_26,s0.468313,s2.404825,s40.113282
076_27,s0.69866,s-1.874,s299.844059
076_28,s-1.377234,s-1.650978,s85.32734
076_29,s2.021313,s0.732662,s236.361939
076_30,s-1.197927,s-2.137164,s183.096492
076_31,s-0.802746,s-2.577906,s217.550163
076_32,s0.922671,s-2.269621,s146.629322
076_33,s2.137907,s-0.848146,s297.113569
076_34,s-2.360949,s-0.431182,s73.976505
076_35,s1.488701,s-1.818315,s164.330764
076_36,s-1.012541,s2.285774,s29.456702
076_37,s-2.124458,s1.666337,s88.150672
076_38,s-1.519058,s2.292371,s101.756916
076_39,s2.016567,s1.30133,s0.723876
076_40,s1.10743,s2.296976,s15.110186
076_41,s2.490596,s1.042561,s288.869752
076_42,s-0.484167,s2.554522,s358.622905
076_43,s-2.90154,s0.762278,s3.688647
076_44,s2.109286,s-1.764486,s306.21191
076_45,s-1.886577,s-2.000832,s210.02924
076_46,s1.397116,s2.767321,s326.568391
076_47,s-2.577456,s-1.329181,s167.508644
076_48,s1.969621,s-2.196154,s152.980053
076_49,s2.056015,s2.184674,s24.162355
076_50,s2.829427,s0.341819,s327.874672
076_51,s1.213886,s-2.852452,s111.28805
076_52,s-2.549588,s2.015466,s27.523502
076_53,s2.389854,s1.729479,s318.209469
076_54,s0.298641,s-3.186034,s44.057785
076_55,s-3.148724,s-0.805009,s192.277539
076_56,s3.010275,s1.580584,s308.518319
076_57,s-0.499709,s-3.413618,s104.547263
076_58,s3.134362,s-1.032365,s16.735136
076_59,s-2.080893,s-2.561227,s185.765985
076_60,s2.525674,s-2.200789,s297.958236
076_61,s-2.572826,s-2.222739,s148.980963
076_62,s-3.701542,s-1.058815,s359.141366
076_63,s0.900721,s-3.330346,s173.154876
076_64,s-2.128665,s2.521663,s14.16456
076_65,s1.500152,s-3.162206,s195.526879
076_66,s0.129557,s-3.547635,s129.630534
076_67,s3.239573,s-0.260131,s248.031166
076_68,s-1.362891,s-3.005417,s132.628938
076_69,s-3.074889,s0.393776,s75.084519
076_70,s-3.274326,s-1.723017,s64.665195
076_71,s2.146335,s-2.827675,s150.297604
076_72,s-1.543913,s3.08526,s325.408847
076_73,s2.384008,s3.211932,s58.059383
076_74,s0.954197,s3.263358,s282.436895
076_75,s-3.238542,s1.789371,s171.920817
077_0,s0.0,s0.0,s61.458974
077_1,s-0.087797,s0.492231,s34.479228
077_2,s0.458878,s0.65531,s347.407842
077_3,s0.369948,s-0.2562,s301.022519
077_4,s-0.404414,s-0.294023,s128.840276
077_5,s0.834052,s-0.454816,s262.731028
077_6,s-0.184418,s-0.778454,s224.38473
077_7,s0.819507,s0.480529,s278.525991
077_8,s-0.836532,s0.331986,s27.229171
077_9,s0.973831,s-1.005809,s247.702628
077_10,s-1.028382,s-0.949964,s213.937165
077_11,s-1.046449,s-0.086287,s57.453197
077_12,s0.705015,s1.491795,s17.209855
077_13,s0.254261,s-1.529003,s197.311675
077_14,s-1.353793,s-0.645945,s76.43608
077_15,s-1.456944,s0.661298,s83.771924
077_16,s-0.740772,s1.361527,s111.270673
077_17,s0.97787,s1.001884,s297.463483
077_18,s-0.629273,s1.739688,s1.553225
077_19,s-1.680577,s-1.084278,s101.500223
077_20,s1.623048,s-0.778277,s209.278812
077_21,s-0.833751,s-1.817927,s218.161732
077_22,s-1.916349,s1.179028,s111.169023
077_23,s-1.280872,s1.536023,s66.434036
077_24,s1.613792,s1.638803,s55.371005
077_25,s1.522809,s0.289055,s216.067609
077_26,s0.468313,s2.404825,s40.113282
077_27,s0.69866,s-1.874,s299.844059
077_28,s-1.377234,s-1.650978,s85.32734
077_29,s2.021313,s0.732662,s236.361939
077_30,s-1.197927,s-2.137164,s183.096492
077_31,s-0.802746,s-2.577906,s217.550163
077_32,s0.922671,s-2.269621,s146.629322
077_33,s2.137907,s-0.848146,s297.113569
077_34,s-2.360949,s-0.431182,s73.976505
077_35,s1.488701,s-1.818315,s164.330764
077_36,s-1.012541,s2.285774,s29.456702
077_37,s-2.124458,s1.666337,s88.150672
077_38,s-1.519058,s2.292371,s101.756916
077_39,s2.016567,s1.30133,s0.723876
077_40,s1.10743,s2.296976,s15.110186
077_41,s2.490596,s1.042561,s288.869752
077_42,s-0.484167,s2.554522,s358.622905
077_43,s-2.90154,s0.762278,s3.688647
077_44,s2.109286,s-1.764486,s306.21191
077_45,s-1.886577,s-2.000832,s210.02924
077_46,s1.397116,s2.767321,s326.568391
077_47,s-2.577456,s-1.329181,s167.508644
077_48,s1.969621,s-2.196154,s152.980053
077_49,s2.056015,s2.184674,s24.162355
077_50,s2.829427,s0.341819,s327.874672
077_51,s1.213886,s-2.852452,s111.28805
077_52,s-2.549588,s2.015466,s27.523502
077_53,s2.389854,s1.729479,s318.209469
077_54,s0.298641,s-3.186034,s44.057785
077_55,s-3.148724,s-0.805009,s192.277539
077_56,s3.010275,s1.580584,s308.518319
077_57,s-0.499709,s-3.413618,s104.547263
077_58,s3.134362,s-1.032365,s16.735136
077_59,s-2.080893,s-2.561227,s185.765985
077_60,s2.525674,s-2.200789,s297.958236
077_61,s-2.572826,s-2.222739,s148.980963
077_62,s-3.701542,s-1.058815,s359.141366
077_63,s0.900721,s-3.330346,s173.154876
077_64,s-2.128665,s2.521663,s14.16456
077_65,s1.500152,s-3.162206,s195.526879
077_66,s0.129557,s-3.547635,s129.630534
077_67,s3.239573,s-0.260131,s248.031166
077_68,s-1.362891,s-3.005417,s132.628938
077_69,s-3.074889,s0.393776,s75.084519
077_70,s-3.274326,s-1.723017,s64.665195
077_71,s2.146335,s-2.827675,s150.297604
077_72,s-1.543913,s3.08526,s325.408847
077_73,s2.384008,s3.211932,s58.059383
077_74,s0.954197,s3.263358,s282.436895
077_75,s-3.238542,s1.789371,s171.920817
077_76,s3.528216,s-1.114311,s279.852836
078_0,s0.0,s0.0,s61.458974
078_1,s-0.087797,s0.492231,s34.479228
078_2,s0.458878,s0.65531,s347.407842
078_3,s0.369948,s-0.2562,s301.022519
078_4,s-0.404414,s-0.294023,s128.840276
078_5,s0.834052,s-0.454816,s262.731028
078_6,s-0.184418,s-0.778454,s224.38473
078_7,s0.819507,s0.480529,s278.525991
078_8,s-0.836532,s0.331986,s27.229171
078_9,s0.973831,s-1.005809,s247.702628
078_10,s-1.028382,s-0.949964,s213.937165
078_11,s-1.046449,s-0.086287,s57.453197
078_12,s0.705015,s1.491795,s17.209855
078_13,s0.254261,s-1.529003,s197.311675
078_14,s-1.353793,s-0.645945,s76.43608
078_15,s-1.456944,s0.661298,s83.771924
078_16,s-0.740772,s1.361527,s111.270673
078_17,s0.97787,s1.001884,s297.463483
078_18,s-0.629273,s1.739688,s1.553225
078_19,s-1.680577,s-1.084278,s101.500223
078_20,s1.623048,s-0.778277,s209.278812
078_21,s-0.833751,s-1.817927,s218.161732
078_22,s-1.916349,s1.179028,s111.169023
078_23,s-1.280872,s1.536023,s66.434036
078_24,s1.613792,s1.638803,s55.371005
078_25,s1.522809,s0.289055,s216.067609
078_26,s0.468313,s2.404825,s40.113282
078_27,s0.69866,s-1.874,s299.844059
078_28,s-1.377234,s-1.650978,s85.32734
078_29,s2.021313,s0.732662,s236.361939
078_30,s-1.197927,s-2.137164,s183.096492
078_31,s-0.802746,s-2.577906,s217.550163
078_32,s0.922671,s-2.269621,s146.629322
078_33,s2.137907,s-0.848146,s297.113569
078_34,s-2.360949,s-0.431182,s73.976505
078_35,s1.488701,s-1.818315,s164.330764
078_36,s-1.012541,s2.285774,s29.456702
078_37,s-2.124458,s1.666337,s88.150672
078_38,s-1.519058,s2.292371,s101.756916
078_39,s2.016567,s1.30133,s0.723876
078_40,s1.10743,s2.296976,s15.110186
078_41,s2.490596,s1.042561,s288.869752
078_42,s-0.484167,s2.554522,s358.622905
078_43,s-2.90154,s0.762278,s3.688647
078_44,s2.109286,s-1.764486,s306.21191
078_45,s-1.886577,s-2.000832,s210.02924
078_46,s1.397116,s2.767321,s326.568391
078_47,s-2.577456,s-1.329181,s167.508644
078_48,s1.969621,s-2.196154,s152.980053
078_49,s2.056015,s2.184674,s24.162355
078_50,s2.829427,s0.341819,s327.874672
078_51,s1.213886,s-2.852452,s111.28805
078_52,s-2.549588,s2.015466,s27.523502
078_53,s2.389854,s1.729479,s318.209469
078_54,s0.298641,s-3.186034,s44.057785
078_55,s-3.148724,s-0.805009,s192.277539
078_56,s3.010275,s1.580584,s308.518319
078_57,s-0.499709,s-3.413618,s104.547263
078_58,s3.134362,s-1.032365,s16.735136
078_59,s-2.080893,s-2.561227,s185.765985
078_60,s2.525674,s-2.200789,s297.958236
078_61,s-2.572826,s-2.222739,s148.980963
078_62,s-3.701542,s-1.058815,s359.141366
078_63,s0.900721,s-3.330346,s173.154876
078_64,s-2.128665,s2.521663,s14.16456
078_65,s1.500152,s-3.162206,s195.526879
078_66,s0.129557,s-3.547635,s129.630534
078_67,s3.239573,s-0.260131,s248.031166
078_68,s-1.362891,s-3.005417,s132.628938
078_69,s-3.074889,s0.393776,s75.084519
078_70,s-3.274326,s-1.723017,s64.665195
078_71,s2.146335,s-2.827675,s150.297604
078_72,s-1.543913,s3.08526,s325.408847
078_73,s2.384008,s3.211932,s58.059383
078_74,s0.954197,s3.263358,s282.436895
078_75,s-3.238542,s1.789371,s171.920817
078_76,s3.528216,s-1.114311,s279.852836
078_77,s0.242373,s3.140662,s5.976925
079_0,s0.0,s0.0,s61.458974
079_1,s-0.087797,s0.492231,s34.479228
079_2,s0.458878,s0.65531,s347.407842
079_3,s0.369948,s-0.2562,s301.022519
079_4,s-0.404414,s-0.294023,s128.840276
079_5,s0.834052,s-0.454816,s262.731028
079_6,s-0.184418,s-0.778454,s224.38473
079_7,s0.819507,s0.480529,s278.525991
079_8,s-0.836532,s0.331986,s27.229171
079_9,s0.973831,s-1.005809,s247.702628
079_10,s-1.028382,s-0.949964,s213.937165
079_11,s-1.046449,s-0.086287,s57.453197
079_12,s0.705015,s1.491795,s17.209855
079_13,s0.254261,s-1.529003,s197.311675
079_14,s-1.353793,s-0.645945,s76.43608
079_15,s-1.456944,s0.661298,s83.771924
079_16,s-0.740772,s1.361527,s111.270673
079_17,s0.97787,s1.001884,s297.463483
079_18,s-0.629273,s1.739688,s1.553225
079_19,s-1.680577,s-1.084278,s101.500223
079_20,s1.623048,s-0.778277,s209.278812
079_21,s-0.833751,s-1.817927,s218.161732
079_22,s-1.916349,s1.179028,s111.169023
079_23,s-1.280872,s1.536023,s66.434036
079_24,s1.613792,s1.638803,s55.371005
079_25,s1.522809,s0.289055,s216.067609
079_26,s0.468313,s2.404825,s40.113282
079_27,s0.69866,s-1.874,s299.844059
079_28,s-1.377234,s-1.650978,s85.32734
079_29,s2.021313,s0.732662,s236.361939
079_30,s-1.197927,s-2.137164,s183.096492
079_31,s-0.802746,s-2.577906,s217.550163
079_32,s0.922671,s-2.269621,s146.629322
079_33,s2.137907,s-0.848146,s297.113569
079_34,s-2.360949,s-0.431182,s73.976505
079_35,s1.488701,s-1.818315,s164.330764
079_36,s-1.012541,s2.285774,s29.456702
079_37,s-2.124458,s1.666337,s88.150672
079_38,s-1.519058,s2.292371,s101.756916
079_39,s2.016567,s1.30133,s0.723876
079_40,s1.10743,s2.296976,s15.110186
079_41,s2.490596,s1.042561,s288.869752
079_42,s-0.484167,s2.554522,s358.622905
079_43,s-2.90154,s0.762278,s3.688647
079_44,s2.109286,s-1.764486,s306.21191
079_45,s-1.886577,s-2.000832,s210.02924
079_46,s1.397116,s2.767321,s326.568391
079_47,s-2.577456,s-1.329181,s167.508644
079_48,s1.969621,s-2.196154,s152.980053
079_49,s2.056015,s2.184674,s24.162355
079_50,s2.829427,s0.341819,s327.874672
079_51,s1.213886,s-2.852452,s111.28805
079_52,s-2.549588,s2.015466,s27.523502
079_53,s2.389854,s1.729479,s318.209469
079_54,s0.298641,s-3.186034,s44.057785
079_55,s-3.148724,s-0.805009,s192.277539
079_56,s3.010275,s1.580584,s308.518319
079_57,s-0.499709,s-3.413618,s104.547263
079_58,s3.134362,s-1.032365,s16.735136
079_59,s-2.080893,s-2.561227,s185.765985
079_60,s2.525674,s-2.200789,s297.958236
079_61,s-2.572826,s-2.222739,s148.980963
079_62,s-3.701542,s-1.058815,s359.141366
079_63,s0.900721,s-3.330346,s173.154876
079_64,s-2.128665,s2.521663,s14.16456
079_65,s1.500152,s-3.162206,s195.526879
079_66,s0.129557,s-3.547635,s129.630534
079_67,s3.239573,s-0.260131,s248.031166
079_68,s-1.362891,s-3.005417,s132.628938
079_69,s-3.074889,s0.393776,s75.084519
079_70,s-3.274326,s-1.723017,s64.665195
079_71,s2.146335,s-2.827675,s150.297604
079_72,s-1.543913,s3.08526,s325.408847
079_73,s2.384008,s3.211932,s58.059383
079_74,s0.954197,s3.263358,s282.436895
079_75,s-3.238542,s1.789371,s171.920817
079_76,s3.528216,s-1.114311,s279.852836
079_77,s0.242373,s3.140662,s5.976925
079_78,s3.165618,s2.445171,s52.380332
080_0,s0.0,s0.0,s61.458974
080_1,s-0.087797,s0.492231,s34.479228
080_2,s0.458878,s0.65531,s347.407842
080_3,s0.369948,s-0.2562,s301.022519
080_4,s-0.404414,s-0.294023,s128.840276
080_5,s0.834052,s-0.454816,s262.731028
080_6,s-0.184418,s-0.778454,s224.38473
080_7,s0.819507,s0.480529,s278.525991
080_8,s-0.836532,s0.331986,s27.229171
080_9,s0.973831,s-1.005809,s247.702628
080_10,s-1.028382,s-0.949964,s213.937165
080_11,s-1.046449,s-0.086287,s57.453197
080_12,s0.705015,s1.491795,s17.209855
080_13,s0.254261,s-1.529003,s197.311675
080_14,s-1.353793,s-0.645945,s76.43608
080_15,s-1.456944,s0.661298,s83.771924
080_16,s-0.740772,s1.361527,s111.270673
080_17,s0.97787,s1.001884,s297.463483
080_18,s-0.629273,s1.739688,s1.553225
080_19,s-1.680577,s-1.084278,s101.500223
080_20,s1.623048,s-0.778277,s209.278812
080_21,s-0.833751,s-1.817927,s218.161732
080_22,s-1.916349,s1.179028,s111.169023
080_23,s-1.280872,s1.536023,s66.434036
080_24,s1.613792,s1.638803,s55.371005
080_25,s1.522809,s0.289055,s216.067609
080_26,s0.468313,s2.404825,s40.113282
080_27,s0.69866,s-1.874,s299.844059
080_28,s-1.377234,s-1.650978,s85.32734
080_29,s2.021313,s0.732662,s236.361939
080_30,s-1.197927,s-2.137164,s183.096492
080_31,s-0.802746,s-2.577906,s217.550163
080_32,s0.922671,s-2.269621,s146.629322
080_33,s2.137907,s-0.848146,s297.113569
080_34,s-2.360949,s-0.431182,s73.976505
080_35,s1.488701,s-1.818315,s164.330764
080_36,s-1.012541,s2.285774,s29.456702
080_37,s-2.124458,s1.666337,s88.150672
080_38,s-1.519058,s2.292371,s101.756916
080_39,s2.016567,s1.30133,s0.723876
080_40,s1.10743,s2.296976,s15.110186
080_41,s2.490596,s1.042561,s288.869752
080_42,s-0.484167,s2.554522,s358.622905
080_43,s-2.90154,s0.762278,s3.688647
080_44,s2.109286,s-1.764486,s306.21191
080_45,s-1.886577,s-2.000832,s210.02924
080_46,s1.397116,s2.767321,s326.568391
080_47,s-2.577456,s-1.329181,s167.508644
080_48,s1.969621,s-2.196154,s152.980053
080_49,s2.056015,s2.184674,s24.162355
080_50,s2.829427,s0.341819,s327.874672
080_51,s1.213886,s-2.852452,s111.28805
080_52,s-2.549588,s2.015466,s27.523502
080_53,s2.389854,s1.729479,s318.209469
080_54,s0.298641,s-3.186034,s44.057785
080_55,s-3.148724,s-0.805009,s192.277539
080_56,s3.010275,s1.580584,s308.518319
080_57,s-0.499709,s-3.413618,s104.547263
080_58,s3.134362,s-1.032365,s16.735136
080_59,s-2.080893,s-2.561227,s185.765985
080_60,s2.525674,s-2.200789,s297.958236
080_61,s-2.572826,s-2.222739,s148.980963
080_62,s-3.701542,s-1.058815,s359.141366
080_63,s0.900721,s-3.330346,s173.154876
080_64,s-2.128665,s2.521663,s14.16456
080_65,s1.500152,s-3.162206,s195.526879
080_66,s0.129557,s-3.547635,s129.630534
080_67,s3.239573,s-0.260131,s248.031166
080_68,s-1.362891,s-3.005417,s132.628938
080_69,s-3.074889,s0.393776,s75.084519
080_70,s-3.274326,s-1.723017,s64.665195
080_71,s2.146335,s-2.827675,s150.297604
080_72,s-1.543913,s3.08526,s325.408847
080_73,s2.384008,s3.211932,s58.059383
080_74,s0.954197,s3.263358,s282.436895
080_75,s-3.238542,s1.789371,s171.920817
080_76,s3.528216,s-1.114311,s279.852836
080_77,s0.242373,s3.140662,s5.976925
080_78,s3.165618,s2.445171,s52.380332
080_79,s-0.594792,s3.44909,s335.074057
081_0,s0.0,s0.0,s61.458974
081_1,s-0.087797,s0.492231,s34.479228
081_2,s0.458878,s0.65531,s347.407842
081_3,s0.369948,s-0.2562,s301.022519
081_4,s-0.404414,s-0.294023,s128.840276
081_5,s0.834052,s-0.454816,s262.731028
081_6,s-0.184418,s-0.778454,s224.38473
081_7,s0.819507,s0.480529,s278.525991
081_8,s-0.836532,s0.331986,s27.229171
081_9,s0.973831,s-1.005809,s247.702628
081_10,s-1.028382,s-0.949964,s213.937165
081_11,s-1.046449,s-0.086287,s57.453197
081_12,s0.705015,s1.491795,s17.209855
081_13,s0.254261,s-1.529003,s197.311675
081_14,s-1.353793,s-0.645945,s76.43608
081_15,s-1.456944,s0.661298,s83.771924
081_16,s-0.740772,s1.361527,s111.270673
081_17,s0.97787,s1.001884,s297.463483
081_18,s-0.629273,s1.739688,s1.553225
081_19,s-1.680577,s-1.084278,s101.500223
081_20,s1.623048,s-0.778277,s209.278812
081_21,s-0.833751,s-1.817927,s218.161732
081_22,s-1.916349,s1.179028,s111.169023
081_23,s-1.280872,s1.536023,s66.434036
081_24,s1.613792,s1.638803,s55.371005
081_25,s1.522809,s0.289055,s216.067609
081_26,s0.468313,s2.404825,s40.113282
081_27,s0.69866,s-1.874,s299.844059
081_28,s-1.377234,s-1.650978,s85.32734
081_29,s2.021313,s0.732662,s236.361939
081_30,s-1.197927,s-2.137164,s183.096492
081_31,s-0.802746,s-2.577906,s217.550163
081_32,s0.922671,s-2.269621,s146.629322
081_33,s2.137907,s-0.848146,s297.113569
081_34,s-2.360949,s-0.431182,s73.976505
081_35,s1.488701,s-1.818315,s164.330764
081_36,s-1.012541,s2.285774,s29.456702
081_37,s-2.124458,s1.666337,s88.150672
081_38,s-1.519058,s2.292371,s101.756916
081_39,s2.016567,s1.30133,s0.723876
081_40,s1.10743,s2.296976,s15.110186
081_41,s2.490596,s1.042561,s288.869752
081_42,s-0.484167,s2.554522,s358.622905
081_43,s-2.90154,s0.762278,s3.688647
081_44,s2.109286,s-1.764486,s306.21191
081_45,s-1.886577,s-2.000832,s210.02924
081_46,s1.397116,s2.767321,s326.568391
081_47,s-2.577456,s-1.329181,s167.508644
081_48,s1.969621,s-2.196154,s152.980053
081_49,s2.056015,s2.184674,s24.162355
081_50,s2.829427,s0.341819,s327.874672
081_51,s1.213886,s-2.852452,s111.28805
081_52,s-2.549588,s2.015466,s27.523502
081_53,s2.389854,s1.729479,s318.209469
081_54,s0.298641,s-3.186034,s44.057785
081_55,s-3.148724,s-0.805009,s192.277539
081_56,s3.010275,s1.580584,s308.518319
081_57,s-0.499709,s-3.413618,s104.547263
081_58,s3.134362,s-1.032365,s16.735136
081_59,s-2.080893,s-2.561227,s185.765985
081_60,s2.525674,s-2.200789,s297.958236
081_61,s-2.572826,s-2.222739,s148.980963
081_62,s-3.701542,s-1.058815,s359.141366
081_63,s0.900721,s-3.330346,s173.154876
081_64,s-2.128665,s2.521663,s14.16456
081_65,s1.500152,s-3.162206,s195.526879
081_66,s0.129557,s-3.547635,s129.630534
081_67,s3.239573,s-0.260131,s248.031166
081_68,s-1.362891,s-3.005417,s132.628938
081_69,s-3.074889,s0.393776,s75.084519
081_70,s-3.274326,s-1.723017,s64.665195
081_71,s2.146335,s-2.827675,s150.297604
081_72,s-1.543913,s3.08526,s325.408847
081_73,s2.384008,s3.211932,s58.059383
081_74,s0.954197,s3.263358,s282.436895
081_75,s-3.238542,s1.789371,s171.920817
081_76,s3.528216,s-1.114311,s279.852836
081_77,s0.242373,s3.140662,s5.976925
081_78,s3.165618,s2.445171,s52.380332
081_79,s-0.594792,s3.44909,s335.074057
081_80,s3.790423,s0.674682,s47.746101
082_0,s0.0,s0.0,s61.458974
082_1,s-0.087797,s0.492231,s34.479228
082_2,s0.458878,s0.65531,s347.407842
082_3,s0.369948,s-0.2562,s301.022519
082_4,s-0.404414,s-0.294023,s128.840276
082_5,s0.834052,s-0.454816,s262.731028
082_6,s-0.184418,s-0.778454,s224.38473
082_7,s0.819507,s0.480529,s278.525991
082_8,s-0.836532,s0.331986,s27.229171
082_9,s0.973831,s-1.005809,s247.702628
082_10,s-1.028382,s-0.949964,s213.937165
082_11,s-1.046449,s-0.086287,s57.453197
082_12,s0.705015,s1.491795,s17.209855
082_13,s0.254261,s-1.529003,s197.311675
082_14,s-1.353793,s-0.645945,s76.43608
082_15,s-1.456944,s0.661298,s83.771924
082_16,s-0.740772,s1.361527,s111.270673
082_17,s0.97787,s1.001884,s297.463483
082_18,s-0.629273,s1.739688,s1.553225
082_19,s-1.680577,s-1.084278,s101.500223
082_20,s1.623048,s-0.778277,s209.278812
082_21,s-0.833751,s-1.817927,s218.161732
082_22,s-1.916349,s1.179028,s111.169023
082_23,s-1.280872,s1.536023,s66.434036
082_24,s1.613792,s1.638803,s55.371005
082_25,s1.522809,s0.289055,s216.067609
082_26,s0.468313,s2.404825,s40.113282
082_27,s0.69866,s-1.874,s299.844059
082_28,s-1.377234,s-1.650978,s85.32734
082_29,s2.021313,s0.732662,s236.361939
082_30,s-1.197927,s-2.137164,s183.096492
082_31,s-0.802746,s-2.577906,s217.550163
082_32,s0.922671,s-2.269621,s146.629322
082_33,s2.137907,s-0.848146,s297.113569
082_34,s-2.360949,s-0.431182,s73.976505
082_35,s1.488701,s-1.818315,s164.330764
082_36,s-1.012541,s2.285774,s29.456702
082_37,s-2.124458,s1.666337,s88.150672
082_38,s-1.519058,s2.292371,s101.756916
082_39,s2.016567,s1.30133,s0.723876
082_40,s1.10743,s2.296976,s15.110186
082_41,s2.490596,s1.042561,s288.869752
082_42,s-0.484167,s2.554522,s358.622905
082_43,s-2.90154,s0.762278,s3.688647
082_44,s2.109286,s-1.764486,s306.21191
082_45,s-1.886577,s-2.000832,s210.02924
082_46,s1.397116,s2.767321,s326.568391
082_47,s-2.577456,s-1.329181,s167.508644
082_48,s1.969621,s-2.196154,s152.980053
082_49,s2.056015,s2.184674,s24.162355
082_50,s2.829427,s0.341819,s327.874672
082_51,s1.213886,s-2.852452,s111.28805
082_52,s-2.549588,s2.015466,s27.523502
082_53,s2.389854,s1.729479,s318.209469
082_54,s0.298641,s-3.186034,s44.057785
082_55,s-3.148724,s-0.805009,s192.277539
082_56,s3.010275,s1.580584,s308.518319
082_57,s-0.499709,s-3.413618,s104.547263
082_58,s3.134362,s-1.032365,s16.735136
082_59,s-2.080893,s-2.561227,s185.765985
082_60,s2.525674,s-2.200789,s297.958236
082_61,s-2.572826,s-2.222739,s148.980963
082_62,s-3.701542,s-1.058815,s359.141366
082_63,s0.900721,s-3.330346,s173.154876
082_64,s-2.128665,s2.521663,s14.16456
082_65,s1.500152,s-3.162206,s195.526879
082_66,s0.129557,s-3.547635,s129.630534
082_67,s3.239573,s-0.260131,s248.031166
082_68,s-1.362891,s-3.005417,s132.628938
082_69,s-3.074889,s0.393776,s75.084519
082_70,s-3.274326,s-1.723017,s64.665195
082_71,s2.146335,s-2.827675,s150.297604
082_72,s-1.543913,s3.08526,s325.408847
082_73,s2.384008,s3.211932,s58.059383
082_74,s0.954197,s3.263358,s282.436895
082_75,s-3.238542,s1.789371,s171.920817
082_76,s3.528216,s-1.114311,s279.852836
082_77,s0.242373,s3.140662,s5.976925
082_78,s3.165618,s2.445171,s52.380332
082_79,s-0.594792,s3.44909,s335.074057
082_80,s3.790423,s0.674682,s47.746101
082_81,s3.28234,s-1.707701,s257.485009
083_0,s0.0,s0.0,s61.458974
083_1,s-0.087797,s0.492231,s34.479228
083_2,s0.458878,s0.65531,s347.407842
083_3,s0.369948,s-0.2562,s301.022519
083_4,s-0.404414,s-0.294023,s128.840276
083_5,s0.834052,s-0.454816,s262.731028
083_6,s-0.184418,s-0.778454,s224.38473
083_7,s0.819507,s0.480529,s278.525991
083_8,s-0.836532,s0.331986,s27.229171
083_9,s0.973831,s-1.005809,s247.702628
083_10,s-1.028382,s-0.949964,s213.937165
083_11,s-1.046449,s-0.086287,s57.453197
083_12,s0.705015,s1.491795,s17.209855
083_13,s0.254261,s-1.529003,s197.311675
083_14,s-1.353793,s-0.645945,s76.43608
083_15,s-1.456944,s0.661298,s83.771924
083_16,s-0.740772,s1.361527,s111.270673
083_17,s0.97787,s1.001884,s297.463483
083_18,s-0.629273,s1.739688,s1.553225
083_19,s-1.680577,s-1.084278,s101.500223
083_20,s1.623048,s-0.778277,s209.278812
083_21,s-0.833751,s-1.817927,s218.161732
083_22,s-1.916349,s1.179028,s111.169023
083_23,s-1.280872,s1.536023,s66.434036
083_24,s1.613792,s1.638803,s55.371005
083_25,s1.522809,s0.289055,s216.067609
083_26,s0.468313,s2.404825,s40.113282
083_27,s0.69866,s-1.874,s299.844059
083_28,s-1.377234,s-1.650978,s85.32734
083_29,s2.021313,s0.732662,s236.361939
083_30,s-1.197927,s-2.137164,s183.096492
083_31,s-0.802746,s-2.577906,s217.550163
083_32,s0.922671,s-2.269621,s146.629322
083_33,s2.137907,s-0.848146,s297.113569
083_34,s-2.360949,s-0.431182,s73.976505
083_35,s1.488701,s-1.818315,s164.330764
083_36,s-1.012541,s2.285774,s29.456702
083_37,s-2.124458,s1.666337,s88.150672
083_38,s-1.519058,s2.292371,s101.756916
083_39,s2.016567,s1.30133,s0.723876
083_40,s1.10743,s2.296976,s15.110186
083_41,s2.490596,s1.042561,s288.869752
083_42,s-0.484167,s2.554522,s358.622905
083_43,s-2.90154,s0.762278,s3.688647
083_44,s2.109286,s-1.764486,s306.21191
083_45,s-1.886577,s-2.000832,s210.02924
083_46,s1.397116,s2.767321,s326.568391
083_47,s-2.577456,s-1.329181,s167.508644
083_48,s1.969621,s-2.196154,s152.980053
083_49,s2.056015,s2.184674,s24.162355
083_50,s2.829427,s0.341819,s327.874672
083_51,s1.213886,s-2.852452,s111.28805
083_52,s-2.549588,s2.015466,s27.523502
083_53,s2.389854,s1.729479,s318.209469
083_54,s0.298641,s-3.186034,s44.057785
083_55,s-3.148724,s-0.805009,s192.277539
083_56,s3.010275,s1.580584,s308.518319
083_57,s-0.499709,s-3.413618,s104.547263
083_58,s3.134362,s-1.032365,s16.735136
083_59,s-2.080893,s-2.561227,s185.765985
083_60,s2.525674,s-2.200789,s297.958236
083_61,s-2.572826,s-2.222739,s148.980963
083_62,s-3.701542,s-1.058815,s359.141366
083_63,s0.900721,s-3.330346,s173.154876
083_64,s-2.128665,s2.521663,s14.16456
083_65,s1.500152,s-3.162206,s195.526879
083_66,s0.129557,s-3.547635,s129.630534
083_67,s3.239573,s-0.260131,s248.031166
083_68,s-1.362891,s-3.005417,s132.628938
083_69,s-3.074889,s0.393776,s75.084519
083_70,s-3.274326,s-1.723017,s64.665195
083_71,s2.146335,s-2.827675,s150.297604
083_72,s-1.543913,s3.08526,s325.408847
083_73,s2.384008,s3.211932,s58.059383
083_74,s0.954197,s3.263358,s282.436895
083_75,s-3.238542,s1.789371,s171.920817
083_76,s3.528216,s-1.114311,s279.852836
083_77,s0.242373,s3.140662,s5.976925
083_78,s3.165618,s2.445171,s52.380332
083_79,s-0.594792,s3.44909,s335.074057
083_80,s3.790423,s0.674682,s47.746101
083_81,s3.28234,s-1.707701,s257.485009
083_82,s-2.233555,s3.615762,s262.616415
084_0,s0.0,s0.0,s61.458974
084_1,s-0.087797,s0.492231,s34.479228
084_2,s0.458878,s0.65531,s347.407842
084_3,s0.369948,s-0.2562,s301.022519
084_4,s-0.404414,s-0.294023,s128.840276
084_5,s0.834052,s-0.454816,s262.731028
084_6,s-0.184418,s-0.778454,s224.38473
084_7,s0.819507,s0.480529,s278.525991
084_8,s-0.836532,s0.331986,s27.229171
084_9,s0.973831,s-1.005809,s247.702628
084_10,s-1.028382,s-0.949964,s213.937165
084_11,s-1.046449,s-0.086287,s57.453197
084_12,s0.705015,s1.491795,s17.209855
084_13,s0.254261,s-1.529003,s197.311675
084_14,s-1.353793,s-0.645945,s76.43608
084_15,s-1.456944,s0.661298,s83.771924
084_16,s-0.740772,s1.361527,s111.270673
084_17,s0.97787,s1.001884,s297.463483
084_18,s-0.629273,s1.739688,s1.553225
084_19,s-1.680577,s-1.084278,s101.500223
084_20,s1.623048,s-0.778277,s209.278812
084_21,s-0.833751,s-1.817927,s218.161732
084_22,s-1.916349,s1.179028,s111.169023
084_23,s-1.280872,s1.536023,s66.434036
084_24,s1.613792,s1.638803,s55.371005
084_25,s1.522809,s0.289055,s216.067609
084_26,s0.468313,s2.404825,s40.113282
084_27,s0.69866,s-1.874,s299.844059
084_28,s-1.377234,s-1.650978,s85.32734
084_29,s2.021313,s0.732662,s236.361939
084_30,s-1.197927,s-2.137164,s183.096492
084_31,s-0.802746,s-2.577906,s217.550163
084_32,s0.922671,s-2.269621,s146.629322
084_33,s2.137907,s-0.848146,s297.113569
084_34,s-2.360949,s-0.431182,s73.976505
084_35,s1.488701,s-1.818315,s164.330764
084_36,s-1.012541,s2.285774,s29.456702
084_37,s-2.124458,s1.666337,s88.150672
084_38,s-1.519058,s2.292371,s101.756916
084_39,s2.016567,s1.30133,s0.723876
084_40,s1.10743,s2.296976,s15.110186
084_41,s2.490596,s1.042561,s288.869752
084_42,s-0.484167,s2.554522,s358.622905
084_43,s-2.90154,s0.762278,s3.688647
084_44,s2.109286,s-1.764486,s306.21191
084_45,s-1.886577,s-2.000832,s210.02924
084_46,s1.397116,s2.767321,s326.568391
084_47,s-2.577456,s-1.329181,s167.508644
084_48,s1.969621,s-2.196154,s152.980053
084_49,s2.056015,s2.184674,s24.162355
084_50,s2.829427,s0.341819,s327.874672
084_51,s1.213886,s-2.852452,s111.28805
084_52,s-2.549588,s2.015466,s27.523502
084_53,s2.389854,s1.729479,s318.209469
084_54,s0.298641,s-3.186034,s44.057785
084_55,s-3.148724,s-0.805009,s192.277539
084_56,s3.010275,s1.580584,s308.518319
084_57,s-0.499709,s-3.413618,s104.547263
084_58,s3.134362,s-1.032365,s16.735136
084_59,s-2.080893,s-2.561227,s185.765985
084_60,s2.525674,s-2.200789,s297.958236
084_61,s-2.572826,s-2.222739,s148.980963
084_62,s-3.701542,s-1.058815,s359.141366
084_63,s0.900721,s-3.330346,s173.154876
084_64,s-2.128665,s2.521663,s14.16456
084_65,s1.500152,s-3.162206,s195.526879
084_66,s0.129557,s-3.547635,s129.630534
084_67,s3.239573,s-0.260131,s248.031166
084_68,s-1.362891,s-3.005417,s132.628938
084_69,s-3.074889,s0.393776,s75.084519
084_70,s-3.274326,s-1.723017,s64.665195
084_71,s2.146335,s-2.827675,s150.297604
084_72,s-1.543913,s3.08526,s325.408847
084_73,s2.384008,s3.211932,s58.059383
084_74,s0.954197,s3.263358,s282.436895
084_75,s-3.238542,s1.789371,s171.920817
084_76,s3.528216,s-1.114311,s279.852836
084_77,s0.242373,s3.140662,s5.976925
084_78,s3.165618,s2.445171,s52.380332
084_79,s-0.594792,s3.44909,s335.074057
084_80,s3.790423,s0.674682,s47.746101
084_81,s3.28234,s-1.707701,s257.485009
084_82,s-2.233555,s3.615762,s262.616415
084_83,s0.962294,s3.830991,s316.530336
085_0,s0.0,s0.0,s61.458974
085_1,s-0.087797,s0.492231,s34.479228
085_2,s0.458878,s0.65531,s347.407842
085_3,s0.369948,s-0.2562,s301.022519
085_4,s-0.404414,s-0.294023,s128.840276
085_5,s0.834052,s-0.454816,s262.731028
085_6,s-0.184418,s-0.778454,s224.38473
085_7,s0.819507,s0.480529,s278.525991
085_8,s-0.836532,s0.331986,s27.229171
085_9,s0.973831,s-1.005809,s247.702628
085_10,s-1.028382,s-0.949964,s213.937165
085_11,s-1.046449,s-0.086287,s57.453197
085_12,s0.705015,s1.491795,s17.209855
085_13,s0.254261,s-1.529003,s197.311675
085_14,s-1.353793,s-0.645945,s76.43608
085_15,s-1.456944,s0.661298,s83.771924
085_16,s-0.740772,s1.361527,s111.270673
085_17,s0.97787,s1.001884,s297.463483
085_18,s-0.629273,s1.739688,s1.553225
085_19,s-1.680577,s-1.084278,s101.500223
085_20,s1.623048,s-0.778277,s209.278812
085_21,s-0.833751,s-1.817927,s218.161732
085_22,s-1.916349,s1.179028,s111.169023
085_23,s-1.280872,s1.536023,s66.434036
085_24,s1.613792,s1.638803,s55.371005
085_25,s1.522809,s0.289055,s216.067609
085_26,s0.468313,s2.404825,s40.113282
085_27,s0.69866,s-1.874,s299.844059
085_28,s-1.377234,s-1.650978,s85.32734
085_29,s2.021313,s0.732662,s236.361939
085_30,s-1.197927,s-2.137164,s183.096492
085_31,s-0.802746,s-2.577906,s217.550163
085_32,s0.922671,s-2.269621,s146.629322
085_33,s2.137907,s-0.848146,s297.113569
085_34,s-2.360949,s-0.431182,s73.976505
085_35,s1.488701,s-1.818315,s164.330764
085_36,s-1.012541,s2.285774,s29.456702
085_37,s-2.124458,s1.666337,s88.150672
085_38,s-1.519058,s2.292371,s101.756916
085_39,s2.016567,s1.30133,s0.723876
085_40,s1.10743,s2.296976,s15.110186
085_41,s2.490596,s1.042561,s288.869752
085_42,s-0.484167,s2.554522,s358.622905
085_43,s-2.90154,s0.762278,s3.688647
085_44,s2.109286,s-1.764486,s306.21191
085_45,s-1.886577,s-2.000832,s210.02924
085_46,s1.397116,s2.767321,s326.568391
085_47,s-2.577456,s-1.329181,s167.508644
085_48,s1.969621,s-2.196154,s152.980053
085_49,s2.056015,s2.184674,s24.162355
085_50,s2.829427,s0.341819,s327.874672
085_51,s1.213886,s-2.852452,s111.28805
085_52,s-2.549588,s2.015466,s27.523502
085_53,s2.389854,s1.729479,s318.209469
085_54,s0.298641,s-3.186034,s44.057785
085_55,s-3.148724,s-0.805009,s192.277539
085_56,s3.010275,s1.580584,s308.518319
085_57,s-0.499709,s-3.413618,s104.547263
085_58,s3.134362,s-1.032365,s16.735136
085_59,s-2.080893,s-2.561227,s185.765985
085_60,s2.525674,s-2.200789,s297.958236
085_61,s-2.572826,s-2.222739,s148.980963
085_62,s-3.701542,s-1.058815,s359.141366
085_63,s0.900721,s-3.330346,s173.154876
085_64,s-2.128665,s2.521663,s14.16456
085_65,s1.500152,s-3.162206,s195.526879
085_66,s0.129557,s-3.547635,s129.630534
085_67,s3.239573,s-0.260131,s248.031166
085_68,s-1.362891,s-3.005417,s132.628938
085_69,s-3.074889,s0.393776,s75.084519
085_70,s-3.274326,s-1.723017,s64.665195
085_71,s2.146335,s-2.827675,s150.297604
085_72,s-1.543913,s3.08526,s325.408847
085_73,s2.384008,s3.211932,s58.059383
085_74,s0.954197,s3.263358,s282.436895
085_75,s-3.238542,s1.789371,s171.920817
085_76,s3.528216,s-1.114311,s279.852836
085_77,s0.242373,s3.140662,s5.976925
085_78,s3.165618,s2.445171,s52.380332
085_79,s-0.594792,s3.44909,s335.074057
085_80,s3.790423,s0.674682,s47.746101
085_81,s3.28234,s-1.707701,s257.485009
085_82,s-2.233555,s3.615762,s262.616415
085_83,s0.962294,s3.830991,s316.530336
085_84,s2.507003,s-2.788806,s278.004905
086_0,s0.0,s0.0,s61.458974
086_1,s-0.087797,s0.492231,s34.479228
086_2,s0.458878,s0.65531,s347.407842
086_3,s0.369948,s-0.2562,s301.022519
086_4,s-0.404414,s-0.294023,s128.840276
086_5,s0.834052,s-0.454816,s262.731028
086_6,s-0.184418,s-0.778454,s224.38473
086_7,s0.819507,s0.480529,s278.525991
086_8,s-0.836532,s0.331986,s27.229171
086_9,s0.973831,s-1.005809,s247.702628
086_10,s-1.028382,s-0.949964,s213.937165
086_11,s-1.046449,s-0.086287,s57.453197
086_12,s0.705015,s1.491795,s17.209855
086_13,s0.254261,s-1.529003,s197.311675
086_14,s-1.353793,s-0.645945,s76.43608
086_15,s-1.456944,s0.661298,s83.771924
086_16,s-0.740772,s1.361527,s111.270673
086_17,s0.97787,s1.001884,s297.463483
086_18,s-0.629273,s1.739688,s1.553225
086_19,s-1.680577,s-1.084278,s101.500223
086_20,s1.623048,s-0.778277,s209.278812
086_21,s-0.833751,s-1.817927,s218.161732
086_22,s-1.916349,s1.179028,s111.169023
086_23,s-1.280872,s1.536023,s66.434036
086_24,s1.613792,s1.638803,s55.371005
086_25,s1.522809,s0.289055,s216.067609
086_26,s0.468313,s2.404825,s40.113282
086_27,s0.69866,s-1.874,s299.844059
086_28,s-1.377234,s-1.650978,s85.32734
086_29,s2.021313,s0.732662,s236.361939
086_30,s-1.197927,s-2.137164,s183.096492
086_31,s-0.802746,s-2.577906,s217.550163
086_32,s0.922671,s-2.269621,s146.629322
086_33,s2.137907,s-0.848146,s297.113569
086_34,s-2.360949,s-0.431182,s73.976505
086_35,s1.488701,s-1.818315,s164.330764
086_36,s-1.012541,s2.285774,s29.456702
086_37,s-2.124458,s1.666337,s88.150672
086_38,s-1.519058,s2.292371,s101.756916
086_39,s2.016567,s1.30133,s0.723876
086_40,s1.10743,s2.296976,s15.110186
086_41,s2.490596,s1.042561,s288.869752
086_42,s-0.484167,s2.554522,s358.622905
086_43,s-2.90154,s0.762278,s3.688647
086_44,s2.109286,s-1.764486,s306.21191
086_45,s-1.886577,s-2.000832,s210.02924
086_46,s1.397116,s2.767321,s326.568391
086_47,s-2.577456,s-1.329181,s167.508644
086_48,s1.969621,s-2.196154,s152.980053
086_49,s2.056015,s2.184674,s24.162355
086_50,s2.829427,s0.341819,s327.874672
086_51,s1.213886,s-2.852452,s111.28805
086_52,s-2.549588,s2.015466,s27.523502
086_53,s2.389854,s1.729479,s318.209469
086_54,s0.298641,s-3.186034,s44.057785
086_55,s-3.148724,s-0.805009,s192.277539
086_56,s3.010275,s1.580584,s308.518319
086_57,s-0.499709,s-3.413618,s104.547263
086_58,s3.134362,s-1.032365,s16.735136
086_59,s-2.080893,s-2.561227,s185.765985
086_60,s2.525674,s-2.200789,s297.958236
086_61,s-2.572826,s-2.222739,s148.980963
086_62,s-3.701542,s-1.058815,s359.141366
086_63,s0.900721,s-3.330346,s173.154876
086_64,s-2.128665,s2.521663,s14.16456
086_65,s1.500152,s-3.162206,s195.526879
086_66,s0.129557,s-3.547635,s129.630534
086_67,s3.239573,s-0.260131,s248.031166
086_68,s-1.362891,s-3.005417,s132.628938
086_69,s-3.074889,s0.393776,s75.084519
086_70,s-3.274326,s-1.723017,s64.665195
086_71,s2.146335,s-2.827675,s150.297604
086_72,s-1.543913,s3.08526,s325.408847
086_73,s2.384008,s3.211932,s58.059383
086_74,s0.954197,s3.263358,s282.436895
086_75,s-3.238542,s1.789371,s171.920817
086_76,s3.528216,s-1.114311,s279.852836
086_77,s0.242373,s3.140662,s5.976925
086_78,s3.165618,s2.445171,s52.380332
086_79,s-0.594792,s3.44909,s335.074057
086_80,s3.790423,s0.674682,s47.746101
086_81,s3.28234,s-1.707701,s257.485009
086_82,s-2.233555,s3.615762,s262.616415
086_83,s0.962294,s3.830991,s316.530336
086_84,s2.507003,s-2.788806,s278.004905
086_85,s-1.071253,s-3.853883,s213.675847
087_0,s0.0,s0.0,s61.458974
087_1,s-0.087797,s0.492231,s34.479228
087_2,s0.458878,s0.65531,s347.407842
087_3,s0.369948,s-0.2562,s301.022519
087_4,s-0.404414,s-0.294023,s128.840276
087_5,s0.834052,s-0.454816,s262.731028
087_6,s-0.184418,s-0.778454,s224.38473
087_7,s0.819507,s0.480529,s278.525991
087_8,s-0.836532,s0.331986,s27.229171
087_9,s0.973831,s-1.005809,s247.702628
087_10,s-1.028382,s-0.949964,s213.937165
087_11,s-1.046449,s-0.086287,s57.453197
087_12,s0.705015,s1.491795,s17.209855
087_13,s0.254261,s-1.529003,s197.311675
087_14,s-1.353793,s-0.645945,s76.43608
087_15,s-1.456944,s0.661298,s83.771924
087_16,s-0.740772,s1.361527,s111.270673
087_17,s0.97787,s1.001884,s297.463483
087_18,s-0.629273,s1.739688,s1.553225
087_19,s-1.680577,s-1.084278,s101.500223
087_20,s1.623048,s-0.778277,s209.278812
087_21,s-0.833751,s-1.817927,s218.161732
087_22,s-1.916349,s1.179028,s111.169023
087_23,s-1.280872,s1.536023,s66.434036
087_24,s1.613792,s1.638803,s55.371005
087_25,s1.522809,s0.289055,s216.067609
087_26,s0.468313,s2.404825,s40.113282
087_27,s0.69866,s-1.874,s299.844059
087_28,s-1.377234,s-1.650978,s85.32734
087_29,s2.021313,s0.732662,s236.361939
087_30,s-1.197927,s-2.137164,s183.096492
087_31,s-0.802746,s-2.577906,s217.550163
087_32,s0.922671,s-2.269621,s146.629322
087_33,s2.137907,s-0.848146,s297.113569
087_34,s-2.360949,s-0.431182,s73.976505
087_35,s1.488701,s-1.818315,s164.330764
087_36,s-1.012541,s2.285774,s29.456702
087_37,s-2.124458,s1.666337,s88.150672
087_38,s-1.519058,s2.292371,s101.756916
087_39,s2.016567,s1.30133,s0.723876
087_40,s1.10743,s2.296976,s15.110186
087_41,s2.490596,s1.042561,s288.869752
087_42,s-0.484167,s2.554522,s358.622905
087_43,s-2.90154,s0.762278,s3.688647
087_44,s2.109286,s-1.764486,s306.21191
087_45,s-1.886577,s-2.000832,s210.02924
087_46,s1.397116,s2.767321,s326.568391
087_47,s-2.577456,s-1.329181,s167.508644
087_48,s1.969621,s-2.196154,s152.980053
087_49,s2.056015,s2.184674,s24.162355
087_50,s2.829427,s0.341819,s327.874672
087_51,s1.213886,s-2.852452,s111.28805
087_52,s-2.549588,s2.015466,s27.523502
087_53,s2.389854,s1.729479,s318.209469
087_54,s0.298641,s-3.186034,s44.057785
087_55,s-3.148724,s-0.805009,s192.277539
087_56,s3.010275,s1.580584,s308.518319
087_57,s-0.499709,s-3.413618,s104.547263
087_58,s3.134362,s-1.032365,s16.735136
087_59,s-2.080893,s-2.561227,s185.765985
087_60,s2.525674,s-2.200789,s297.958236
087_61,s-2.572826,s-2.222739,s148.980963
087_62,s-3.701542,s-1.058815,s359.141366
087_63,s0.900721,s-3.330346,s173.154876
087_64,s-2.128665,s2.521663,s14.16456
087_65,s1.500152,s-3.162206,s195.526879
087_66,s0.129557,s-3.547635,s129.630534
087_67,s3.239573,s-0.260131,s248.031166
087_68,s-1.362891,s-3.005417,s132.628938
087_69,s-3.074889,s0.393776,s75.084519
087_70,s-3.274326,s-1.723017,s64.665195
087_71,s2.146335,s-2.827675,s150.297604
087_72,s-1.543913,s3.08526,s325.408847
087_73,s2.384008,s3.211932,s58.059383
087_74,s0.954197,s3.263358,s282.436895
087_75,s-3.238542,s1.789371,s171.920817
087_76,s3.528216,s-1.114311,s279.852836
087_77,s0.242373,s3.140662,s5.976925
087_78,s3.165618,s2.445171,s52.380332
087_79,s-0.594792,s3.44909,s335.074057
087_80,s3.790423,s0.674682,s47.746101
087_81,s3.28234,s-1.707701,s257.485009
087_82,s-2.233555,s3.615762,s262.616415
087_83,s0.962294,s3.830991,s316.530336
087_84,s2.507003,s-2.788806,s278.004905
087_85,s-1.071253,s-3.853883,s213.675847
087_86,s-3.63722,s1.100286,s47.100179
088_0,s0.0,s0.0,s61.458974
088_1,s-0.087797,s0.492231,s34.479228
088_2,s0.458878,s0.65531,s347.407842
088_3,s0.369948,s-0.2562,s301.022519
088_4,s-0.404414,s-0.294023,s128.840276
088_5,s0.834052,s-0.454816,s262.731028
088_6,s-0.184418,s-0.778454,s224.38473
088_7,s0.819507,s0.480529,s278.525991
088_8,s-0.836532,s0.331986,s27.229171
088_9,s0.973831,s-1.005809,s247.702628
088_10,s-1.028382,s-0.949964,s213.937165
088_11,s-1.046449,s-0.086287,s57.453197
088_12,s0.705015,s1.491795,s17.209855
088_13,s0.254261,s-1.529003,s197.311675
088_14,s-1.353793,s-0.645945,s76.43608
088_15,s-1.456944,s0.661298,s83.771924
088_16,s-0.740772,s1.361527,s111.270673
088_17,s0.97787,s1.001884,s297.463483
088_18,s-0.629273,s1.739688,s1.553225
088_19,s-1.680577,s-1.084278,s101.500223
088_20,s1.623048,s-0.778277,s209.278812
088_21,s-0.833751,s-1.817927,s218.161732
088_22,s-1.916349,s1.179028,s111.169023
088_23,s-1.280872,s1.536023,s66.434036
088_24,s1.613792,s1.638803,s55.371005
088_25,s1.522809,s0.289055,s216.067609
088_26,s0.468313,s2.404825,s40.113282
088_27,s0.69866,s-1.874,s299.844059
088_28,s-1.377234,s-1.650978,s85.32734
088_29,s2.021313,s0.732662,s236.361939
088_30,s-1.197927,s-2.137164,s183.096492
088_31,s-0.802746,s-2.577906,s217.550163
088_32,s0.922671,s-2.269621,s146.629322
088_33,s2.137907,s-0.848146,s297.113569
088_34,s-2.360949,s-0.431182,s73.976505
088_35,s1.488701,s-1.818315,s164.330764
088_36,s-1.012541,s2.285774,s29.456702
088_37,s-2.124458,s1.666337,s88.150672
088_38,s-1.519058,s2.292371,s101.756916
088_39,s2.016567,s1.30133,s0.723876
088_40,s1.10743,s2.296976,s15.110186
088_41,s2.490596,s1.042561,s288.869752
088_42,s-0.484167,s2.554522,s358.622905
088_43,s-2.90154,s0.762278,s3.688647
088_44,s2.109286,s-1.764486,s306.21191
088_45,s-1.886577,s-2.000832,s210.02924
088_46,s1.397116,s2.767321,s326.568391
088_47,s-2.577456,s-1.329181,s167.508644
088_48,s1.969621,s-2.196154,s152.980053
088_49,s2.056015,s2.184674,s24.162355
088_50,s2.829427,s0.341819,s327.874672
088_51,s1.213886,s-2.852452,s111.28805
088_52,s-2.549588,s2.015466,s27.523502
088_53,s2.389854,s1.729479,s318.209469
088_54,s0.298641,s-3.186034,s44.057785
088_55,s-3.148724,s-0.805009,s192.277539
088_56,s3.010275,s1.580584,s308.518319
088_57,s-0.499709,s-3.413618,s104.547263
088_58,s3.134362,s-1.032365,s16.735136
088_59,s-2.080893,s-2.561227,s185.765985
088_60,s2.525674,s-2.200789,s297.958236
088_61,s-2.572826,s-2.222739,s148.980963
088_62,s-3.701542,s-1.058815,s359.141366
088_63,s0.900721,s-3.330346,s173.154876
088_64,s-2.128665,s2.521663,s14.16456
088_65,s1.500152,s-3.162206,s195.526879
088_66,s0.129557,s-3.547635,s129.630534
088_67,s3.239573,s-0.260131,s248.031166
088_68,s-1.362891,s-3.005417,s132.628938
088_69,s-3.074889,s0.393776,s75.084519
088_70,s-3.274326,s-1.723017,s64.665195
088_71,s2.146335,s-2.827675,s150.297604
088_72,s-1.543913,s3.08526,s325.408847
088_73,s2.384008,s3.211932,s58.059383
088_74,s0.954197,s3.263358,s282.436895
088_75,s-3.238542,s1.789371,s171.920817
088_76,s3.528216,s-1.114311,s279.852836
088_77,s0.242373,s3.140662,s5.976925
088_78,s3.165618,s2.445171,s52.380332
088_79,s-0.594792,s3.44909,s335.074057
088_80,s3.790423,s0.674682,s47.746101
088_81,s3.28234,s-1.707701,s257.485009
088_82,s-2.233555,s3.615762,s262.616415
088_83,s0.962294,s3.830991,s316.530336
088_84,s2.507003,s-2.788806,s278.004905
088_85,s-1.071253,s-3.853883,s213.675847
088_86,s-3.63722,s1.100286,s47.100179
088_87,s-2.592469,s3.046162,s92.648657
089_0,s0.0,s0.0,s61.458974
089_1,s-0.087797,s0.492231,s34.479228
089_2,s0.458878,s0.65531,s347.407842
089_3,s0.369948,s-0.2562,s301.022519
089_4,s-0.404414,s-0.294023,s128.840276
089_5,s0.834052,s-0.454816,s262.731028
089_6,s-0.184418,s-0.778454,s224.38473
089_7,s0.819507,s0.480529,s278.525991
089_8,s-0.836532,s0.331986,s27.229171
089_9,s0.973831,s-1.005809,s247.702628
089_10,s-1.028382,s-0.949964,s213.937165
089_11,s-1.046449,s-0.086287,s57.453197
089_12,s0.705015,s1.491795,s17.209855
089_13,s0.254261,s-1.529003,s197.311675
089_14,s-1.353793,s-0.645945,s76.43608
089_15,s-1.456944,s0.661298,s83.771924
089_16,s-0.740772,s1.361527,s111.270673
089_17,s0.97787,s1.001884,s297.463483
089_18,s-0.629273,s1.739688,s1.553225
089_19,s-1.680577,s-1.084278,s101.500223
089_20,s1.623048,s-0.778277,s209.278812
089_21,s-0.833751,s-1.817927,s218.161732
089_22,s-1.916349,s1.179028,s111.169023
089_23,s-1.280872,s1.536023,s66.434036
089_24,s1.613792,s1.638803,s55.371005
089_25,s1.522809,s0.289055,s216.067609
089_26,s0.468313,s2.404825,s40.113282
089_27,s0.69866,s-1.874,s299.844059
089_28,s-1.377234,s-1.650978,s85.32734
089_29,s2.021313,s0.732662,s236.361939
089_30,s-1.197927,s-2.137164,s183.096492
089_31,s-0.802746,s-2.577906,s217.550163
089_32,s0.922671,s-2.269621,s146.629322
089_33,s2.137907,s-0.848146,s297.113569
089_34,s-2.360949,s-0.431182,s73.976505
089_35,s1.488701,s-1.818315,s164.330764
089_36,s-1.012541,s2.285774,s29.456702
089_37,s-2.124458,s1.666337,s88.150672
089_38,s-1.519058,s2.292371,s101.756916
089_39,s2.016567,s1.30133,s0.723876
089_40,s1.10743,s2.296976,s15.110186
089_41,s2.490596,s1.042561,s288.869752
089_42,s-0.484167,s2.554522,s358.622905
089_43,s-2.90154,s0.762278,s3.688647
089_44,s2.109286,s-1.764486,s306.21191
089_45,s-1.886577,s-2.000832,s210.02924
089_46,s1.397116,s2.767321,s326.568391
089_47,s-2.577456,s-1.329181,s167.508644
089_48,s1.969621,s-2.196154,s152.980053
089_49,s2.056015,s2.184674,s24.162355
089_50,s2.829427,s0.341819,s327.874672
089_51,s1.213886,s-2.852452,s111.28805
089_52,s-2.549588,s2.015466,s27.523502
089_53,s2.389854,s1.729479,s318.209469
089_54,s0.298641,s-3.186034,s44.057785
089_55,s-3.148724,s-0.805009,s192.277539
089_56,s3.010275,s1.580584,s308.518319
089_57,s-0.499709,s-3.413618,s104.547263
089_58,s3.134362,s-1.032365,s16.735136
089_59,s-2.080893,s-2.561227,s185.765985
089_60,s2.525674,s-2.200789,s297.958236
089_61,s-2.572826,s-2.222739,s148.980963
089_62,s-3.701542,s-1.058815,s359.141366
089_63,s0.900721,s-3.330346,s173.154876
089_64,s-2.128665,s2.521663,s14.16456
089_65,s1.500152,s-3.162206,s195.526879
089_66,s0.129557,s-3.547635,s129.630534
089_67,s3.239573,s-0.260131,s248.031166
089_68,s-1.362891,s-3.005417,s132.628938
089_69,s-3.074889,s0.393776,s75.084519
089_70,s-3.274326,s-1.723017,s64.665195
089_71,s2.146335,s-2.827675,s150.297604
089_72,s-1.543913,s3.08526,s325.408847
089_73,s2.384008,s3.211932,s58.059383
089_74,s0.954197,s3.263358,s282.436895
089_75,s-3.238542,s1.789371,s171.920817
089_76,s3.528216,s-1.114311,s279.852836
089_77,s0.242373,s3.140662,s5.976925
089_78,s3.165618,s2.445171,s52.380332
089_79,s-0.594792,s3.44909,s335.074057
089_80,s3.790423,s0.674682,s47.746101
089_81,s3.28234,s-1.707701,s257.485009
089_82,s-2.233555,s3.615762,s262.616415
089_83,s0.962294,s3.830991,s316.530336
089_84,s2.507003,s-2.788806,s278.004905
089_85,s-1.071253,s-3.853883,s213.675847
089_86,s-3.63722,s1.100286,s47.100179
089_87,s-2.592469,s3.046162,s92.648657
089_88,s3.297121,s-2.264727,s247.847907
090_0,s0.0,s0.0,s61.458974
090_1,s-0.087797,s0.492231,s34.479228
090_2,s0.458878,s0.65531,s347.407842
090_3,s0.369948,s-0.2562,s301.022519
090_4,s-0.404414,s-0.294023,s128.840276
090_5,s0.834052,s-0.454816,s262.731028
090_6,s-0.184418,s-0.778454,s224.38473
090_7,s0.819507,s0.480529,s278.525991
090_8,s-0.836532,s0.331986,s27.229171
090_9,s0.973831,s-1.005809,s247.702628
090_10,s-1.028382,s-0.949964,s213.937165
090_11,s-1.046449,s-0.086287,s57.453197
090_12,s0.705015,s1.491795,s17.209855
090_13,s0.254261,s-1.529003,s197.311675
090_14,s-1.353793,s-0.645945,s76.43608
090_15,s-1.456944,s0.661298,s83.771924
090_16,s-0.740772,s1.361527,s111.270673
090_17,s0.97787,s1.001884,s297.463483
090_18,s-0.629273,s1.739688,s1.553225
090_19,s-1.680577,s-1.084278,s101.500223
090_20,s1.623048,s-0.778277,s209.278812
090_21,s-0.833751,s-1.817927,s218.161732
090_22,s-1.916349,s1.179028,s111.169023
090_23,s-1.280872,s1.536023,s66.434036
090_24,s1.613792,s1.638803,s55.371005
090_25,s1.522809,s0.289055,s216.067609
090_26,s0.468313,s2.404825,s40.113282
090_27,s0.69866,s-1.874,s299.844059
090_28,s-1.377234,s-1.650978,s85.32734
090_29,s2.021313,s0.732662,s236.361939
090_30,s-1.197927,s-2.137164,s183.096492
090_31,s-0.802746,s-2.577906,s217.550163
090_32,s0.922671,s-2.269621,s146.629322
090_33,s2.137907,s-0.848146,s297.113569
090_34,s-2.360949,s-0.431182,s73.976505
090_35,s1.488701,s-1.818315,s164.330764
090_36,s-1.012541,s2.285774,s29.456702
090_37,s-2.124458,s1.666337,s88.150672
090_38,s-1.519058,s2.292371,s101.756916
090_39,s2.016567,s1.30133,s0.723876
090_40,s1.10743,s2.296976,s15.110186
090_41,s2.490596,s1.042561,s288.869752
090_42,s-0.484167,s2.554522,s358.622905
090_43,s-2.90154,s0.762278,s3.688647
090_44,s2.109286,s-1.764486,s306.21191
090_45,s-1.886577,s-2.000832,s210.02924
090_46,s1.397116,s2.767321,s326.568391
090_47,s-2.577456,s-1.329181,s167.508644
090_48,s1.969621,s-2.196154,s152.980053
090_49,s2.056015,s2.184674,s24.162355
090_50,s2.829427,s0.341819,s327.874672
090_51,s1.213886,s-2.852452,s111.28805
090_52,s-2.549588,s2.015466,s27.523502
090_53,s2.389854,s1.729479,s318.209469
090_54,s0.298641,s-3.186034,s44.057785
090_55,s-3.148724,s-0.805009,s192.277539
090_56,s3.010275,s1.580584,s308.518319
090_57,s-0.499709,s-3.413618,s104.547263
090_58,s3.134362,s-1.032365,s16.735136
090_59,s-2.080893,s-2.561227,s185.765985
090_60,s2.525674,s-2.200789,s297.958236
090_61,s-2.572826,s-2.222739,s148.980963
090_62,s-3.701542,s-1.058815,s359.141366
090_63,s0.900721,s-3.330346,s173.154876
090_64,s-2.128665,s2.521663,s14.16456
090_65,s1.500152,s-3.162206,s195.526879
090_66,s0.129557,s-3.547635,s129.630534
090_67,s3.239573,s-0.260131,s248.031166
090_68,s-1.362891,s-3.005417,s132.628938
090_69,s-3.074889,s0.393776,s75.084519
090_70,s-3.274326,s-1.723017,s64.665195
090_71,s2.146335,s-2.827675,s150.297604
090_72,s-1.543913,s3.08526,s325.408847
090_73,s2.384008,s3.211932,s58.059383
090_74,s0.954197,s3.263358,s282.436895
090_75,s-3.238542,s1.789371,s171.920817
090_76,s3.528216,s-1.114311,s279.852836
090_77,s0.242373,s3.140662,s5.976925
090_78,s3.165618,s2.445171,s52.380332
090_79,s-0.594792,s3.44909,s335.074057
090_80,s3.790423,s0.674682,s47.746101
090_81,s3.28234,s-1.707701,s257.485009
090_82,s-2.233555,s3.615762,s262.616415
090_83,s0.962294,s3.830991,s316.530336
090_84,s2.507003,s-2.788806,s278.004905
090_85,s-1.071253,s-3.853883,s213.675847
090_86,s-3.63722,s1.100286,s47.100179
090_87,s-2.592469,s3.046162,s92.648657
090_88,s3.297121,s-2.264727,s247.847907
090_89,s2.287782,s-3.341939,s238.776418
091_0,s0.0,s0.0,s61.458974
091_1,s-0.087797,s0.492231,s34.479228
091_2,s0.458878,s0.65531,s347.407842
091_3,s0.369948,s-0.2562,s301.022519
091_4,s-0.404414,s-0.294023,s128.840276
091_5,s0.834052,s-0.454816,s262.731028
091_6,s-0.184418,s-0.778454,s224.38473
091_7,s0.819507,s0.480529,s278.525991
091_8,s-0.836532,s0.331986,s27.229171
091_9,s0.973831,s-1.005809,s247.702628
091_10,s-1.028382,s-0.949964,s213.937165
091_11,s-1.046449,s-0.086287,s57.453197
091_12,s0.705015,s1.491795,s17.209855
091_13,s0.254261,s-1.529003,s197.311675
091_14,s-1.353793,s-0.645945,s76.43608
091_15,s-1.456944,s0.661298,s83.771924
091_16,s-0.740772,s1.361527,s111.270673
091_17,s0.97787,s1.001884,s297.463483
091_18,s-0.629273,s1.739688,s1.553225
091_19,s-1.680577,s-1.084278,s101.500223
091_20,s1.623048,s-0.778277,s209.278812
091_21,s-0.833751,s-1.817927,s218.161732
091_22,s-1.916349,s1.179028,s111.169023
091_23,s-1.280872,s1.536023,s66.434036
091_24,s1.613792,s1.638803,s55.371005
091_25,s1.522809,s0.289055,s216.067609
091_26,s0.468313,s2.404825,s40.113282
091_27,s0.69866,s-1.874,s299.844059
091_28,s-1.377234,s-1.650978,s85.32734
091_29,s2.021313,s0.732662,s236.361939
091_30,s-1.197927,s-2.137164,s183.096492
091_31,s-0.802746,s-2.577906,s217.550163
091_32,s0.922671,s-2.269621,s146.629322
091_33,s2.137907,s-0.848146,s297.113569
091_34,s-2.360949,s-0.431182,s73.976505
091_35,s1.488701,s-1.818315,s164.330764
091_36,s-1.012541,s2.285774,s29.456702
091_37,s-2.124458,s1.666337,s88.150672
091_38,s-1.519058,s2.292371,s101.756916
091_39,s2.016567,s1.30133,s0.723876
091_40,s1.10743,s2.296976,s15.110186
091_41,s2.490596,s1.042561,s288.869752
091_42,s-0.484167,s2.554522,s358.622905
091_43,s-2.90154,s0.762278,s3.688647
091_44,s2.109286,s-1.764486,s306.21191
091_45,s-1.886577,s-2.000832,s210.02924
091_46,s1.397116,s2.767321,s326.568391
091_47,s-2.577456,s-1.329181,s167.508644
091_48,s1.969621,s-2.196154,s152.980053
091_49,s2.056015,s2.184674,s24.162355
091_50,s2.829427,s0.341819,s327.874672
091_51,s1.213886,s-2.852452,s111.28805
091_52,s-2.549588,s2.015466,s27.523502
091_53,s2.389854,s1.729479,s318.209469
091_54,s0.298641,s-3.186034,s44.057785
091_55,s-3.148724,s-0.805009,s192.277539
091_56,s3.010275,s1.580584,s308.518319
091_57,s-0.499709,s-3.413618,s104.547263
091_58,s3.134362,s-1.032365,s16.735136
091_59,s-2.080893,s-2.561227,s185.765985
091_60,s2.525674,s-2.200789,s297.958236
091_61,s-2.572826,s-2.222739,s148.980963
091_62,s-3.701542,s-1.058815,s359.141366
091_63,s0.900721,s-3.330346,s173.154876
091_64,s-2.128665,s2.521663,s14.16456
091_65,s1.500152,s-3.162206,s195.526879
091_66,s0.129557,s-3.547635,s129.630534
091_67,s3.239573,s-0.260131,s248.031166
091_68,s-1.362891,s-3.005417,s132.628938
091_69,s-3.074889,s0.393776,s75.084519
091_70,s-3.274326,s-1.723017,s64.665195
091_71,s2.146335,s-2.827675,s150.297604
091_72,s-1.543913,s3.08526,s325.408847
091_73,s2.384008,s3.211932,s58.059383
091_74,s0.954197,s3.263358,s282.436895
091_75,s-3.238542,s1.789371,s171.920817
091_76,s3.528216,s-1.114311,s279.852836
091_77,s0.242373,s3.140662,s5.976925
091_78,s3.165618,s2.445171,s52.380332
091_79,s-0.594792,s3.44909,s335.074057
091_80,s3.790423,s0.674682,s47.746101
091_81,s3.28234,s-1.707701,s257.485009
091_82,s-2.233555,s3.615762,s262.616415
091_83,s0.962294,s3.830991,s316.530336
091_84,s2.507003,s-2.788806,s278.004905
091_85,s-1.071253,s-3.853883,s213.675847
091_86,s-3.63722,s1.100286,s47.100179
091_87,s-2.592469,s3.046162,s92.648657
091_88,s3.297121,s-2.264727,s247.847907
091_89,s2.287782,s-3.341939,s238.776418
091_90,s-3.659059,s-2.061865,s92.429683
092_0,s0.0,s0.0,s61.458974
092_1,s-0.087797,s0.492231,s34.479228
092_2,s0.458878,s0.65531,s347.407842
092_3,s0.369948,s-0.2562,s301.022519
092_4,s-0.404414,s-0.294023,s128.840276
092_5,s0.834052,s-0.454816,s262.731028
092_6,s-0.184418,s-0.778454,s224.38473
092_7,s0.819507,s0.480529,s278.525991
092_8,s-0.836532,s0.331986,s27.229171
092_9,s0.973831,s-1.005809,s247.702628
092_10,s-1.028382,s-0.949964,s213.937165
092_11,s-1.046449,s-0.086287,s57.453197
092_12,s0.705015,s1.491795,s17.209855
092_13,s0.254261,s-1.529003,s197.311675
092_14,s-1.353793,s-0.645945,s76.43608
092_15,s-1.456944,s0.661298,s83.771924
092_16,s-0.740772,s1.361527,s111.270673
092_17,s0.97787,s1.001884,s297.463483
092_18,s-0.629273,s1.739688,s1.553225
092_19,s-1.680577,s-1.084278,s101.500223
092_20,s1.623048,s-0.778277,s209.278812
092_21,s-0.833751,s-1.817927,s218.161732
092_22,s-1.916349,s1.179028,s111.169023
092_23,s-1.280872,s1.536023,s66.434036
092_24,s1.613792,s1.638803,s55.371005
092_25,s1.522809,s0.289055,s216.067609
092_26,s0.468313,s2.404825,s40.113282
092_27,s0.69866,s-1.874,s299.844059
092_28,s-1.377234,s-1.650978,s85.32734
092_29,s2.021313,s0.732662,s236.361939
092_30,s-1.197927,s-2.137164,s183.096492
092_31,s-0.802746,s-2.577906,s217.550163
092_32,s0.922671,s-2.269621,s146.629322
092_33,s2.137907,s-0.848146,s297.113569
092_34,s-2.360949,s-0.431182,s73.976505
092_35,s1.488701,s-1.818315,s164.330764
092_36,s-1.012541,s2.285774,s29.456702
092_37,s-2.124458,s1.666337,s88.150672
092_38,s-1.519058,s2.292371,s101.756916
092_39,s2.016567,s1.30133,s0.723876
092_40,s1.10743,s2.296976,s15.110186
092_41,s2.490596,s1.042561,s288.869752
092_42,s-0.484167,s2.554522,s358.622905
092_43,s-2.90154,s0.762278,s3.688647
092_44,s2.109286,s-1.764486,s306.21191
092_45,s-1.886577,s-2.000832,s210.02924
092_46,s1.397116,s2.767321,s326.568391
092_47,s-2.577456,s-1.329181,s167.508644
092_48,s1.969621,s-2.196154,s152.980053
092_49,s2.056015,s2.184674,s24.162355
092_50,s2.829427,s0.341819,s327.874672
092_51,s1.213886,s-2.852452,s111.28805
092_52,s-2.549588,s2.015466,s27.523502
092_53,s2.389854,s1.729479,s318.209469
092_54,s0.298641,s-3.186034,s44.057785
092_55,s-3.148724,s-0.805009,s192.277539
092_56,s3.010275,s1.580584,s308.518319
092_57,s-0.499709,s-3.413618,s104.547263
092_58,s3.134362,s-1.032365,s16.735136
092_59,s-2.080893,s-2.561227,s185.765985
092_60,s2.525674,s-2.200789,s297.958236
092_61,s-2.572826,s-2.222739,s148.980963
092_62,s-3.701542,s-1.058815,s359.141366
092_63,s0.900721,s-3.330346,s173.154876
092_64,s-2.128665,s2.521663,s14.16456
092_65,s1.500152,s-3.162206,s195.526879
092_66,s0.129557,s-3.547635,s129.630534
092_67,s3.239573,s-0.260131,s248.031166
092_68,s-1.362891,s-3.005417,s132.628938
092_69,s-3.074889,s0.393776,s75.084519
092_70,s-3.274326,s-1.723017,s64.665195
092_71,s2.146335,s-2.827675,s150.297604
092_72,s-1.543913,s3.08526,s325.408847
092_73,s2.384008,s3.211932,s58.059383
092_74,s0.954197,s3.263358,s282.436895
092_75,s-3.238542,s1.789371,s171.920817
092_76,s3.528216,s-1.114311,s279.852836
092_77,s0.242373,s3.140662,s5.976925
092_78,s3.165618,s2.445171,s52.380332
092_79,s-0.594792,s3.44909,s335.074057
092_80,s3.790423,s0.674682,s47.746101
092_81,s3.28234,s-1.707701,s257.485009
092_82,s-2.233555,s3.615762,s262.616415
092_83,s0.962294,s3.830991,s316.530336
092_84,s2.507003,s-2.788806,s278.004905
092_85,s-1.071253,s-3.853883,s213.675847
092_86,s-3.63722,s1.100286,s47.100179
092_87,s-2.592469,s3.046162,s92.648657
092_88,s3.297121,s-2.264727,s247.847907
092_89,s2.287782,s-3.341939,s238.776418
092_90,s-3.659059,s-2.061865,s92.429683
092_91,s3.761597,s1.205359,s4.035417
093_0,s0.0,s0.0,s61.458974
093_1,s-0.087797,s0.492231,s34.479228
093_2,s0.458878,s0.65531,s347.407842
093_3,s0.369948,s-0.2562,s301.022519
093_4,s-0.404414,s-0.294023,s128.840276
093_5,s0.834052,s-0.454816,s262.731028
093_6,s-0.184418,s-0.778454,s224.38473
093_7,s0.819507,s0.480529,s278.525991
093_8,s-0.836532,s0.331986,s27.229171
093_9,s0.973831,s-1.005809,s247.702628
093_10,s-1.028382,s-0.949964,s213.937165
093_11,s-1.046449,s-0.086287,s57.453197
093_12,s0.705015,s1.491795,s17.209855
093_13,s0.254261,s-1.529003,s197.311675
093_14,s-1.353793,s-0.645945,s76.43608
093_15,s-1.456944,s0.661298,s83.771924
093_16,s-0.740772,s1.361527,s111.270673
093_17,s0.97787,s1.001884,s297.463483
093_18,s-0.629273,s1.739688,s1.553225
093_19,s-1.680577,s-1.084278,s101.500223
093_20,s1.623048,s-0.778277,s209.278812
093_21,s-0.833751,s-1.817927,s218.161732
093_22,s-1.916349,s1.179028,s111.169023
093_23,s-1.280872,s1.536023,s66.434036
093_24,s1.613792,s1.638803,s55.371005
093_25,s1.522809,s0.289055,s216.067609
093_26,s0.468313,s2.404825,s40.113282
093_27,s0.69866,s-1.874,s299.844059
093_28,s-1.377234,s-1.650978,s85.32734
093_29,s2.021313,s0.732662,s236.361939
093_30,s-1.197927,s-2.137164,s183.096492
093_31,s-0.802746,s-2.577906,s217.550163
093_32,s0.922671,s-2.269621,s146.629322
093_33,s2.137907,s-0.848146,s297.113569
093_34,s-2.360949,s-0.431182,s73.976505
093_35,s1.488701,s-1.818315,s164.330764
093_36,s-1.012541,s2.285774,s29.456702
093_37,s-2.124458,s1.666337,s88.150672
093_38,s-1.519058,s2.292371,s101.756916
093_39,s2.016567,s1.30133,s0.723876
093_40,s1.10743,s2.296976,s15.110186
093_41,s2.490596,s1.042561,s288.869752
093_42,s-0.484167,s2.554522,s358.622905
093_43,s-2.90154,s0.762278,s3.688647
093_44,s2.109286,s-1.764486,s306.21191
093_45,s-1.886577,s-2.000832,s210.02924
093_46,s1.397116,s2.767321,s326.568391
093_47,s-2.577456,s-1.329181,s167.508644
093_48,s1.969621,s-2.196154,s152.980053
093_49,s2.056015,s2.184674,s24.162355
093_50,s2.829427,s0.341819,s327.874672
093_51,s1.213886,s-2.852452,s111.28805
093_52,s-2.549588,s2.015466,s27.523502
093_53,s2.389854,s1.729479,s318.209469
093_54,s0.298641,s-3.186034,s44.057785
093_55,s-3.148724,s-0.805009,s192.277539
093_56,s3.010275,s1.580584,s308.518319
093_57,s-0.499709,s-3.413618,s104.547263
093_58,s3.134362,s-1.032365,s16.735136
093_59,s-2.080893,s-2.561227,s185.765985
093_60,s2.525674,s-2.200789,s297.958236
093_61,s-2.572826,s-2.222739,s148.980963
093_62,s-3.701542,s-1.058815,s359.141366
093_63,s0.900721,s-3.330346,s173.154876
093_64,s-2.128665,s2.521663,s14.16456
093_65,s1.500152,s-3.162206,s195.526879
093_66,s0.129557,s-3.547635,s129.630534
093_67,s3.239573,s-0.260131,s248.031166
093_68,s-1.362891,s-3.005417,s132.628938
093_69,s-3.074889,s0.393776,s75.084519
093_70,s-3.274326,s-1.723017,s64.665195
093_71,s2.146335,s-2.827675,s150.297604
093_72,s-1.543913,s3.08526,s325.408847
093_73,s2.384008,s3.211932,s58.059383
093_74,s0.954197,s3.263358,s282.436895
093_75,s-3.238542,s1.789371,s171.920817
093_76,s3.528216,s-1.114311,s279.852836
093_77,s0.242373,s3.140662,s5.976925
093_78,s3.165618,s2.445171,s52.380332
093_79,s-0.594792,s3.44909,s335.074057
093_80,s3.790423,s0.674682,s47.746101
093_81,s3.28234,s-1.707701,s257.485009
093_82,s-2.233555,s3.615762,s262.616415
093_83,s0.962294,s3.830991,s316.530336
093_84,s2.507003,s-2.788806,s278.004905
093_85,s-1.071253,s-3.853883,s213.675847
093_86,s-3.63722,s1.100286,s47.100179
093_87,s-2.592469,s3.046162,s92.648657
093_88,s3.297121,s-2.264727,s247.847907
093_89,s2.287782,s-3.341939,s238.776418
093_90,s-3.659059,s-2.061865,s92.429683
093_91,s3.761597,s1.205359,s4.035417
093_92,s-1.722798,s4.048699,s270.930403
094_0,s0.0,s0.0,s61.458974
094_1,s-0.087797,s0.492231,s34.479228
094_2,s0.458878,s0.65531,s347.407842
094_3,s0.369948,s-0.2562,s301.022519
094_4,s-0.404414,s-0.294023,s128.840276
094_5,s0.834052,s-0.454816,s262.731028
094_6,s-0.184418,s-0.778454,s224.38473
094_7,s0.819507,s0.480529,s278.525991
094_8,s-0.836532,s0.331986,s27.229171
094_9,s0.973831,s-1.005809,s247.702628
094_10,s-1.028382,s-0.949964,s213.937165
094_11,s-1.046449,s-0.086287,s57.453197
094_12,s0.705015,s1.491795,s17.209855
094_13,s0.254261,s-1.529003,s197.311675
094_14,s-1.353793,s-0.645945,s76.43608
094_15,s-1.456944,s0.661298,s83.771924
094_16,s-0.740772,s1.361527,s111.270673
094_17,s0.97787,s1.001884,s297.463483
094_18,s-0.629273,s1.739688,s1.553225
094_19,s-1.680577,s-1.084278,s101.500223
094_20,s1.623048,s-0.778277,s209.278812
094_21,s-0.833751,s-1.817927,s218.161732
094_22,s-1.916349,s1.179028,s111.169023
094_23,s-1.280872,s1.536023,s66.434036
094_24,s1.613792,s1.638803,s55.371005
094_25,s1.522809,s0.289055,s216.067609
094_26,s0.468313,s2.404825,s40.113282
094_27,s0.69866,s-1.874,s299.844059
094_28,s-1.377234,s-1.650978,s85.32734
094_29,s2.021313,s0.732662,s236.361939
094_30,s-1.197927,s-2.137164,s183.096492
094_31,s-0.802746,s-2.577906,s217.550163
094_32,s0.922671,s-2.269621,s146.629322
094_33,s2.137907,s-0.848146,s297.113569
094_34,s-2.360949,s-0.431182,s73.976505
094_35,s1.488701,s-1.818315,s164.330764
094_36,s-1.012541,s2.285774,s29.456702
094_37,s-2.124458,s1.666337,s88.150672
094_38,s-1.519058,s2.292371,s101.756916
094_39,s2.016567,s1.30133,s0.723876
094_40,s1.10743,s2.296976,s15.110186
094_41,s2.490596,s1.042561,s288.869752
094_42,s-0.484167,s2.554522,s358.622905
094_43,s-2.90154,s0.762278,s3.688647
094_44,s2.109286,s-1.764486,s306.21191
094_45,s-1.886577,s-2.000832,s210.02924
094_46,s1.397116,s2.767321,s326.568391
094_47,s-2.577456,s-1.329181,s167.508644
094_48,s1.969621,s-2.196154,s152.980053
094_49,s2.056015,s2.184674,s24.162355
094_50,s2.829427,s0.341819,s327.874672
094_51,s1.213886,s-2.852452,s111.28805
094_52,s-2.549588,s2.015466,s27.523502
094_53,s2.389854,s1.729479,s318.209469
094_54,s0.298641,s-3.186034,s44.057785
094_55,s-3.148724,s-0.805009,s192.277539
094_56,s3.010275,s1.580584,s308.518319
094_57,s-0.499709,s-3.413618,s104.547263
094_58,s3.134362,s-1.032365,s16.735136
094_59,s-2.080893,s-2.561227,s185.765985
094_60,s2.525674,s-2.200789,s297.958236
094_61,s-2.572826,s-2.222739,s148.980963
094_62,s-3.701542,s-1.058815,s359.141366
094_63,s0.900721,s-3.330346,s173.154876
094_64,s-2.128665,s2.521663,s14.16456
094_65,s1.500152,s-3.162206,s195.526879
094_66,s0.129557,s-3.547635,s129.630534
094_67,s3.239573,s-0.260131,s248.031166
094_68,s-1.362891,s-3.005417,s132.628938
094_69,s-3.074889,s0.393776,s75.084519
094_70,s-3.274326,s-1.723017,s64.665195
094_71,s2.146335,s-2.827675,s150.297604
094_72,s-1.543913,s3.08526,s325.408847
094_73,s2.384008,s3.211932,s58.059383
094_74,s0.954197,s3.263358,s282.436895
094_75,s-3.238542,s1.789371,s171.920817
094_76,s3.528216,s-1.114311,s279.852836
094_77,s0.242373,s3.140662,s5.976925
094_78,s3.165618,s2.445171,s52.380332
094_79,s-0.594792,s3.44909,s335.074057
094_80,s3.790423,s0.674682,s47.746101
094_81,s3.28234,s-1.707701,s257.485009
094_82,s-2.233555,s3.615762,s262.616415
094_83,s0.962294,s3.830991,s316.530336
094_84,s2.507003,s-2.788806,s278.004905
094_85,s-1.071253,s-3.853883,s213.675847
094_86,s-3.63722,s1.100286,s47.100179
094_87,s-2.592469,s3.046162,s92.648657
094_88,s3.297121,s-2.264727,s247.847907
094_89,s2.287782,s-3.341939,s238.776418
094_90,s-3.659059,s-2.061865,s92.429683
094_91,s3.761597,s1.205359,s4.035417
094_92,s-1.722798,s4.048699,s270.930403
094_93,s-2.368359,s-3.40784,s194.435626
095_0,s0.0,s0.0,s61.458974
095_1,s-0.087797,s0.492231,s34.479228
095_2,s0.458878,s0.65531,s347.407842
095_3,s0.369948,s-0.2562,s301.022519
095_4,s-0.404414,s-0.294023,s128.840276
095_5,s0.834052,s-0.454816,s262.731028
095_6,s-0.184418,s-0.778454,s224.38473
095_7,s0.819507,s0.480529,s278.525991
095_8,s-0.836532,s0.331986,s27.229171
095_9,s0.973831,s-1.005809,s247.702628
095_10,s-1.028382,s-0.949964,s213.937165
095_11,s-1.046449,s-0.086287,s57.453197
095_12,s0.705015,s1.491795,s17.209855
095_13,s0.254261,s-1.529003,s197.311675
095_14,s-1.353793,s-0.645945,s76.43608
095_15,s-1.456944,s0.661298,s83.771924
095_16,s-0.740772,s1.361527,s111.270673
095_17,s0.97787,s1.001884,s297.463483
095_18,s-0.629273,s1.739688,s1.553225
095_19,s-1.680577,s-1.084278,s101.500223
095_20,s1.623048,s-0.778277,s209.278812
095_21,s-0.833751,s-1.817927,s218.161732
095_22,s-1.916349,s1.179028,s111.169023
095_23,s-1.280872,s1.536023,s66.434036
095_24,s1.613792,s1.638803,s55.371005
095_25,s1.522809,s0.289055,s216.067609
095_26,s0.468313,s2.404825,s40.113282
095_27,s0.69866,s-1.874,s299.844059
095_28,s-1.377234,s-1.650978,s85.32734
095_29,s2.021313,s0.732662,s236.361939
095_30,s-1.197927,s-2.137164,s183.096492
095_31,s-0.802746,s-2.577906,s217.550163
095_32,s0.922671,s-2.269621,s146.629322
095_33,s2.137907,s-0.848146,s297.113569
095_34,s-2.360949,s-0.431182,s73.976505
095_35,s1.488701,s-1.818315,s164.330764
095_36,s-1.012541,s2.285774,s29.456702
095_37,s-2.124458,s1.666337,s88.150672
095_38,s-1.519058,s2.292371,s101.756916
095_39,s2.016567,s1.30133,s0.723876
095_40,s1.10743,s2.296976,s15.110186
095_41,s2.490596,s1.042561,s288.869752
095_42,s-0.484167,s2.554522,s358.622905
095_43,s-2.90154,s0.762278,s3.688647
095_44,s2.109286,s-1.764486,s306.21191
095_45,s-1.886577,s-2.000832,s210.02924
095_46,s1.397116,s2.767321,s326.568391
095_47,s-2.577456,s-1.329181,s167.508644
095_48,s1.969621,s-2.196154,s152.980053
095_49,s2.056015,s2.184674,s24.162355
095_50,s2.829427,s0.341819,s327.874672
095_51,s1.213886,s-2.852452,s111.28805
095_52,s-2.549588,s2.015466,s27.523502
095_53,s2.389854,s1.729479,s318.209469
095_54,s0.298641,s-3.186034,s44.057785
095_55,s-3.148724,s-0.805009,s192.277539
095_56,s3.010275,s1.580584,s308.518319
095_57,s-0.499709,s-3.413618,s104.547263
095_58,s3.134362,s-1.032365,s16.735136
095_59,s-2.080893,s-2.561227,s185.765985
095_60,s2.525674,s-2.200789,s297.958236
095_61,s-2.572826,s-2.222739,s148.980963
095_62,s-3.701542,s-1.058815,s359.141366
095_63,s0.900721,s-3.330346,s173.154876
095_64,s-2.128665,s2.521663,s14.16456
095_65,s1.500152,s-3.162206,s195.526879
095_66,s0.129557,s-3.547635,s129.630534
095_67,s3.239573,s-0.260131,s248.031166
095_68,s-1.362891,s-3.005417,s132.628938
095_69,s-3.074889,s0.393776,s75.084519
095_70,s-3.274326,s-1.723017,s64.665195
095_71,s2.146335,s-2.827675,s150.297604
095_72,s-1.543913,s3.08526,s325.408847
095_73,s2.384008,s3.211932,s58.059383
095_74,s0.954197,s3.263358,s282.436895
095_75,s-3.238542,s1.789371,s171.920817
095_76,s3.528216,s-1.114311,s279.852836
095_77,s0.242373,s3.140662,s5.976925
095_78,s3.165618,s2.445171,s52.380332
095_79,s-0.594792,s3.44909,s335.074057
095_80,s3.790423,s0.674682,s47.746101
095_81,s3.28234,s-1.707701,s257.485009
095_82,s-2.233555,s3.615762,s262.616415
095_83,s0.962294,s3.830991,s316.530336
095_84,s2.507003,s-2.788806,s278.004905
095_85,s-1.071253,s-3.853883,s213.675847
095_86,s-3.63722,s1.100286,s47.100179
095_87,s-2.592469,s3.046162,s92.648657
095_88,s3.297121,s-2.264727,s247.847907
095_89,s2.287782,s-3.341939,s238.776418
095_90,s-3.659059,s-2.061865,s92.429683
095_91,s3.761597,s1.205359,s4.035417
095_92,s-1.722798,s4.048699,s270.930403
095_93,s-2.368359,s-3.40784,s194.435626
095_94,s-3.608204,s2.050211,s354.481168
096_0,s0.0,s0.0,s61.458974
096_1,s-0.087797,s0.492231,s34.479228
096_2,s0.458878,s0.65531,s347.407842
096_3,s0.369948,s-0.2562,s301.022519
096_4,s-0.404414,s-0.294023,s128.840276
096_5,s0.834052,s-0.454816,s262.731028
096_6,s-0.184418,s-0.778454,s224.38473
096_7,s0.819507,s0.480529,s278.525991
096_8,s-0.836532,s0.331986,s27.229171
096_9,s0.973831,s-1.005809,s247.702628
096_10,s-1.028382,s-0.949964,s213.937165
096_11,s-1.046449,s-0.086287,s57.453197
096_12,s0.705015,s1.491795,s17.209855
096_13,s0.254261,s-1.529003,s197.311675
096_14,s-1.353793,s-0.645945,s76.43608
096_15,s-1.456944,s0.661298,s83.771924
096_16,s-0.740772,s1.361527,s111.270673
096_17,s0.97787,s1.001884,s297.463483
096_18,s-0.629273,s1.739688,s1.553225
096_19,s-1.680577,s-1.084278,s101.500223
096_20,s1.623048,s-0.778277,s209.278812
096_21,s-0.833751,s-1.817927,s218.161732
096_22,s-1.916349,s1.179028,s111.169023
096_23,s-1.280872,s1.536023,s66.434036
096_24,s1.613792,s1.638803,s55.371005
096_25,s1.522809,s0.289055,s216.067609
096_26,s0.468313,s2.404825,s40.113282
096_27,s0.69866,s-1.874,s299.844059
096_28,s-1.377234,s-1.650978,s85.32734
096_29,s2.021313,s0.732662,s236.361939
096_30,s-1.197927,s-2.137164,s183.096492
096_31,s-0.802746,s-2.577906,s217.550163
096_32,s0.922671,s-2.269621,s146.629322
096_33,s2.137907,s-0.848146,s297.113569
096_34,s-2.360949,s-0.431182,s73.976505
096_35,s1.488701,s-1.818315,s164.330764
096_36,s-1.012541,s2.285774,s29.456702
096_37,s-2.124458,s1.666337,s88.150672
096_38,s-1.519058,s2.292371,s101.756916
096_39,s2.016567,s1.30133,s0.723876
096_40,s1.10743,s2.296976,s15.110186
096_41,s2.490596,s1.042561,s288.869752
096_42,s-0.484167,s2.554522,s358.622905
096_43,s-2.90154,s0.762278,s3.688647
096_44,s2.109286,s-1.764486,s306.21191
096_45,s-1.886577,s-2.000832,s210.02924
096_46,s1.397116,s2.767321,s326.568391
096_47,s-2.577456,s-1.329181,s167.508644
096_48,s1.969621,s-2.196154,s152.980053
096_49,s2.056015,s2.184674,s24.162355
096_50,s2.829427,s0.341819,s327.874672
096_51,s1.213886,s-2.852452,s111.28805
096_52,s-2.549588,s2.015466,s27.523502
096_53,s2.389854,s1.729479,s318.209469
096_54,s0.298641,s-3.186034,s44.057785
096_55,s-3.148724,s-0.805009,s192.277539
096_56,s3.010275,s1.580584,s308.518319
096_57,s-0.499709,s-3.413618,s104.547263
096_58,s3.134362,s-1.032365,s16.735136
096_59,s-2.080893,s-2.561227,s185.765985
096_60,s2.525674,s-2.200789,s297.958236
096_61,s-2.572826,s-2.222739,s148.980963
096_62,s-3.701542,s-1.058815,s359.141366
096_63,s0.900721,s-3.330346,s173.154876
096_64,s-2.128665,s2.521663,s14.16456
096_65,s1.500152,s-3.162206,s195.526879
096_66,s0.129557,s-3.547635,s129.630534
096_67,s3.239573,s-0.260131,s248.031166
096_68,s-1.362891,s-3.005417,s132.628938
096_69,s-3.074889,s0.393776,s75.084519
096_70,s-3.274326,s-1.723017,s64.665195
096_71,s2.146335,s-2.827675,s150.297604
096_72,s-1.543913,s3.08526,s325.408847
096_73,s2.384008,s3.211932,s58.059383
096_74,s0.954197,s3.263358,s282.436895
096_75,s-3.238542,s1.789371,s171.920817
096_76,s3.528216,s-1.114311,s279.852836
096_77,s0.242373,s3.140662,s5.976925
096_78,s3.165618,s2.445171,s52.380332
096_79,s-0.594792,s3.44909,s335.074057
096_80,s3.790423,s0.674682,s47.746101
096_81,s3.28234,s-1.707701,s257.485009
096_82,s-2.233555,s3.615762,s262.616415
096_83,s0.962294,s3.830991,s316.530336
096_84,s2.507003,s-2.788806,s278.004905
096_85,s-1.071253,s-3.853883,s213.675847
096_86,s-3.63722,s1.100286,s47.100179
096_87,s-2.592469,s3.046162,s92.648657
096_88,s3.297121,s-2.264727,s247.847907
096_89,s2.287782,s-3.341939,s238.776418
096_90,s-3.659059,s-2.061865,s92.429683
096_91,s3.761597,s1.205359,s4.035417
096_92,s-1.722798,s4.048699,s270.930403
096_93,s-2.368359,s-3.40784,s194.435626
096_94,s-3.608204,s2.050211,s354.481168
096_95,s-3.883701,s0.72067,s101.858086
097_0,s0.0,s0.0,s61.458974
097_1,s-0.087797,s0.492231,s34.479228
097_2,s0.458878,s0.65531,s347.407842
097_3,s0.369948,s-0.2562,s301.022519
097_4,s-0.404414,s-0.294023,s128.840276
097_5,s0.834052,s-0.454816,s262.731028
097_6,s-0.184418,s-0.778454,s224.38473
097_7,s0.819507,s0.480529,s278.525991
097_8,s-0.836532,s0.331986,s27.229171
097_9,s0.973831,s-1.005809,s247.702628
097_10,s-1.028382,s-0.949964,s213.937165
097_11,s-1.046449,s-0.086287,s57.453197
097_12,s0.705015,s1.491795,s17.209855
097_13,s0.254261,s-1.529003,s197.311675
097_14,s-1.353793,s-0.645945,s76.43608
097_15,s-1.456944,s0.661298,s83.771924
097_16,s-0.740772,s1.361527,s111.270673
097_17,s0.97787,s1.001884,s297.463483
097_18,s-0.629273,s1.739688,s1.553225
097_19,s-1.680577,s-1.084278,s101.500223
097_20,s1.623048,s-0.778277,s209.278812
097_21,s-0.833751,s-1.817927,s218.161732
097_22,s-1.916349,s1.179028,s111.169023
097_23,s-1.280872,s1.536023,s66.434036
097_24,s1.613792,s1.638803,s55.371005
097_25,s1.522809,s0.289055,s216.067609
097_26,s0.468313,s2.404825,s40.113282
097_27,s0.69866,s-1.874,s299.844059
097_28,s-1.377234,s-1.650978,s85.32734
097_29,s2.021313,s0.732662,s236.361939
097_30,s-1.197927,s-2.137164,s183.096492
097_31,s-0.802746,s-2.577906,s217.550163
097_32,s0.922671,s-2.269621,s146.629322
097_33,s2.137907,s-0.848146,s297.113569
097_34,s-2.360949,s-0.431182,s73.976505
097_35,s1.488701,s-1.818315,s164.330764
097_36,s-1.012541,s2.285774,s29.456702
097_37,s-2.124458,s1.666337,s88.150672
097_38,s-1.519058,s2.292371,s101.756916
097_39,s2.016567,s1.30133,s0.723876
097_40,s1.10743,s2.296976,s15.110186
097_41,s2.490596,s1.042561,s288.869752
097_42,s-0.484167,s2.554522,s358.622905
097_43,s-2.90154,s0.762278,s3.688647
097_44,s2.109286,s-1.764486,s306.21191
097_45,s-1.886577,s-2.000832,s210.02924
097_46,s1.397116,s2.767321,s326.568391
097_47,s-2.577456,s-1.329181,s167.508644
097_48,s1.969621,s-2.196154,s152.980053
097_49,s2.056015,s2.184674,s24.162355
097_50,s2.829427,s0.341819,s327.874672
097_51,s1.213886,s-2.852452,s111.28805
097_52,s-2.549588,s2.015466,s27.523502
097_53,s2.389854,s1.729479,s318.209469
097_54,s0.298641,s-3.186034,s44.057785
097_55,s-3.148724,s-0.805009,s192.277539
097_56,s3.010275,s1.580584,s308.518319
097_57,s-0.499709,s-3.413618,s104.547263
097_58,s3.134362,s-1.032365,s16.735136
097_59,s-2.080893,s-2.561227,s185.765985
097_60,s2.525674,s-2.200789,s297.958236
097_61,s-2.572826,s-2.222739,s148.980963
097_62,s-3.701542,s-1.058815,s359.141366
097_63,s0.900721,s-3.330346,s173.154876
097_64,s-2.128665,s2.521663,s14.16456
097_65,s1.500152,s-3.162206,s195.526879
097_66,s0.129557,s-3.547635,s129.630534
097_67,s3.239573,s-0.260131,s248.031166
097_68,s-1.362891,s-3.005417,s132.628938
097_69,s-3.074889,s0.393776,s75.084519
097_70,s-3.274326,s-1.723017,s64.665195
097_71,s2.146335,s-2.827675,s150.297604
097_72,s-1.543913,s3.08526,s325.408847
097_73,s2.384008,s3.211932,s58.059383
097_74,s0.954197,s3.263358,s282.436895
097_75,s-3.238542,s1.789371,s171.920817
097_76,s3.528216,s-1.114311,s279.852836
097_77,s0.242373,s3.140662,s5.976925
097_78,s3.165618,s2.445171,s52.380332
097_79,s-0.594792,s3.44909,s335.074057
097_80,s3.790423,s0.674682,s47.746101
097_81,s3.28234,s-1.707701,s257.485009
097_82,s-2.233555,s3.615762,s262.616415
097_83,s0.962294,s3.830991,s316.530336
097_84,s2.507003,s-2.788806,s278.004905
097_85,s-1.071253,s-3.853883,s213.675847
097_86,s-3.63722,s1.100286,s47.100179
097_87,s-2.592469,s3.046162,s92.648657
097_88,s3.297121,s-2.264727,s247.847907
097_89,s2.287782,s-3.341939,s238.776418
097_90,s-3.659059,s-2.061865,s92.429683
097_91,s3.761597,s1.205359,s4.035417
097_92,s-1.722798,s4.048699,s270.930403
097_93,s-2.368359,s-3.40784,s194.435626
097_94,s-3.608204,s2.050211,s354.481168
097_95,s-3.883701,s0.72067,s101.858086
097_96,s3.619644,s2.321245,s334.872717
098_0,s0.0,s0.0,s61.458974
098_1,s-0.087797,s0.492231,s34.479228
098_2,s0.458878,s0.65531,s347.407842
098_3,s0.369948,s-0.2562,s301.022519
098_4,s-0.404414,s-0.294023,s128.840276
098_5,s0.834052,s-0.454816,s262.731028
098_6,s-0.184418,s-0.778454,s224.38473
098_7,s0.819507,s0.480529,s278.525991
098_8,s-0.836532,s0.331986,s27.229171
098_9,s0.973831,s-1.005809,s247.702628
098_10,s-1.028382,s-0.949964,s213.937165
098_11,s-1.046449,s-0.086287,s57.453197
098_12,s0.705015,s1.491795,s17.209855
098_13,s0.254261,s-1.529003,s197.311675
098_14,s-1.353793,s-0.645945,s76.43608
098_15,s-1.456944,s0.661298,s83.771924
098_16,s-0.740772,s1.361527,s111.270673
098_17,s0.97787,s1.001884,s297.463483
098_18,s-0.629273,s1.739688,s1.553225
098_19,s-1.680577,s-1.084278,s101.500223
098_20,s1.623048,s-0.778277,s209.278812
098_21,s-0.833751,s-1.817927,s218.161732
098_22,s-1.916349,s1.179028,s111.169023
098_23,s-1.280872,s1.536023,s66.434036
098_24,s1.613792,s1.638803,s55.371005
098_25,s1.522809,s0.289055,s216.067609
098_26,s0.468313,s2.404825,s40.113282
098_27,s0.69866,s-1.874,s299.844059
098_28,s-1.377234,s-1.650978,s85.32734
098_29,s2.021313,s0.732662,s236.361939
098_30,s-1.197927,s-2.137164,s183.096492
098_31,s-0.802746,s-2.577906,s217.550163
098_32,s0.922671,s-2.269621,s146.629322
098_33,s2.137907,s-0.848146,s297.113569
098_34,s-2.360949,s-0.431182,s73.976505
098_35,s1.488701,s-1.818315,s164.330764
098_36,s-1.012541,s2.285774,s29.456702
098_37,s-2.124458,s1.666337,s88.150672
098_38,s-1.519058,s2.292371,s101.756916
098_39,s2.016567,s1.30133,s0.723876
098_40,s1.10743,s2.296976,s15.110186
098_41,s2.490596,s1.042561,s288.869752
098_42,s-0.484167,s2.554522,s358.622905
098_43,s-2.90154,s0.762278,s3.688647
098_44,s2.109286,s-1.764486,s306.21191
098_45,s-1.886577,s-2.000832,s210.02924
098_46,s1.397116,s2.767321,s326.568391
098_47,s-2.577456,s-1.329181,s167.508644
098_48,s1.969621,s-2.196154,s152.980053
098_49,s2.056015,s2.184674,s24.162355
098_50,s2.829427,s0.341819,s327.874672
098_51,s1.213886,s-2.852452,s111.28805
098_52,s-2.549588,s2.015466,s27.523502
098_53,s2.389854,s1.729479,s318.209469
098_54,s0.298641,s-3.186034,s44.057785
098_55,s-3.148724,s-0.805009,s192.277539
098_56,s3.010275,s1.580584,s308.518319
098_57,s-0.499709,s-3.413618,s104.547263
098_58,s3.134362,s-1.032365,s16.735136
098_59,s-2.080893,s-2.561227,s185.765985
098_60,s2.525674,s-2.200789,s297.958236
098_61,s-2.572826,s-2.222739,s148.980963
098_62,s-3.701542,s-1.058815,s359.141366
098_63,s0.900721,s-3.330346,s173.154876
098_64,s-2.128665,s2.521663,s14.16456
098_65,s1.500152,s-3.162206,s195.526879
098_66,s0.129557,s-3.547635,s129.630534
098_67,s3.239573,s-0.260131,s248.031166
098_68,s-1.362891,s-3.005417,s132.628938
098_69,s-3.074889,s0.393776,s75.084519
098_70,s-3.274326,s-1.723017,s64.665195
098_71,s2.146335,s-2.827675,s150.297604
098_72,s-1.543913,s3.08526,s325.408847
098_73,s2.384008,s3.211932,s58.059383
098_74,s0.954197,s3.263358,s282.436895
098_75,s-3.238542,s1.789371,s171.920817
098_76,s3.528216,s-1.114311,s279.852836
098_77,s0.242373,s3.140662,s5.976925
098_78,s3.165618,s2.445171,s52.380332
098_79,s-0.594792,s3.44909,s335.074057
098_80,s3.790423,s0.674682,s47.746101
098_81,s3.28234,s-1.707701,s257.485009
098_82,s-2.233555,s3.615762,s262.616415
098_83,s0.962294,s3.830991,s316.530336
098_84,s2.507003,s-2.788806,s278.004905
098_85,s-1.071253,s-3.853883,s213.675847
098_86,s-3.63722,s1.100286,s47.100179
098_87,s-2.592469,s3.046162,s92.648657
098_88,s3.297121,s-2.264727,s247.847907
098_89,s2.287782,s-3.341939,s238.776418
098_90,s-3.659059,s-2.061865,s92.429683
098_91,s3.761597,s1.205359,s4.035417
098_92,s-1.722798,s4.048699,s270.930403
098_93,s-2.368359,s-3.40784,s194.435626
098_94,s-3.608204,s2.050211,s354.481168
098_95,s-3.883701,s0.72067,s101.858086
098_96,s3.619644,s2.321245,s334.872717
098_97,s0.790873,s4.429957,s119.390125
099_0,s0.0,s0.0,s61.458974
099_1,s-0.087797,s0.492231,s34.479228
099_2,s0.458878,s0.65531,s347.407842
099_3,s0.369948,s-0.2562,s301.022519
099_4,s-0.404414,s-0.294023,s128.840276
099_5,s0.834052,s-0.454816,s262.731028
099_6,s-0.184418,s-0.778454,s224.38473
099_7,s0.819507,s0.480529,s278.525991
099_8,s-0.836532,s0.331986,s27.229171
099_9,s0.973831,s-1.005809,s247.702628
099_10,s-1.028382,s-0.949964,s213.937165
099_11,s-1.046449,s-0.086287,s57.453197
099_12,s0.705015,s1.491795,s17.209855
099_13,s0.254261,s-1.529003,s197.311675
099_14,s-1.353793,s-0.645945,s76.43608
099_15,s-1.456944,s0.661298,s83.771924
099_16,s-0.740772,s1.361527,s111.270673
099_17,s0.97787,s1.001884,s297.463483
099_18,s-0.629273,s1.739688,s1.553225
099_19,s-1.680577,s-1.084278,s101.500223
099_20,s1.623048,s-0.778277,s209.278812
099_21,s-0.833751,s-1.817927,s218.161732
099_22,s-1.916349,s1.179028,s111.169023
099_23,s-1.280872,s1.536023,s66.434036
099_24,s1.613792,s1.638803,s55.371005
099_25,s1.522809,s0.289055,s216.067609
099_26,s0.468313,s2.404825,s40.113282
099_27,s0.69866,s-1.874,s299.844059
099_28,s-1.377234,s-1.650978,s85.32734
099_29,s2.021313,s0.732662,s236.361939
099_30,s-1.197927,s-2.137164,s183.096492
099_31,s-0.802746,s-2.577906,s217.550163
099_32,s0.922671,s-2.269621,s146.629322
099_33,s2.137907,s-0.848146,s297.113569
099_34,s-2.360949,s-0.431182,s73.976505
099_35,s1.488701,s-1.818315,s164.330764
099_36,s-1.012541,s2.285774,s29.456702
099_37,s-2.124458,s1.666337,s88.150672
099_38,s-1.519058,s2.292371,s101.756916
099_39,s2.016567,s1.30133,s0.723876
099_40,s1.10743,s2.296976,s15.110186
099_41,s2.490596,s1.042561,s288.869752
099_42,s-0.484167,s2.554522,s358.622905
099_43,s-2.90154,s0.762278,s3.688647
099_44,s2.109286,s-1.764486,s306.21191
099_45,s-1.886577,s-2.000832,s210.02924
099_46,s1.397116,s2.767321,s326.568391
099_47,s-2.577456,s-1.329181,s167.508644
099_48,s1.969621,s-2.196154,s152.980053
099_49,s2.056015,s2.184674,s24.162355
099_50,s2.829427,s0.341819,s327.874672
099_51,s1.213886,s-2.852452,s111.28805
099_52,s-2.549588,s2.015466,s27.523502
099_53,s2.389854,s1.729479,s318.209469
099_54,s0.298641,s-3.186034,s44.057785
099_55,s-3.148724,s-0.805009,s192.277539
099_56,s3.010275,s1.580584,s308.518319
099_57,s-0.499709,s-3.413618,s104.547263
099_58,s3.134362,s-1.032365,s16.735136
099_59,s-2.080893,s-2.561227,s185.765985
099_60,s2.525674,s-2.200789,s297.958236
099_61,s-2.572826,s-2.222739,s148.980963
099_62,s-3.701542,s-1.058815,s359.141366
099_63,s0.900721,s-3.330346,s173.154876
099_64,s-2.128665,s2.521663,s14.16456
099_65,s1.500152,s-3.162206,s195.526879
099_66,s0.129557,s-3.547635,s129.630534
099_67,s3.239573,s-0.260131,s248.031166
099_68,s-1.362891,s-3.005417,s132.628938
099_69,s-3.074889,s0.393776,s75.084519
099_70,s-3.274326,s-1.723017,s64.665195
099_71,s2.146335,s-2.827675,s150.297604
099_72,s-1.543913,s3.08526,s325.408847
099_73,s2.384008,s3.211932,s58.059383
099_74,s0.954197,s3.263358,s282.436895
099_75,s-3.238542,s1.789371,s171.920817
099_76,s3.528216,s-1.114311,s279.852836
099_77,s0.242373,s3.140662,s5.976925
099_78,s3.165618,s2.445171,s52.380332
099_79,s-0.594792,s3.44909,s335.074057
099_80,s3.790423,s0.674682,s47.746101
099_81,s3.28234,s-1.707701,s257.485009
099_82,s-2.233555,s3.615762,s262.616415
099_83,s0.962294,s3.830991,s316.530336
099_84,s2.507003,s-2.788806,s278.004905
099_85,s-1.071253,s-3.853883,s213.675847
099_86,s-3.63722,s1.100286,s47.100179
099_87,s-2.592469,s3.046162,s92.648657
099_88,s3.297121,s-2.264727,s247.847907
099_89,s2.287782,s-3.341939,s238.776418
099_90,s-3.659059,s-2.061865,s92.429683
099_91,s3.761597,s1.205359,s4.035417
099_92,s-1.722798,s4.048699,s270.930403
099_93,s-2.368359,s-3.40784,s194.435626
099_94,s-3.608204,s2.050211,s354.481168
099_95,s-3.883701,s0.72067,s101.858086
099_96,s3.619644,s2.321245,s334.872717
099_97,s0.790873,s4.429957,s119.390125
099_98,s4.403808,s-0.925459,s353.572996
100_0,s0.0,s0.0,s61.458974
100_1,s-0.087797,s0.492231,s34.479228
100_2,s0.458878,s0.65531,s347.407842
100_3,s0.369948,s-0.2562,s301.022519
100_4,s-0.404414,s-0.294023,s128.840276
100_5,s0.834052,s-0.454816,s262.731028
100_6,s-0.184418,s-0.778454,s224.38473
100_7,s0.819507,s0.480529,s278.525991
100_8,s-0.836532,s0.331986,s27.229171
100_9,s0.973831,s-1.005809,s247.702628
100_10,s-1.028382,s-0.949964,s213.937165
100_11,s-1.046449,s-0.086287,s57.453197
100_12,s0.705015,s1.491795,s17.209855
100_13,s0.254261,s-1.529003,s197.311675
100_14,s-1.353793,s-0.645945,s76.43608
100_15,s-1.456944,s0.661298,s83.771924
100_16,s-0.740772,s1.361527,s111.270673
100_17,s0.97787,s1.001884,s297.463483
100_18,s-0.629273,s1.739688,s1.553225
100_19,s-1.680577,s-1.084278,s101.500223
100_20,s1.623048,s-0.778277,s209.278812
100_21,s-0.833751,s-1.817927,s218.161732
100_22,s-1.916349,s1.179028,s111.169023
100_23,s-1.280872,s1.536023,s66.434036
100_24,s1.613792,s1.638803,s55.371005
100_25,s1.522809,s0.289055,s216.067609
100_26,s0.468313,s2.404825,s40.113282
100_27,s0.69866,s-1.874,s299.844059
100_28,s-1.377234,s-1.650978,s85.32734
100_29,s2.021313,s0.732662,s236.361939
100_30,s-1.197927,s-2.137164,s183.096492
100_31,s-0.802746,s-2.577906,s217.550163
100_32,s0.922671,s-2.269621,s146.629322
100_33,s2.137907,s-0.848146,s297.113569
100_34,s-2.360949,s-0.431182,s73.976505
100_35,s1.488701,s-1.818315,s164.330764
100_36,s-1.012541,s2.285774,s29.456702
100_37,s-2.124458,s1.666337,s88.150672
100_38,s-1.519058,s2.292371,s101.756916
100_39,s2.016567,s1.30133,s0.723876
100_40,s1.10743,s2.296976,s15.110186
100_41,s2.490596,s1.042561,s288.869752
100_42,s-0.484167,s2.554522,s358.622905
100_43,s-2.90154,s0.762278,s3.688647
100_44,s2.109286,s-1.764486,s306.21191
100_45,s-1.886577,s-2.000832,s210.02924
100_46,s1.397116,s2.767321,s326.568391
100_47,s-2.577456,s-1.329181,s167.508644
100_48,s1.969621,s-2.196154,s152.980053
100_49,s2.056015,s2.184674,s24.162355
100_50,s2.829427,s0.341819,s327.874672
100_51,s1.213886,s-2.852452,s111.28805
100_52,s-2.549588,s2.015466,s27.523502
100_53,s2.389854,s1.729479,s318.209469
100_54,s0.298641,s-3.186034,s44.057785
100_55,s-3.148724,s-0.805009,s192.277539
100_56,s3.010275,s1.580584,s308.518319
100_57,s-0.499709,s-3.413618,s104.547263
100_58,s3.134362,s-1.032365,s16.735136
100_59,s-2.080893,s-2.561227,s185.765985
100_60,s2.525674,s-2.200789,s297.958236
100_61,s-2.572826,s-2.222739,s148.980963
100_62,s-3.701542,s-1.058815,s359.141366
100_63,s0.900721,s-3.330346,s173.154876
100_64,s-2.128665,s2.521663,s14.16456
100_65,s1.500152,s-3.162206,s195.526879
100_66,s0.129557,s-3.547635,s129.630534
100_67,s3.239573,s-0.260131,s248.031166
100_68,s-1.362891,s-3.005417,s132.628938
100_69,s-3.074889,s0.393776,s75.084519
100_70,s-3.274326,s-1.723017,s64.665195
100_71,s2.146335,s-2.827675,s150.297604
100_72,s-1.543913,s3.08526,s325.408847
100_73,s2.384008,s3.211932,s58.059383
100_74,s0.954197,s3.263358,s282.436895
100_75,s-3.238542,s1.789371,s171.920817
100_76,s3.528216,s-1.114311,s279.852836
100_77,s0.242373,s3.140662,s5.976925
100_78,s3.165618,s2.445171,s52.380332
100_79,s-0.594792,s3.44909,s335.074057
100_80,s3.790423,s0.674682,s47.746101
100_81,s3.28234,s-1.707701,s257.485009
100_82,s-2.233555,s3.615762,s262.616415
100_83,s0.962294,s3.830991,s316.530336
100_84,s2.507003,s-2.788806,s278.004905
100_85,s-1.071253,s-3.853883,s213.675847
100_86,s-3.63722,s1.100286,s47.100179
100_87,s-2.592469,s3.046162,s92.648657
100_88,s3.297121,s-2.264727,s247.847907
100_89,s2.287782,s-3.341939,s238.776418
100_90,s-3.659059,s-2.061865,s92.429683
100_91,s3.761597,s1.205359,s4.035417
100_92,s-1.722798,s4.048699,s270.930403
100_93,s-2.368359,s-3.40784,s194.435626
100_94,s-3.608204,s2.050211,s354.481168
100_95,s-3.883701,s0.72067,s101.858086
100_96,s3.619644,s2.321245,s334.872717
100_97,s0.790873,s4.429957,s119.390125
100_98,s4.403808,s-0.925459,s353.572996
100_99,s4.146049,s0.671029,s254.799508
101_0,s0.0,s0.0,s61.458974
101_1,s-0.087797,s0.492231,s34.479228
101_2,s0.458878,s0.65531,s347.407842
101_3,s0.369948,s-0.2562,s301.022519
101_4,s-0.404414,s-0.294023,s128.840276
101_5,s0.834052,s-0.454816,s262.731028
101_6,s-0.184418,s-0.778454,s224.38473
101_7,s0.819507,s0.480529,s278.525991
101_8,s-0.836532,s0.331986,s27.229171
101_9,s0.973831,s-1.005809,s247.702628
101_10,s-1.028382,s-0.949964,s213.937165
101_11,s-1.046449,s-0.086287,s57.453197
101_12,s0.705015,s1.491795,s17.209855
101_13,s0.254261,s-1.529003,s197.311675
101_14,s-1.353793,s-0.645945,s76.43608
101_15,s-1.456944,s0.661298,s83.771924
101_16,s-0.740772,s1.361527,s111.270673
101_17,s0.97787,s1.001884,s297.463483
101_18,s-0.629273,s1.739688,s1.553225
101_19,s-1.680577,s-1.084278,s101.500223
101_20,s1.623048,s-0.778277,s209.278812
101_21,s-0.833751,s-1.817927,s218.161732
101_22,s-1.916349,s1.179028,s111.169023
101_23,s-1.280872,s1.536023,s66.434036
101_24,s1.613792,s1.638803,s55.371005
101_25,s1.522809,s0.289055,s216.067609
101_26,s0.468313,s2.404825,s40.113282
101_27,s0.69866,s-1.874,s299.844059
101_28,s-1.377234,s-1.650978,s85.32734
101_29,s2.021313,s0.732662,s236.361939
101_30,s-1.197927,s-2.137164,s183.096492
101_31,s-0.802746,s-2.577906,s217.550163
101_32,s0.922671,s-2.269621,s146.629322
101_33,s2.137907,s-0.848146,s297.113569
101_34,s-2.360949,s-0.431182,s73.976505
101_35,s1.488701,s-1.818315,s164.330764
101_36,s-1.012541,s2.285774,s29.456702
101_37,s-2.124458,s1.666337,s88.150672
101_38,s-1.519058,s2.292371,s101.756916
101_39,s2.016567,s1.30133,s0.723876
101_40,s1.10743,s2.296976,s15.110186
101_41,s2.490596,s1.042561,s288.869752
101_42,s-0.484167,s2.554522,s358.622905
101_43,s-2.90154,s0.762278,s3.688647
101_44,s2.109286,s-1.764486,s306.21191
101_45,s-1.886577,s-2.000832,s210.02924
101_46,s1.397116,s2.767321,s326.568391
101_47,s-2.577456,s-1.329181,s167.508644
101_48,s1.969621,s-2.196154,s152.980053
101_49,s2.056015,s2.184674,s24.162355
101_50,s2.829427,s0.341819,s327.874672
101_51,s1.213886,s-2.852452,s111.28805
101_52,s-2.549588,s2.015466,s27.523502
101_53,s2.389854,s1.729479,s318.209469
101_54,s0.298641,s-3.186034,s44.057785
101_55,s-3.148724,s-0.805009,s192.277539
101_56,s3.010275,s1.580584,s308.518319
101_57,s-0.499709,s-3.413618,s104.547263
101_58,s3.134362,s-1.032365,s16.735136
101_59,s-2.080893,s-2.561227,s185.765985
101_60,s2.525674,s-2.200789,s297.958236
101_61,s-2.572826,s-2.222739,s148.980963
101_62,s-3.701542,s-1.058815,s359.141366
101_63,s0.900721,s-3.330346,s173.154876
101_64,s-2.128665,s2.521663,s14.16456
101_65,s1.500152,s-3.162206,s195.526879
101_66,s0.129557,s-3.547635,s129.630534
101_67,s3.239573,s-0.260131,s248.031166
101_68,s-1.362891,s-3.005417,s132.628938
101_69,s-3.074889,s0.393776,s75.084519
101_70,s-3.274326,s-1.723017,s64.665195
101_71,s2.146335,s-2.827675,s150.297604
101_72,s-1.543913,s3.08526,s325.408847
101_73,s2.384008,s3.211932,s58.059383
101_74,s0.954197,s3.263358,s282.436895
101_75,s-3.238542,s1.789371,s171.920817
101_76,s3.528216,s-1.114311,s279.852836
101_77,s0.242373,s3.140662,s5.976925
101_78,s3.165618,s2.445171,s52.380332
101_79,s-0.594792,s3.44909,s335.074057
101_80,s3.790423,s0.674682,s47.746101
101_81,s3.28234,s-1.707701,s257.485009
101_82,s-2.233555,s3.615762,s262.616415
101_83,s0.962294,s3.830991,s316.530336
101_84,s2.507003,s-2.788806,s278.004905
101_85,s-1.071253,s-3.853883,s213.675847
101_86,s-3.63722,s1.100286,s47.100179
101_87,s-2.592469,s3.046162,s92.648657
101_88,s3.297121,s-2.264727,s247.847907
101_89,s2.287782,s-3.341939,s238.776418
101_90,s-3.659059,s-2.061865,s92.429683
101_91,s3.761597,s1.205359,s4.035417
101_92,s-1.722798,s4.048699,s270.930403
101_93,s-2.368359,s-3.40784,s194.435626
101_94,s-3.608204,s2.050211,s354.481168
101_95,s-3.883701,s0.72067,s101.858086
101_96,s3.619644,s2.321245,s334.872717
101_97,s0.790873,s4.429957,s119.390125
101_98,s4.403808,s-0.925459,s353.572996
101_99,s4.146049,s0.671029,s254.799508
101_100,s-3.794542,s0.20359,s127.573646
102_0,s0.0,s0.0,s61.458974
102_1,s-0.087797,s0.492231,s34.479228
102_2,s0.458878,s0.65531,s347.407842
102_3,s0.369948,s-0.2562,s301.022519
102_4,s-0.404414,s-0.294023,s128.840276
102_5,s0.834052,s-0.454816,s262.731028
102_6,s-0.184418,s-0.778454,s224.38473
102_7,s0.819507,s0.480529,s278.525991
102_8,s-0.836532,s0.331986,s27.229171
102_9,s0.973831,s-1.005809,s247.702628
102_10,s-1.028382,s-0.949964,s213.937165
102_11,s-1.046449,s-0.086287,s57.453197
102_12,s0.705015,s1.491795,s17.209855
102_13,s0.254261,s-1.529003,s197.311675
102_14,s-1.353793,s-0.645945,s76.43608
102_15,s-1.456944,s0.661298,s83.771924
102_16,s-0.740772,s1.361527,s111.270673
102_17,s0.97787,s1.001884,s297.463483
102_18,s-0.629273,s1.739688,s1.553225
102_19,s-1.680577,s-1.084278,s101.500223
102_20,s1.623048,s-0.778277,s209.278812
102_21,s-0.833751,s-1.817927,s218.161732
102_22,s-1.916349,s1.179028,s111.169023
102_23,s-1.280872,s1.536023,s66.434036
102_24,s1.613792,s1.638803,s55.371005
102_25,s1.522809,s0.289055,s216.067609
102_26,s0.468313,s2.404825,s40.113282
102_27,s0.69866,s-1.874,s299.844059
102_28,s-1.377234,s-1.650978,s85.32734
102_29,s2.021313,s0.732662,s236.361939
102_30,s-1.197927,s-2.137164,s183.096492
102_31,s-0.802746,s-2.577906,s217.550163
102_32,s0.922671,s-2.269621,s146.629322
102_33,s2.137907,s-0.848146,s297.113569
102_34,s-2.360949,s-0.431182,s73.976505
102_35,s1.488701,s-1.818315,s164.330764
102_36,s-1.012541,s2.285774,s29.456702
102_37,s-2.124458,s1.666337,s88.150672
102_38,s-1.519058,s2.292371,s101.756916
102_39,s2.016567,s1.30133,s0.723876
102_40,s1.10743,s2.296976,s15.110186
102_41,s2.490596,s1.042561,s288.869752
102_42,s-0.484167,s2.554522,s358.622905
102_43,s-2.90154,s0.762278,s3.688647
102_44,s2.109286,s-1.764486,s306.21191
102_45,s-1.886577,s-2.000832,s210.02924
102_46,s1.397116,s2.767321,s326.568391
102_47,s-2.577456,s-1.329181,s167.508644
102_48,s1.969621,s-2.196154,s152.980053
102_49,s2.056015,s2.184674,s24.162355
102_50,s2.829427,s0.341819,s327.874672
102_51,s1.213886,s-2.852452,s111.28805
102_52,s-2.549588,s2.015466,s27.523502
102_53,s2.389854,s1.729479,s318.209469
102_54,s0.298641,s-3.186034,s44.057785
102_55,s-3.148724,s-0.805009,s192.277539
102_56,s3.010275,s1.580584,s308.518319
102_57,s-0.499709,s-3.413618,s104.547263
102_58,s3.134362,s-1.032365,s16.735136
102_59,s-2.080893,s-2.561227,s185.765985
102_60,s2.525674,s-2.200789,s297.958236
102_61,s-2.572826,s-2.222739,s148.980963
102_62,s-3.701542,s-1.058815,s359.141366
102_63,s0.900721,s-3.330346,s173.154876
102_64,s-2.128665,s2.521663,s14.16456
102_65,s1.500152,s-3.162206,s195.526879
102_66,s0.129557,s-3.547635,s129.630534
102_67,s3.239573,s-0.260131,s248.031166
102_68,s-1.362891,s-3.005417,s132.628938
102_69,s-3.074889,s0.393776,s75.084519
102_70,s-3.274326,s-1.723017,s64.665195
102_71,s2.146335,s-2.827675,s150.297604
102_72,s-1.543913,s3.08526,s325.408847
102_73,s2.384008,s3.211932,s58.059383
102_74,s0.954197,s3.263358,s282.436895
102_75,s-3.238542,s1.789371,s171.920817
102_76,s3.528216,s-1.114311,s279.852836
102_77,s0.242373,s3.140662,s5.976925
102_78,s3.165618,s2.445171,s52.380332
102_79,s-0.594792,s3.44909,s335.074057
102_80,s3.790423,s0.674682,s47.746101
102_81,s3.28234,s-1.707701,s257.485009
102_82,s-2.233555,s3.615762,s262.616415
102_83,s0.962294,s3.830991,s316.530336
102_84,s2.507003,s-2.788806,s278.004905
102_85,s-1.071253,s-3.853883,s213.675847
102_86,s-3.63722,s1.100286,s47.100179
102_87,s-2.592469,s3.046162,s92.648657
102_88,s3.297121,s-2.264727,s247.847907
102_89,s2.287782,s-3.341939,s238.776418
102_90,s-3.659059,s-2.061865,s92.429683
102_91,s3.761597,s1.205359,s4.035417
102_92,s-1.722798,s4.048699,s270.930403
102_93,s-2.368359,s-3.40784,s194.435626
102_94,s-3.608204,s2.050211,s354.481168
102_95,s-3.883701,s0.72067,s101.858086
102_96,s3.619644,s2.321245,s334.872717
102_97,s0.790873,s4.429957,s119.390125
102_98,s4.403808,s-0.925459,s353.572996
102_99,s4.146049,s0.671029,s254.799508
102_100,s-3.794542,s0.20359,s127.573646
102_101,s2.949522,s3.059873,s1.870195
103_0,s0.0,s0.0,s61.458974
103_1,s-0.087797,s0.492231,s34.479228
103_2,s0.458878,s0.65531,s347.407842
103_3,s0.369948,s-0.2562,s301.022519
103_4,s-0.404414,s-0.294023,s128.840276
103_5,s0.834052,s-0.454816,s262.731028
103_6,s-0.184418,s-0.778454,s224.38473
103_7,s0.819507,s0.480529,s278.525991
103_8,s-0.836532,s0.331986,s27.229171
103_9,s0.973831,s-1.005809,s247.702628
103_10,s-1.028382,s-0.949964,s213.937165
103_11,s-1.046449,s-0.086287,s57.453197
103_12,s0.705015,s1.491795,s17.209855
103_13,s0.254261,s-1.529003,s197.311675
103_14,s-1.353793,s-0.645945,s76.43608
103_15,s-1.456944,s0.661298,s83.771924
103_16,s-0.740772,s1.361527,s111.270673
103_17,s0.97787,s1.001884,s297.463483
103_18,s-0.629273,s1.739688,s1.553225
103_19,s-1.680577,s-1.084278,s101.500223
103_20,s1.623048,s-0.778277,s209.278812
103_21,s-0.833751,s-1.817927,s218.161732
103_22,s-1.916349,s1.179028,s111.169023
103_23,s-1.280872,s1.536023,s66.434036
103_24,s1.613792,s1.638803,s55.371005
103_25,s1.522809,s0.289055,s216.067609
103_26,s0.468313,s2.404825,s40.113282
103_27,s0.69866,s-1.874,s299.844059
103_28,s-1.377234,s-1.650978,s85.32734
103_29,s2.021313,s0.732662,s236.361939
103_30,s-1.197927,s-2.137164,s183.096492
103_31,s-0.802746,s-2.577906,s217.550163
103_32,s0.922671,s-2.269621,s146.629322
103_33,s2.137907,s-0.848146,s297.113569
103_34,s-2.360949,s-0.431182,s73.976505
103_35,s1.488701,s-1.818315,s164.330764
103_36,s-1.012541,s2.285774,s29.456702
103_37,s-2.124458,s1.666337,s88.150672
103_38,s-1.519058,s2.292371,s101.756916
103_39,s2.016567,s1.30133,s0.723876
103_40,s1.10743,s2.296976,s15.110186
103_41,s2.490596,s1.042561,s288.869752
103_42,s-0.484167,s2.554522,s358.622905
103_43,s-2.90154,s0.762278,s3.688647
103_44,s2.109286,s-1.764486,s306.21191
103_45,s-1.886577,s-2.000832,s210.02924
103_46,s1.397116,s2.767321,s326.568391
103_47,s-2.577456,s-1.329181,s167.508644
103_48,s1.969621,s-2.196154,s152.980053
103_49,s2.056015,s2.184674,s24.162355
103_50,s2.829427,s0.341819,s327.874672
103_51,s1.213886,s-2.852452,s111.28805
103_52,s-2.549588,s2.015466,s27.523502
103_53,s2.389854,s1.729479,s318.209469
103_54,s0.298641,s-3.186034,s44.057785
103_55,s-3.148724,s-0.805009,s192.277539
103_56,s3.010275,s1.580584,s308.518319
103_57,s-0.499709,s-3.413618,s104.547263
103_58,s3.134362,s-1.032365,s16.735136
103_59,s-2.080893,s-2.561227,s185.765985
103_60,s2.525674,s-2.200789,s297.958236
103_61,s-2.572826,s-2.222739,s148.980963
103_62,s-3.701542,s-1.058815,s359.141366
103_63,s0.900721,s-3.330346,s173.154876
103_64,s-2.128665,s2.521663,s14.16456
103_65,s1.500152,s-3.162206,s195.526879
103_66,s0.129557,s-3.547635,s129.630534
103_67,s3.239573,s-0.260131,s248.031166
103_68,s-1.362891,s-3.005417,s132.628938
103_69,s-3.074889,s0.393776,s75.084519
103_70,s-3.274326,s-1.723017,s64.665195
103_71,s2.146335,s-2.827675,s150.297604
103_72,s-1.543913,s3.08526,s325.408847
103_73,s2.384008,s3.211932,s58.059383
103_74,s0.954197,s3.263358,s282.436895
103_75,s-3.238542,s1.789371,s171.920817
103_76,s3.528216,s-1.114311,s279.852836
103_77,s0.242373,s3.140662,s5.976925
103_78,s3.165618,s2.445171,s52.380332
103_79,s-0.594792,s3.44909,s335.074057
103_80,s3.790423,s0.674682,s47.746101
103_81,s3.28234,s-1.707701,s257.485009
103_82,s-2.233555,s3.615762,s262.616415
103_83,s0.962294,s3.830991,s316.530336
103_84,s2.507003,s-2.788806,s278.004905
103_85,s-1.071253,s-3.853883,s213.675847
103_86,s-3.63722,s1.100286,s47.100179
103_87,s-2.592469,s3.046162,s92.648657
103_88,s3.297121,s-2.264727,s247.847907
103_89,s2.287782,s-3.341939,s238.776418
103_90,s-3.659059,s-2.061865,s92.429683
103_91,s3.761597,s1.205359,s4.035417
103_92,s-1.722798,s4.048699,s270.930403
103_93,s-2.368359,s-3.40784,s194.435626
103_94,s-3.608204,s2.050211,s354.481168
103_95,s-3.883701,s0.72067,s101.858086
103_96,s3.619644,s2.321245,s334.872717
103_97,s0.790873,s4.429957,s119.390125
103_98,s4.403808,s-0.925459,s353.572996
103_99,s4.146049,s0.671029,s254.799508
103_100,s-3.794542,s0.20359,s127.573646
103_101,s2.949522,s3.059873,s1.870195
103_102,s-3.190818,s-2.807344,s111.860962
104_0,s0.0,s0.0,s61.458974
104_1,s-0.087797,s0.492231,s34.479228
104_2,s0.458878,s0.65531,s347.407842
104_3,s0.369948,s-0.2562,s301.022519
104_4,s-0.404414,s-0.294023,s128.840276
104_5,s0.834052,s-0.454816,s262.731028
104_6,s-0.184418,s-0.778454,s224.38473
104_7,s0.819507,s0.480529,s278.525991
104_8,s-0.836532,s0.331986,s27.229171
104_9,s0.973831,s-1.005809,s247.702628
104_10,s-1.028382,s-0.949964,s213.937165
104_11,s-1.046449,s-0.086287,s57.453197
104_12,s0.705015,s1.491795,s17.209855
104_13,s0.254261,s-1.529003,s197.311675
104_14,s-1.353793,s-0.645945,s76.43608
104_15,s-1.456944,s0.661298,s83.771924
104_16,s-0.740772,s1.361527,s111.270673
104_17,s0.97787,s1.001884,s297.463483
104_18,s-0.629273,s1.739688,s1.553225
104_19,s-1.680577,s-1.084278,s101.500223
104_20,s1.623048,s-0.778277,s209.278812
104_21,s-0.833751,s-1.817927,s218.161732
104_22,s-1.916349,s1.179028,s111.169023
104_23,s-1.280872,s1.536023,s66.434036
104_24,s1.613792,s1.638803,s55.371005
104_25,s1.522809,s0.289055,s216.067609
104_26,s0.468313,s2.404825,s40.113282
104_27,s0.69866,s-1.874,s299.844059
104_28,s-1.377234,s-1.650978,s85.32734
104_29,s2.021313,s0.732662,s236.361939
104_30,s-1.197927,s-2.137164,s183.096492
104_31,s-0.802746,s-2.577906,s217.550163
104_32,s0.922671,s-2.269621,s146.629322
104_33,s2.137907,s-0.848146,s297.113569
104_34,s-2.360949,s-0.431182,s73.976505
104_35,s1.488701,s-1.818315,s164.330764
104_36,s-1.012541,s2.285774,s29.456702
104_37,s-2.124458,s1.666337,s88.150672
104_38,s-1.519058,s2.292371,s101.756916
104_39,s2.016567,s1.30133,s0.723876
104_40,s1.10743,s2.296976,s15.110186
104_41,s2.490596,s1.042561,s288.869752
104_42,s-0.484167,s2.554522,s358.622905
104_43,s-2.90154,s0.762278,s3.688647
104_44,s2.109286,s-1.764486,s306.21191
104_45,s-1.886577,s-2.000832,s210.02924
104_46,s1.397116,s2.767321,s326.568391
104_47,s-2.577456,s-1.329181,s167.508644
104_48,s1.969621,s-2.196154,s152.980053
104_49,s2.056015,s2.184674,s24.162355
104_50,s2.829427,s0.341819,s327.874672
104_51,s1.213886,s-2.852452,s111.28805
104_52,s-2.549588,s2.015466,s27.523502
104_53,s2.389854,s1.729479,s318.209469
104_54,s0.298641,s-3.186034,s44.057785
104_55,s-3.148724,s-0.805009,s192.277539
104_56,s3.010275,s1.580584,s308.518319
104_57,s-0.499709,s-3.413618,s104.547263
104_58,s3.134362,s-1.032365,s16.735136
104_59,s-2.080893,s-2.561227,s185.765985
104_60,s2.525674,s-2.200789,s297.958236
104_61,s-2.572826,s-2.222739,s148.980963
104_62,s-3.701542,s-1.058815,s359.141366
104_63,s0.900721,s-3.330346,s173.154876
104_64,s-2.128665,s2.521663,s14.16456
104_65,s1.500152,s-3.162206,s195.526879
104_66,s0.129557,s-3.547635,s129.630534
104_67,s3.239573,s-0.260131,s248.031166
104_68,s-1.362891,s-3.005417,s132.628938
104_69,s-3.074889,s0.393776,s75.084519
104_70,s-3.274326,s-1.723017,s64.665195
104_71,s2.146335,s-2.827675,s150.297604
104_72,s-1.543913,s3.08526,s325.408847
104_73,s2.384008,s3.211932,s58.059383
104_74,s0.954197,s3.263358,s282.436895
104_75,s-3.238542,s1.789371,s171.920817
104_76,s3.528216,s-1.114311,s279.852836
104_77,s0.242373,s3.140662,s5.976925
104_78,s3.165618,s2.445171,s52.380332
104_79,s-0.594792,s3.44909,s335.074057
104_80,s3.790423,s0.674682,s47.746101
104_81,s3.28234,s-1.707701,s257.485009
104_82,s-2.233555,s3.615762,s262.616415
104_83,s0.962294,s3.830991,s316.530336
104_84,s2.507003,s-2.788806,s278.004905
104_85,s-1.071253,s-3.853883,s213.675847
104_86,s-3.63722,s1.100286,s47.100179
104_87,s-2.592469,s3.046162,s92.648657
104_88,s3.297121,s-2.264727,s247.847907
104_89,s2.287782,s-3.341939,s238.776418
104_90,s-3.659059,s-2.061865,s92.429683
104_91,s3.761597,s1.205359,s4.035417
104_92,s-1.722798,s4.048699,s270.930403
104_93,s-2.368359,s-3.40784,s194.435626
104_94,s-3.608204,s2.050211,s354.481168
104_95,s-3.883701,s0.72067,s101.858086
104_96,s3.619644,s2.321245,s334.872717
104_97,s0.790873,s4.429957,s119.390125
104_98,s4.403808,s-0.925459,s353.572996
104_99,s4.146049,s0.671029,s254.799508
104_100,s-3.794542,s0.20359,s127.573646
104_101,s2.949522,s3.059873,s1.870195
104_102,s-3.190818,s-2.807344,s111.860962
104_103,s2.166557,s-3.886969,s233.062158
105_0,s0.0,s0.0,s61.458974
105_1,s-0.087797,s0.492231,s34.479228
105_2,s0.458878,s0.65531,s347.407842
105_3,s0.369948,s-0.2562,s301.022519
105_4,s-0.404414,s-0.294023,s128.840276
105_5,s0.834052,s-0.454816,s262.731028
105_6,s-0.184418,s-0.778454,s224.38473
105_7,s0.819507,s0.480529,s278.525991
105_8,s-0.836532,s0.331986,s27.229171
105_9,s0.973831,s-1.005809,s247.702628
105_10,s-1.028382,s-0.949964,s213.937165
105_11,s-1.046449,s-0.086287,s57.453197
105_12,s0.705015,s1.491795,s17.209855
105_13,s0.254261,s-1.529003,s197.311675
105_14,s-1.353793,s-0.645945,s76.43608
105_15,s-1.456944,s0.661298,s83.771924
105_16,s-0.740772,s1.361527,s111.270673
105_17,s0.97787,s1.001884,s297.463483
105_18,s-0.629273,s1.739688,s1.553225
105_19,s-1.680577,s-1.084278,s101.500223
105_20,s1.623048,s-0.778277,s209.278812
105_21,s-0.833751,s-1.817927,s218.161732
105_22,s-1.916349,s1.179028,s111.169023
105_23,s-1.280872,s1.536023,s66.434036
105_24,s1.613792,s1.638803,s55.371005
105_25,s1.522809,s0.289055,s216.067609
105_26,s0.468313,s2.404825,s40.113282
105_27,s0.69866,s-1.874,s299.844059
105_28,s-1.377234,s-1.650978,s85.32734
105_29,s2.021313,s0.732662,s236.361939
105_30,s-1.197927,s-2.137164,s183.096492
105_31,s-0.802746,s-2.577906,s217.550163
105_32,s0.922671,s-2.269621,s146.629322
105_33,s2.137907,s-0.848146,s297.113569
105_34,s-2.360949,s-0.431182,s73.976505
105_35,s1.488701,s-1.818315,s164.330764
105_36,s-1.012541,s2.285774,s29.456702
105_37,s-2.124458,s1.666337,s88.150672
105_38,s-1.519058,s2.292371,s101.756916
105_39,s2.016567,s1.30133,s0.723876
105_40,s1.10743,s2.296976,s15.110186
105_41,s2.490596,s1.042561,s288.869752
105_42,s-0.484167,s2.554522,s358.622905
105_43,s-2.90154,s0.762278,s3.688647
105_44,s2.109286,s-1.764486,s306.21191
105_45,s-1.886577,s-2.000832,s210.02924
105_46,s1.397116,s2.767321,s326.568391
105_47,s-2.577456,s-1.329181,s167.508644
105_48,s1.969621,s-2.196154,s152.980053
105_49,s2.056015,s2.184674,s24.162355
105_50,s2.829427,s0.341819,s327.874672
105_51,s1.213886,s-2.852452,s111.28805
105_52,s-2.549588,s2.015466,s27.523502
105_53,s2.389854,s1.729479,s318.209469
105_54,s0.298641,s-3.186034,s44.057785
105_55,s-3.148724,s-0.805009,s192.277539
105_56,s3.010275,s1.580584,s308.518319
105_57,s-0.499709,s-3.413618,s104.547263
105_58,s3.134362,s-1.032365,s16.735136
105_59,s-2.080893,s-2.561227,s185.765985
105_60,s2.525674,s-2.200789,s297.958236
105_61,s-2.572826,s-2.222739,s148.980963
105_62,s-3.701542,s-1.058815,s359.141366
105_63,s0.900721,s-3.330346,s173.154876
105_64,s-2.128665,s2.521663,s14.16456
105_65,s1.500152,s-3.162206,s195.526879
105_66,s0.129557,s-3.547635,s129.630534
105_67,s3.239573,s-0.260131,s248.031166
105_68,s-1.362891,s-3.005417,s132.628938
105_69,s-3.074889,s0.393776,s75.084519
105_70,s-3.274326,s-1.723017,s64.665195
105_71,s2.146335,s-2.827675,s150.297604
105_72,s-1.543913,s3.08526,s325.408847
105_73,s2.384008,s3.211932,s58.059383
105_74,s0.954197,s3.263358,s282.436895
105_75,s-3.238542,s1.789371,s171.920817
105_76,s3.528216,s-1.114311,s279.852836
105_77,s0.242373,s3.140662,s5.976925
105_78,s3.165618,s2.445171,s52.380332
105_79,s-0.594792,s3.44909,s335.074057
105_80,s3.790423,s0.674682,s47.746101
105_81,s3.28234,s-1.707701,s257.485009
105_82,s-2.233555,s3.615762,s262.616415
105_83,s0.962294,s3.830991,s316.530336
105_84,s2.507003,s-2.788806,s278.004905
105_85,s-1.071253,s-3.853883,s213.675847
105_86,s-3.63722,s1.100286,s47.100179
105_87,s-2.592469,s3.046162,s92.648657
105_88,s3.297121,s-2.264727,s247.847907
105_89,s2.287782,s-3.341939,s238.776418
105_90,s-3.659059,s-2.061865,s92.429683
105_91,s3.761597,s1.205359,s4.035417
105_92,s-1.722798,s4.048699,s270.930403
105_93,s-2.368359,s-3.40784,s194.435626
105_94,s-3.608204,s2.050211,s354.481168
105_95,s-3.883701,s0.72067,s101.858086
105_96,s3.619644,s2.321245,s334.872717
105_97,s0.790873,s4.429957,s119.390125
105_98,s4.403808,s-0.925459,s353.572996
105_99,s4.146049,s0.671029,s254.799508
105_100,s-3.794542,s0.20359,s127.573646
105_101,s2.949522,s3.059873,s1.870195
105_102,s-3.190818,s-2.807344,s111.860962
105_103,s2.166557,s-3.886969,s233.062158
105_104,s1.604399,s3.718656,s1.899259
106_0,s0.0,s0.0,s61.458974
106_1,s-0.087797,s0.492231,s34.479228
106_2,s0.458878,s0.65531,s347.407842
106_3,s0.369948,s-0.2562,s301.022519
106_4,s-0.404414,s-0.294023,s128.840276
106_5,s0.834052,s-0.454816,s262.731028
106_6,s-0.184418,s-0.778454,s224.38473
106_7,s0.819507,s0.480529,s278.525991
106_8,s-0.836532,s0.331986,s27.229171
106_9,s0.973831,s-1.005809,s247.702628
106_10,s-1.028382,s-0.949964,s213.937165
106_11,s-1.046449,s-0.086287,s57.453197
106_12,s0.705015,s1.491795,s17.209855
106_13,s0.254261,s-1.529003,s197.311675
106_14,s-1.353793,s-0.645945,s76.43608
106_15,s-1.456944,s0.661298,s83.771924
106_16,s-0.740772,s1.361527,s111.270673
106_17,s0.97787,s1.001884,s297.463483
106_18,s-0.629273,s1.739688,s1.553225
106_19,s-1.680577,s-1.084278,s101.500223
106_20,s1.623048,s-0.778277,s209.278812
106_21,s-0.833751,s-1.817927,s218.161732
106_22,s-1.916349,s1.179028,s111.169023
106_23,s-1.280872,s1.536023,s66.434036
106_24,s1.613792,s1.638803,s55.371005
106_25,s1.522809,s0.289055,s216.067609
106_26,s0.468313,s2.404825,s40.113282
106_27,s0.69866,s-1.874,s299.844059
106_28,s-1.377234,s-1.650978,s85.32734
106_29,s2.021313,s0.732662,s236.361939
106_30,s-1.197927,s-2.137164,s183.096492
106_31,s-0.802746,s-2.577906,s217.550163
106_32,s0.922671,s-2.269621,s146.629322
106_33,s2.137907,s-0.848146,s297.113569
106_34,s-2.360949,s-0.431182,s73.976505
106_35,s1.488701,s-1.818315,s164.330764
106_36,s-1.012541,s2.285774,s29.456702
106_37,s-2.124458,s1.666337,s88.150672
106_38,s-1.519058,s2.292371,s101.756916
106_39,s2.016567,s1.30133,s0.723876
106_40,s1.10743,s2.296976,s15.110186
106_41,s2.490596,s1.042561,s288.869752
106_42,s-0.484167,s2.554522,s358.622905
106_43,s-2.90154,s0.762278,s3.688647
106_44,s2.109286,s-1.764486,s306.21191
106_45,s-1.886577,s-2.000832,s210.02924
106_46,s1.397116,s2.767321,s326.568391
106_47,s-2.577456,s-1.329181,s167.508644
106_48,s1.969621,s-2.196154,s152.980053
106_49,s2.056015,s2.184674,s24.162355
106_50,s2.829427,s0.341819,s327.874672
106_51,s1.213886,s-2.852452,s111.28805
106_52,s-2.549588,s2.015466,s27.523502
106_53,s2.389854,s1.729479,s318.209469
106_54,s0.298641,s-3.186034,s44.057785
106_55,s-3.148724,s-0.805009,s192.277539
106_56,s3.010275,s1.580584,s308.518319
106_57,s-0.499709,s-3.413618,s104.547263
106_58,s3.134362,s-1.032365,s16.735136
106_59,s-2.080893,s-2.561227,s185.765985
106_60,s2.525674,s-2.200789,s297.958236
106_61,s-2.572826,s-2.222739,s148.980963
106_62,s-3.701542,s-1.058815,s359.141366
106_63,s0.900721,s-3.330346,s173.154876
106_64,s-2.128665,s2.521663,s14.16456
106_65,s1.500152,s-3.162206,s195.526879
106_66,s0.129557,s-3.547635,s129.630534
106_67,s3.239573,s-0.260131,s248.031166
106_68,s-1.362891,s-3.005417,s132.628938
106_69,s-3.074889,s0.393776,s75.084519
106_70,s-3.274326,s-1.723017,s64.665195
106_71,s2.146335,s-2.827675,s150.297604
106_72,s-1.543913,s3.08526,s325.408847
106_73,s2.384008,s3.211932,s58.059383
106_74,s0.954197,s3.263358,s282.436895
106_75,s-3.238542,s1.789371,s171.920817
106_76,s3.528216,s-1.114311,s279.852836
106_77,s0.242373,s3.140662,s5.976925
106_78,s3.165618,s2.445171,s52.380332
106_79,s-0.594792,s3.44909,s335.074057
106_80,s3.790423,s0.674682,s47.746101
106_81,s3.28234,s-1.707701,s257.485009
106_82,s-2.233555,s3.615762,s262.616415
106_83,s0.962294,s3.830991,s316.530336
106_84,s2.507003,s-2.788806,s278.004905
106_85,s-1.071253,s-3.853883,s213.675847
106_86,s-3.63722,s1.100286,s47.100179
106_87,s-2.592469,s3.046162,s92.648657
106_88,s3.297121,s-2.264727,s247.847907
106_89,s2.287782,s-3.341939,s238.776418
106_90,s-3.659059,s-2.061865,s92.429683
106_91,s3.761597,s1.205359,s4.035417
106_92,s-1.722798,s4.048699,s270.930403
106_93,s-2.368359,s-3.40784,s194.435626
106_94,s-3.608204,s2.050211,s354.481168
106_95,s-3.883701,s0.72067,s101.858086
106_96,s3.619644,s2.321245,s334.872717
106_97,s0.790873,s4.429957,s119.390125
106_98,s4.403808,s-0.925459,s353.572996
106_99,s4.146049,s0.671029,s254.799508
106_100,s-3.794542,s0.20359,s127.573646
106_101,s2.949522,s3.059873,s1.870195
106_102,s-3.190818,s-2.807344,s111.860962
106_103,s2.166557,s-3.886969,s233.062158
106_104,s1.604399,s3.718656,s1.899259
106_105,s3.307595,s-3.268381,s335.698308
107_0,s0.0,s0.0,s61.458974
107_1,s-0.087797,s0.492231,s34.479228
107_2,s0.458878,s0.65531,s347.407842
107_3,s0.369948,s-0.2562,s301.022519
107_4,s-0.404414,s-0.294023,s128.840276
107_5,s0.834052,s-0.454816,s262.731028
107_6,s-0.184418,s-0.778454,s224.38473
107_7,s0.819507,s0.480529,s278.525991
107_8,s-0.836532,s0.331986,s27.229171
107_9,s0.973831,s-1.005809,s247.702628
107_10,s-1.028382,s-0.949964,s213.937165
107_11,s-1.046449,s-0.086287,s57.453197
107_12,s0.705015,s1.491795,s17.209855
107_13,s0.254261,s-1.529003,s197.311675
107_14,s-1.353793,s-0.645945,s76.43608
107_15,s-1.456944,s0.661298,s83.771924
107_16,s-0.740772,s1.361527,s111.270673
107_17,s0.97787,s1.001884,s297.463483
107_18,s-0.629273,s1.739688,s1.553225
107_19,s-1.680577,s-1.084278,s101.500223
107_20,s1.623048,s-0.778277,s209.278812
107_21,s-0.833751,s-1.817927,s218.161732
107_22,s-1.916349,s1.179028,s111.169023
107_23,s-1.280872,s1.536023,s66.434036
107_24,s1.613792,s1.638803,s55.371005
107_25,s1.522809,s0.289055,s216.067609
107_26,s0.468313,s2.404825,s40.113282
107_27,s0.69866,s-1.874,s299.844059
107_28,s-1.377234,s-1.650978,s85.32734
107_29,s2.021313,s0.732662,s236.361939
107_30,s-1.197927,s-2.137164,s183.096492
107_31,s-0.802746,s-2.577906,s217.550163
107_32,s0.922671,s-2.269621,s146.629322
107_33,s2.137907,s-0.848146,s297.113569
107_34,s-2.360949,s-0.431182,s73.976505
107_35,s1.488701,s-1.818315,s164.330764
107_36,s-1.012541,s2.285774,s29.456702
107_37,s-2.124458,s1.666337,s88.150672
107_38,s-1.519058,s2.292371,s101.756916
107_39,s2.016567,s1.30133,s0.723876
107_40,s1.10743,s2.296976,s15.110186
107_41,s2.490596,s1.042561,s288.869752
107_42,s-0.484167,s2.554522,s358.622905
107_43,s-2.90154,s0.762278,s3.688647
107_44,s2.109286,s-1.764486,s306.21191
107_45,s-1.886577,s-2.000832,s210.02924
107_46,s1.397116,s2.767321,s326.568391
107_47,s-2.577456,s-1.329181,s167.508644
107_48,s1.969621,s-2.196154,s152.980053
107_49,s2.056015,s2.184674,s24.162355
107_50,s2.829427,s0.341819,s327.874672
107_51,s1.213886,s-2.852452,s111.28805
107_52,s-2.549588,s2.015466,s27.523502
107_53,s2.389854,s1.729479,s318.209469
107_54,s0.298641,s-3.186034,s44.057785
107_55,s-3.148724,s-0.805009,s192.277539
107_56,s3.010275,s1.580584,s308.518319
107_57,s-0.499709,s-3.413618,s104.547263
107_58,s3.134362,s-1.032365,s16.735136
107_59,s-2.080893,s-2.561227,s185.765985
107_60,s2.525674,s-2.200789,s297.958236
107_61,s-2.572826,s-2.222739,s148.980963
107_62,s-3.701542,s-1.058815,s359.141366
107_63,s0.900721,s-3.330346,s173.154876
107_64,s-2.128665,s2.521663,s14.16456
107_65,s1.500152,s-3.162206,s195.526879
107_66,s0.129557,s-3.547635,s129.630534
107_67,s3.239573,s-0.260131,s248.031166
107_68,s-1.362891,s-3.005417,s132.628938
107_69,s-3.074889,s0.393776,s75.084519
107_70,s-3.274326,s-1.723017,s64.665195
107_71,s2.146335,s-2.827675,s150.297604
107_72,s-1.543913,s3.08526,s325.408847
107_73,s2.384008,s3.211932,s58.059383
107_74,s0.954197,s3.263358,s282.436895
107_75,s-3.238542,s1.789371,s171.920817
107_76,s3.528216,s-1.114311,s279.852836
107_77,s0.242373,s3.140662,s5.976925
107_78,s3.165618,s2.445171,s52.380332
107_79,s-0.594792,s3.44909,s335.074057
107_80,s3.790423,s0.674682,s47.746101
107_81,s3.28234,s-1.707701,s257.485009
107_82,s-2.233555,s3.615762,s262.616415
107_83,s0.962294,s3.830991,s316.530336
107_84,s2.507003,s-2.788806,s278.004905
107_85,s-1.071253,s-3.853883,s213.675847
107_86,s-3.63722,s1.100286,s47.100179
107_87,s-2.592469,s3.046162,s92.648657
107_88,s3.297121,s-2.264727,s247.847907
107_89,s2.287782,s-3.341939,s238.776418
107_90,s-3.659059,s-2.061865,s92.429683
107_91,s3.761597,s1.205359,s4.035417
107_92,s-1.722798,s4.048699,s270.930403
107_93,s-2.368359,s-3.40784,s194.435626
107_94,s-3.608204,s2.050211,s354.481168
107_95,s-3.883701,s0.72067,s101.858086
107_96,s3.619644,s2.321245,s334.872717
107_97,s0.790873,s4.429957,s119.390125
107_98,s4.403808,s-0.925459,s353.572996
107_99,s4.146049,s0.671029,s254.799508
107_100,s-3.794542,s0.20359,s127.573646
107_101,s2.949522,s3.059873,s1.870195
107_102,s-3.190818,s-2.807344,s111.860962
107_103,s2.166557,s-3.886969,s233.062158
107_104,s1.604399,s3.718656,s1.899259
107_105,s3.307595,s-3.268381,s335.698308
107_106,s1.645038,s-4.24221,s241.577831
108_0,s0.0,s0.0,s61.458974
108_1,s-0.087797,s0.492231,s34.479228
108_2,s0.458878,s0.65531,s347.407842
108_3,s0.369948,s-0.2562,s301.022519
108_4,s-0.404414,s-0.294023,s128.840276
108_5,s0.834052,s-0.454816,s262.731028
108_6,s-0.184418,s-0.778454,s224.38473
108_7,s0.819507,s0.480529,s278.525991
108_8,s-0.836532,s0.331986,s27.229171
108_9,s0.973831,s-1.005809,s247.702628
108_10,s-1.028382,s-0.949964,s213.937165
108_11,s-1.046449,s-0.086287,s57.453197
108_12,s0.705015,s1.491795,s17.209855
108_13,s0.254261,s-1.529003,s197.311675
108_14,s-1.353793,s-0.645945,s76.43608
108_15,s-1.456944,s0.661298,s83.771924
108_16,s-0.740772,s1.361527,s111.270673
108_17,s0.97787,s1.001884,s297.463483
108_18,s-0.629273,s1.739688,s1.553225
108_19,s-1.680577,s-1.084278,s101.500223
108_20,s1.623048,s-0.778277,s209.278812
108_21,s-0.833751,s-1.817927,s218.161732
108_22,s-1.916349,s1.179028,s111.169023
108_23,s-1.280872,s1.536023,s66.434036
108_24,s1.613792,s1.638803,s55.371005
108_25,s1.522809,s0.289055,s216.067609
108_26,s0.468313,s2.404825,s40.113282
108_27,s0.69866,s-1.874,s299.844059
108_28,s-1.377234,s-1.650978,s85.32734
108_29,s2.021313,s0.732662,s236.361939
108_30,s-1.197927,s-2.137164,s183.096492
108_31,s-0.802746,s-2.577906,s217.550163
108_32,s0.922671,s-2.269621,s146.629322
108_33,s2.137907,s-0.848146,s297.113569
108_34,s-2.360949,s-0.431182,s73.976505
108_35,s1.488701,s-1.818315,s164.330764
108_36,s-1.012541,s2.285774,s29.456702
108_37,s-2.124458,s1.666337,s88.150672
108_38,s-1.519058,s2.292371,s101.756916
108_39,s2.016567,s1.30133,s0.723876
108_40,s1.10743,s2.296976,s15.110186
108_41,s2.490596,s1.042561,s288.869752
108_42,s-0.484167,s2.554522,s358.622905
108_43,s-2.90154,s0.762278,s3.688647
108_44,s2.109286,s-1.764486,s306.21191
108_45,s-1.886577,s-2.000832,s210.02924
108_46,s1.397116,s2.767321,s326.568391
108_47,s-2.577456,s-1.329181,s167.508644
108_48,s1.969621,s-2.196154,s152.980053
108_49,s2.056015,s2.184674,s24.162355
108_50,s2.829427,s0.341819,s327.874672
108_51,s1.213886,s-2.852452,s111.28805
108_52,s-2.549588,s2.015466,s27.523502
108_53,s2.389854,s1.729479,s318.209469
108_54,s0.298641,s-3.186034,s44.057785
108_55,s-3.148724,s-0.805009,s192.277539
108_56,s3.010275,s1.580584,s308.518319
108_57,s-0.499709,s-3.413618,s104.547263
108_58,s3.134362,s-1.032365,s16.735136
108_59,s-2.080893,s-2.561227,s185.765985
108_60,s2.525674,s-2.200789,s297.958236
108_61,s-2.572826,s-2.222739,s148.980963
108_62,s-3.701542,s-1.058815,s359.141366
108_63,s0.900721,s-3.330346,s173.154876
108_64,s-2.128665,s2.521663,s14.16456
108_65,s1.500152,s-3.162206,s195.526879
108_66,s0.129557,s-3.547635,s129.630534
108_67,s3.239573,s-0.260131,s248.031166
108_68,s-1.362891,s-3.005417,s132.628938
108_69,s-3.074889,s0.393776,s75.084519
108_70,s-3.274326,s-1.723017,s64.665195
108_71,s2.146335,s-2.827675,s150.297604
108_72,s-1.543913,s3.08526,s325.408847
108_73,s2.384008,s3.211932,s58.059383
108_74,s0.954197,s3.263358,s282.436895
108_75,s-3.238542,s1.789371,s171.920817
108_76,s3.528216,s-1.114311,s279.852836
108_77,s0.242373,s3.140662,s5.976925
108_78,s3.165618,s2.445171,s52.380332
108_79,s-0.594792,s3.44909,s335.074057
108_80,s3.790423,s0.674682,s47.746101
108_81,s3.28234,s-1.707701,s257.485009
108_82,s-2.233555,s3.615762,s262.616415
108_83,s0.962294,s3.830991,s316.530336
108_84,s2.507003,s-2.788806,s278.004905
108_85,s-1.071253,s-3.853883,s213.675847
108_86,s-3.63722,s1.100286,s47.100179
108_87,s-2.592469,s3.046162,s92.648657
108_88,s3.297121,s-2.264727,s247.847907
108_89,s2.287782,s-3.341939,s238.776418
108_90,s-3.659059,s-2.061865,s92.429683
108_91,s3.761597,s1.205359,s4.035417
108_92,s-1.722798,s4.048699,s270.930403
108_93,s-2.368359,s-3.40784,s194.435626
108_94,s-3.608204,s2.050211,s354.481168
108_95,s-3.883701,s0.72067,s101.858086
108_96,s3.619644,s2.321245,s334.872717
108_97,s0.790873,s4.429957,s119.390125
108_98,s4.403808,s-0.925459,s353.572996
108_99,s4.146049,s0.671029,s254.799508
108_100,s-3.794542,s0.20359,s127.573646
108_101,s2.949522,s3.059873,s1.870195
108_102,s-3.190818,s-2.807344,s111.860962
108_103,s2.166557,s-3.886969,s233.062158
108_104,s1.604399,s3.718656,s1.899259
108_105,s3.307595,s-3.268381,s335.698308
108_106,s1.645038,s-4.24221,s241.577831
108_107,s4.19738,s-1.622345,s189.096833
109_0,s0.0,s0.0,s61.458974
109_1,s-0.087797,s0.492231,s34.479228
109_2,s0.458878,s0.65531,s347.407842
109_3,s0.369948,s-0.2562,s301.022519
109_4,s-0.404414,s-0.294023,s128.840276
109_5,s0.834052,s-0.454816,s262.731028
109_6,s-0.184418,s-0.778454,s224.38473
109_7,s0.819507,s0.480529,s278.525991
109_8,s-0.836532,s0.331986,s27.229171
109_9,s0.973831,s-1.005809,s247.702628
109_10,s-1.028382,s-0.949964,s213.937165
109_11,s-1.046449,s-0.086287,s57.453197
109_12,s0.705015,s1.491795,s17.209855
109_13,s0.254261,s-1.529003,s197.311675
109_14,s-1.353793,s-0.645945,s76.43608
109_15,s-1.456944,s0.661298,s83.771924
109_16,s-0.740772,s1.361527,s111.270673
109_17,s0.97787,s1.001884,s297.463483
109_18,s-0.629273,s1.739688,s1.553225
109_19,s-1.680577,s-1.084278,s101.500223
109_20,s1.623048,s-0.778277,s209.278812
109_21,s-0.833751,s-1.817927,s218.161732
109_22,s-1.916349,s1.179028,s111.169023
109_23,s-1.280872,s1.536023,s66.434036
109_24,s1.613792,s1.638803,s55.371005
109_25,s1.522809,s0.289055,s216.067609
109_26,s0.468313,s2.404825,s40.113282
109_27,s0.69866,s-1.874,s299.844059
109_28,s-1.377234,s-1.650978,s85.32734
109_29,s2.021313,s0.732662,s236.361939
109_30,s-1.197927,s-2.137164,s183.096492
109_31,s-0.802746,s-2.577906,s217.550163
109_32,s0.922671,s-2.269621,s146.629322
109_33,s2.137907,s-0.848146,s297.113569
109_34,s-2.360949,s-0.431182,s73.976505
109_35,s1.488701,s-1.818315,s164.330764
109_36,s-1.012541,s2.285774,s29.456702
109_37,s-2.124458,s1.666337,s88.150672
109_38,s-1.519058,s2.292371,s101.756916
109_39,s2.016567,s1.30133,s0.723876
109_40,s1.10743,s2.296976,s15.110186
109_41,s2.490596,s1.042561,s288.869752
109_42,s-0.484167,s2.554522,s358.622905
109_43,s-2.90154,s0.762278,s3.688647
109_44,s2.109286,s-1.764486,s306.21191
109_45,s-1.886577,s-2.000832,s210.02924
109_46,s1.397116,s2.767321,s326.568391
109_47,s-2.577456,s-1.329181,s167.508644
109_48,s1.969621,s-2.196154,s152.980053
109_49,s2.056015,s2.184674,s24.162355
109_50,s2.829427,s0.341819,s327.874672
109_51,s1.213886,s-2.852452,s111.28805
109_52,s-2.549588,s2.015466,s27.523502
109_53,s2.389854,s1.729479,s318.209469
109_54,s0.298641,s-3.186034,s44.057785
109_55,s-3.148724,s-0.805009,s192.277539
109_56,s3.010275,s1.580584,s308.518319
109_57,s-0.499709,s-3.413618,s104.547263
109_58,s3.134362,s-1.032365,s16.735136
109_59,s-2.080893,s-2.561227,s185.765985
109_60,s2.525674,s-2.200789,s297.958236
109_61,s-2.572826,s-2.222739,s148.980963
109_62,s-3.701542,s-1.058815,s359.141366
109_63,s0.900721,s-3.330346,s173.154876
109_64,s-2.128665,s2.521663,s14.16456
109_65,s1.500152,s-3.162206,s195.526879
109_66,s0.129557,s-3.547635,s129.630534
109_67,s3.239573,s-0.260131,s248.031166
109_68,s-1.362891,s-3.005417,s132.628938
109_69,s-3.074889,s0.393776,s75.084519
109_70,s-3.274326,s-1.723017,s64.665195
109_71,s2.146335,s-2.827675,s150.297604
109_72,s-1.543913,s3.08526,s325.408847
109_73,s2.384008,s3.211932,s58.059383
109_74,s0.954197,s3.263358,s282.436895
109_75,s-3.238542,s1.789371,s171.920817
109_76,s3.528216,s-1.114311,s279.852836
109_77,s0.242373,s3.140662,s5.976925
109_78,s3.165618,s2.445171,s52.380332
109_79,s-0.594792,s3.44909,s335.074057
109_80,s3.790423,s0.674682,s47.746101
109_81,s3.28234,s-1.707701,s257.485009
109_82,s-2.233555,s3.615762,s262.616415
109_83,s0.962294,s3.830991,s316.530336
109_84,s2.507003,s-2.788806,s278.004905
109_85,s-1.071253,s-3.853883,s213.675847
109_86,s-3.63722,s1.100286,s47.100179
109_87,s-2.592469,s3.046162,s92.648657
109_88,s3.297121,s-2.264727,s247.847907
109_89,s2.287782,s-3.341939,s238.776418
109_90,s-3.659059,s-2.061865,s92.429683
109_91,s3.761597,s1.205359,s4.035417
109_92,s-1.722798,s4.048699,s270.930403
109_93,s-2.368359,s-3.40784,s194.435626
109_94,s-3.608204,s2.050211,s354.481168
109_95,s-3.883701,s0.72067,s101.858086
109_96,s3.619644,s2.321245,s334.872717
109_97,s0.790873,s4.429957,s119.390125
109_98,s4.403808,s-0.925459,s353.572996
109_99,s4.146049,s0.671029,s254.799508
109_100,s-3.794542,s0.20359,s127.573646
109_101,s2.949522,s3.059873,s1.870195
109_102,s-3.190818,s-2.807344,s111.860962
109_103,s2.166557,s-3.886969,s233.062158
109_104,s1.604399,s3.718656,s1.899259
109_105,s3.307595,s-3.268381,s335.698308
109_106,s1.645038,s-4.24221,s241.577831
109_107,s4.19738,s-1.622345,s189.096833
109_108,s-4.488406,s-1.00708,s1.903808
110_0,s0.0,s0.0,s61.458974
110_1,s-0.087797,s0.492231,s34.479228
110_2,s0.458878,s0.65531,s347.407842
110_3,s0.369948,s-0.2562,s301.022519
110_4,s-0.404414,s-0.294023,s128.840276
110_5,s0.834052,s-0.454816,s262.731028
110_6,s-0.184418,s-0.778454,s224.38473
110_7,s0.819507,s0.480529,s278.525991
110_8,s-0.836532,s0.331986,s27.229171
110_9,s0.973831,s-1.005809,s247.702628
110_10,s-1.028382,s-0.949964,s213.937165
110_11,s-1.046449,s-0.086287,s57.453197
110_12,s0.705015,s1.491795,s17.209855
110_13,s0.254261,s-1.529003,s197.311675
110_14,s-1.353793,s-0.645945,s76.43608
110_15,s-1.456944,s0.661298,s83.771924
110_16,s-0.740772,s1.361527,s111.270673
110_17,s0.97787,s1.001884,s297.463483
110_18,s-0.629273,s1.739688,s1.553225
110_19,s-1.680577,s-1.084278,s101.500223
110_20,s1.623048,s-0.778277,s209.278812
110_21,s-0.833751,s-1.817927,s218.161732
110_22,s-1.916349,s1.179028,s111.169023
110_23,s-1.280872,s1.536023,s66.434036
110_24,s1.613792,s1.638803,s55.371005
110_25,s1.522809,s0.289055,s216.067609
110_26,s0.468313,s2.404825,s40.113282
110_27,s0.69866,s-1.874,s299.844059
110_28,s-1.377234,s-1.650978,s85.32734
110_29,s2.021313,s0.732662,s236.361939
110_30,s-1.197927,s-2.137164,s183.096492
110_31,s-0.802746,s-2.577906,s217.550163
110_32,s0.922671,s-2.269621,s146.629322
110_33,s2.137907,s-0.848146,s297.113569
110_34,s-2.360949,s-0.431182,s73.976505
110_35,s1.488701,s-1.818315,s164.330764
110_36,s-1.012541,s2.285774,s29.456702
110_37,s-2.124458,s1.666337,s88.150672
110_38,s-1.519058,s2.292371,s101.756916
110_39,s2.016567,s1.30133,s0.723876
110_40,s1.10743,s2.296976,s15.110186
110_41,s2.490596,s1.042561,s288.869752
110_42,s-0.484167,s2.554522,s358.622905
110_43,s-2.90154,s0.762278,s3.688647
110_44,s2.109286,s-1.764486,s306.21191
110_45,s-1.886577,s-2.000832,s210.02924
110_46,s1.397116,s2.767321,s326.568391
110_47,s-2.577456,s-1.329181,s167.508644
110_48,s1.969621,s-2.196154,s152.980053
110_49,s2.056015,s2.184674,s24.162355
110_50,s2.829427,s0.341819,s327.874672
110_51,s1.213886,s-2.852452,s111.28805
110_52,s-2.549588,s2.015466,s27.523502
110_53,s2.389854,s1.729479,s318.209469
110_54,s0.298641,s-3.186034,s44.057785
110_55,s-3.148724,s-0.805009,s192.277539
110_56,s3.010275,s1.580584,s308.518319
110_57,s-0.499709,s-3.413618,s104.547263
110_58,s3.134362,s-1.032365,s16.735136
110_59,s-2.080893,s-2.561227,s185.765985
110_60,s2.525674,s-2.200789,s297.958236
110_61,s-2.572826,s-2.222739,s148.980963
110_62,s-3.701542,s-1.058815,s359.141366
110_63,s0.900721,s-3.330346,s173.154876
110_64,s-2.128665,s2.521663,s14.16456
110_65,s1.500152,s-3.162206,s195.526879
110_66,s0.129557,s-3.547635,s129.630534
110_67,s3.239573,s-0.260131,s248.031166
110_68,s-1.362891,s-3.005417,s132.628938
110_69,s-3.074889,s0.393776,s75.084519
110_70,s-3.274326,s-1.723017,s64.665195
110_71,s2.146335,s-2.827675,s150.297604
110_72,s-1.543913,s3.08526,s325.408847
110_73,s2.384008,s3.211932,s58.059383
110_74,s0.954197,s3.263358,s282.436895
110_75,s-3.238542,s1.789371,s171.920817
110_76,s3.528216,s-1.114311,s279.852836
110_77,s0.242373,s3.140662,s5.976925
110_78,s3.165618,s2.445171,s52.380332
110_79,s-0.594792,s3.44909,s335.074057
110_80,s3.790423,s0.674682,s47.746101
110_81,s3.28234,s-1.707701,s257.485009
110_82,s-2.233555,s3.615762,s262.616415
110_83,s0.962294,s3.830991,s316.530336
110_84,s2.507003,s-2.788806,s278.004905
110_85,s-1.071253,s-3.853883,s213.675847
110_86,s-3.63722,s1.100286,s47.100179
110_87,s-2.592469,s3.046162,s92.648657
110_88,s3.297121,s-2.264727,s247.847907
110_89,s2.287782,s-3.341939,s238.776418
110_90,s-3.659059,s-2.061865,s92.429683
110_91,s3.761597,s1.205359,s4.035417
110_92,s-1.722798,s4.048699,s270.930403
110_93,s-2.368359,s-3.40784,s194.435626
110_94,s-3.608204,s2.050211,s354.481168
110_95,s-3.883701,s0.72067,s101.858086
110_96,s3.619644,s2.321245,s334.872717
110_97,s0.790873,s4.429957,s119.390125
110_98,s4.403808,s-0.925459,s353.572996
110_99,s4.146049,s0.671029,s254.799508
110_100,s-3.794542,s0.20359,s127.573646
110_101,s2.949522,s3.059873,s1.870195
110_102,s-3.190818,s-2.807344,s111.860962
110_103,s2.166557,s-3.886969,s233.062158
110_104,s1.604399,s3.718656,s1.899259
110_105,s3.307595,s-3.268381,s335.698308
110_106,s1.645038,s-4.24221,s241.577831
110_107,s4.19738,s-1.622345,s189.096833
110_108,s-4.488406,s-1.00708,s1.903808
110_109,s0.427796,s-4.278667,s74.387053
111_0,s0.0,s0.0,s61.458974
111_1,s-0.087797,s0.492231,s34.479228
111_2,s0.458878,s0.65531,s347.407842
111_3,s0.369948,s-0.2562,s301.022519
111_4,s-0.404414,s-0.294023,s128.840276
111_5,s0.834052,s-0.454816,s262.731028
111_6,s-0.184418,s-0.778454,s224.38473
111_7,s0.819507,s0.480529,s278.525991
111_8,s-0.836532,s0.331986,s27.229171
111_9,s0.973831,s-1.005809,s247.702628
111_10,s-1.028382,s-0.949964,s213.937165
111_11,s-1.046449,s-0.086287,s57.453197
111_12,s0.705015,s1.491795,s17.209855
111_13,s0.254261,s-1.529003,s197.311675
111_14,s-1.353793,s-0.645945,s76.43608
111_15,s-1.456944,s0.661298,s83.771924
111_16,s-0.740772,s1.361527,s111.270673
111_17,s0.97787,s1.001884,s297.463483
111_18,s-0.629273,s1.739688,s1.553225
111_19,s-1.680577,s-1.084278,s101.500223
111_20,s1.623048,s-0.778277,s209.278812
111_21,s-0.833751,s-1.817927,s218.161732
111_22,s-1.916349,s1.179028,s111.169023
111_23,s-1.280872,s1.536023,s66.434036
111_24,s1.613792,s1.638803,s55.371005
111_25,s1.522809,s0.289055,s216.067609
111_26,s0.468313,s2.404825,s40.113282
111_27,s0.69866,s-1.874,s299.844059
111_28,s-1.377234,s-1.650978,s85.32734
111_29,s2.021313,s0.732662,s236.361939
111_30,s-1.197927,s-2.137164,s183.096492
111_31,s-0.802746,s-2.577906,s217.550163
111_32,s0.922671,s-2.269621,s146.629322
111_33,s2.137907,s-0.848146,s297.113569
111_34,s-2.360949,s-0.431182,s73.976505
111_35,s1.488701,s-1.818315,s164.330764
111_36,s-1.012541,s2.285774,s29.456702
111_37,s-2.124458,s1.666337,s88.150672
111_38,s-1.519058,s2.292371,s101.756916
111_39,s2.016567,s1.30133,s0.723876
111_40,s1.10743,s2.296976,s15.110186
111_41,s2.490596,s1.042561,s288.869752
111_42,s-0.484167,s2.554522,s358.622905
111_43,s-2.90154,s0.762278,s3.688647
111_44,s2.109286,s-1.764486,s306.21191
111_45,s-1.886577,s-2.000832,s210.02924
111_46,s1.397116,s2.767321,s326.568391
111_47,s-2.577456,s-1.329181,s167.508644
111_48,s1.969621,s-2.196154,s152.980053
111_49,s2.056015,s2.184674,s24.162355
111_50,s2.829427,s0.341819,s327.874672
111_51,s1.213886,s-2.852452,s111.28805
111_52,s-2.549588,s2.015466,s27.523502
111_53,s2.389854,s1.729479,s318.209469
111_54,s0.298641,s-3.186034,s44.057785
111_55,s-3.148724,s-0.805009,s192.277539
111_56,s3.010275,s1.580584,s308.518319
111_57,s-0.499709,s-3.413618,s104.547263
111_58,s3.134362,s-1.032365,s16.735136
111_59,s-2.080893,s-2.561227,s185.765985
111_60,s2.525674,s-2.200789,s297.958236
111_61,s-2.572826,s-2.222739,s148.980963
111_62,s-3.701542,s-1.058815,s359.141366
111_63,s0.900721,s-3.330346,s173.154876
111_64,s-2.128665,s2.521663,s14.16456
111_65,s1.500152,s-3.162206,s195.526879
111_66,s0.129557,s-3.547635,s129.630534
111_67,s3.239573,s-0.260131,s248.031166
111_68,s-1.362891,s-3.005417,s132.628938
111_69,s-3.074889,s0.393776,s75.084519
111_70,s-3.274326,s-1.723017,s64.665195
111_71,s2.146335,s-2.827675,s150.297604
111_72,s-1.543913,s3.08526,s325.408847
111_73,s2.384008,s3.211932,s58.059383
111_74,s0.954197,s3.263358,s282.436895
111_75,s-3.238542,s1.789371,s171.920817
111_76,s3.528216,s-1.114311,s279.852836
111_77,s0.242373,s3.140662,s5.976925
111_78,s3.165618,s2.445171,s52.380332
111_79,s-0.594792,s3.44909,s335.074057
111_80,s3.790423,s0.674682,s47.746101
111_81,s3.28234,s-1.707701,s257.485009
111_82,s-2.233555,s3.615762,s262.616415
111_83,s0.962294,s3.830991,s316.530336
111_84,s2.507003,s-2.788806,s278.004905
111_85,s-1.071253,s-3.853883,s213.675847
111_86,s-3.63722,s1.100286,s47.100179
111_87,s-2.592469,s3.046162,s92.648657
111_88,s3.297121,s-2.264727,s247.847907
111_89,s2.287782,s-3.341939,s238.776418
111_90,s-3.659059,s-2.061865,s92.429683
111_91,s3.761597,s1.205359,s4.035417
111_92,s-1.722798,s4.048699,s270.930403
111_93,s-2.368359,s-3.40784,s194.435626
111_94,s-3.608204,s2.050211,s354.481168
111_95,s-3.883701,s0.72067,s101.858086
111_96,s3.619644,s2.321245,s334.872717
111_97,s0.790873,s4.429957,s119.390125
111_98,s4.403808,s-0.925459,s353.572996
111_99,s4.146049,s0.671029,s254.799508
111_100,s-3.794542,s0.20359,s127.573646
111_101,s2.949522,s3.059873,s1.870195
111_102,s-3.190818,s-2.807344,s111.860962
111_103,s2.166557,s-3.886969,s233.062158
111_104,s1.604399,s3.718656,s1.899259
111_105,s3.307595,s-3.268381,s335.698308
111_106,s1.645038,s-4.24221,s241.577831
111_107,s4.19738,s-1.622345,s189.096833
111_108,s-4.488406,s-1.00708,s1.903808
111_109,s0.427796,s-4.278667,s74.387053
111_110,s4.204913,s2.099693,s327.982217
112_0,s0.0,s0.0,s61.458974
112_1,s-0.087797,s0.492231,s34.479228
112_2,s0.458878,s0.65531,s347.407842
112_3,s0.369948,s-0.2562,s301.022519
112_4,s-0.404414,s-0.294023,s128.840276
112_5,s0.834052,s-0.454816,s262.731028
112_6,s-0.184418,s-0.778454,s224.38473
112_7,s0.819507,s0.480529,s278.525991
112_8,s-0.836532,s0.331986,s27.229171
112_9,s0.973831,s-1.005809,s247.702628
112_10,s-1.028382,s-0.949964,s213.937165
112_11,s-1.046449,s-0.086287,s57.453197
112_12,s0.705015,s1.491795,s17.209855
112_13,s0.254261,s-1.529003,s197.311675
112_14,s-1.353793,s-0.645945,s76.43608
112_15,s-1.456944,s0.661298,s83.771924
112_16,s-0.740772,s1.361527,s111.270673
112_17,s0.97787,s1.001884,s297.463483
112_18,s-0.629273,s1.739688,s1.553225
112_19,s-1.680577,s-1.084278,s101.500223
112_20,s1.623048,s-0.778277,s209.278812
112_21,s-0.833751,s-1.817927,s218.161732
112_22,s-1.916349,s1.179028,s111.169023
112_23,s-1.280872,s1.536023,s66.434036
112_24,s1.613792,s1.638803,s55.371005
112_25,s1.522809,s0.289055,s216.067609
112_26,s0.468313,s2.404825,s40.113282
112_27,s0.69866,s-1.874,s299.844059
112_28,s-1.377234,s-1.650978,s85.32734
112_29,s2.021313,s0.732662,s236.361939
112_30,s-1.197927,s-2.137164,s183.096492
112_31,s-0.802746,s-2.577906,s217.550163
112_32,s0.922671,s-2.269621,s146.629322
112_33,s2.137907,s-0.848146,s297.113569
112_34,s-2.360949,s-0.431182,s73.976505
112_35,s1.488701,s-1.818315,s164.330764
112_36,s-1.012541,s2.285774,s29.456702
112_37,s-2.124458,s1.666337,s88.150672
112_38,s-1.519058,s2.292371,s101.756916
112_39,s2.016567,s1.30133,s0.723876
112_40,s1.10743,s2.296976,s15.110186
112_41,s2.490596,s1.042561,s288.869752
112_42,s-0.484167,s2.554522,s358.622905
112_43,s-2.90154,s0.762278,s3.688647
112_44,s2.109286,s-1.764486,s306.21191
112_45,s-1.886577,s-2.000832,s210.02924
112_46,s1.397116,s2.767321,s326.568391
112_47,s-2.577456,s-1.329181,s167.508644
112_48,s1.969621,s-2.196154,s152.980053
112_49,s2.056015,s2.184674,s24.162355
112_50,s2.829427,s0.341819,s327.874672
112_51,s1.213886,s-2.852452,s111.28805
112_52,s-2.549588,s2.015466,s27.523502
112_53,s2.389854,s1.729479,s318.209469
112_54,s0.298641,s-3.186034,s44.057785
112_55,s-3.148724,s-0.805009,s192.277539
112_56,s3.010275,s1.580584,s308.518319
112_57,s-0.499709,s-3.413618,s104.547263
112_58,s3.134362,s-1.032365,s16.735136
112_59,s-2.080893,s-2.561227,s185.765985
112_60,s2.525674,s-2.200789,s297.958236
112_61,s-2.572826,s-2.222739,s148.980963
112_62,s-3.701542,s-1.058815,s359.141366
112_63,s0.900721,s-3.330346,s173.154876
112_64,s-2.128665,s2.521663,s14.16456
112_65,s1.500152,s-3.162206,s195.526879
112_66,s0.129557,s-3.547635,s129.630534
112_67,s3.239573,s-0.260131,s248.031166
112_68,s-1.362891,s-3.005417,s132.628938
112_69,s-3.074889,s0.393776,s75.084519
112_70,s-3.274326,s-1.723017,s64.665195
112_71,s2.146335,s-2.827675,s150.297604
112_72,s-1.543913,s3.08526,s325.408847
112_73,s2.384008,s3.211932,s58.059383
112_74,s0.954197,s3.263358,s282.436895
112_75,s-3.238542,s1.789371,s171.920817
112_76,s3.528216,s-1.114311,s279.852836
112_77,s0.242373,s3.140662,s5.976925
112_78,s3.165618,s2.445171,s52.380332
112_79,s-0.594792,s3.44909,s335.074057
112_80,s3.790423,s0.674682,s47.746101
112_81,s3.28234,s-1.707701,s257.485009
112_82,s-2.233555,s3.615762,s262.616415
112_83,s0.962294,s3.830991,s316.530336
112_84,s2.507003,s-2.788806,s278.004905
112_85,s-1.071253,s-3.853883,s213.675847
112_86,s-3.63722,s1.100286,s47.100179
112_87,s-2.592469,s3.046162,s92.648657
112_88,s3.297121,s-2.264727,s247.847907
112_89,s2.287782,s-3.341939,s238.776418
112_90,s-3.659059,s-2.061865,s92.429683
112_91,s3.761597,s1.205359,s4.035417
112_92,s-1.722798,s4.048699,s270.930403
112_93,s-2.368359,s-3.40784,s194.435626
112_94,s-3.608204,s2.050211,s354.481168
112_95,s-3.883701,s0.72067,s101.858086
112_96,s3.619644,s2.321245,s334.872717
112_97,s0.790873,s4.429957,s119.390125
112_98,s4.403808,s-0.925459,s353.572996
112_99,s4.146049,s0.671029,s254.799508
112_100,s-3.794542,s0.20359,s127.573646
112_101,s2.949522,s3.059873,s1.870195
112_102,s-3.190818,s-2.807344,s111.860962
112_103,s2.166557,s-3.886969,s233.062158
112_104,s1.604399,s3.718656,s1.899259
112_105,s3.307595,s-3.268381,s335.698308
112_106,s1.645038,s-4.24221,s241.577831
112_107,s4.19738,s-1.622345,s189.096833
112_108,s-4.488406,s-1.00708,s1.903808
112_109,s0.427796,s-4.278667,s74.387053
112_110,s4.204913,s2.099693,s327.982217
112_111,s1.949102,s4.221789,s240.957166
113_0,s0.0,s0.0,s61.458974
113_1,s-0.087797,s0.492231,s34.479228
113_2,s0.458878,s0.65531,s347.407842
113_3,s0.369948,s-0.2562,s301.022519
113_4,s-0.404414,s-0.294023,s128.840276
113_5,s0.834052,s-0.454816,s262.731028
113_6,s-0.184418,s-0.778454,s224.38473
113_7,s0.819507,s0.480529,s278.525991
113_8,s-0.836532,s0.331986,s27.229171
113_9,s0.973831,s-1.005809,s247.702628
113_10,s-1.028382,s-0.949964,s213.937165
113_11,s-1.046449,s-0.086287,s57.453197
113_12,s0.705015,s1.491795,s17.209855
113_13,s0.254261,s-1.529003,s197.311675
113_14,s-1.353793,s-0.645945,s76.43608
113_15,s-1.456944,s0.661298,s83.771924
113_16,s-0.740772,s1.361527,s111.270673
113_17,s0.97787,s1.001884,s297.463483
113_18,s-0.629273,s1.739688,s1.553225
113_19,s-1.680577,s-1.084278,s101.500223
113_20,s1.623048,s-0.778277,s209.278812
113_21,s-0.833751,s-1.817927,s218.161732
113_22,s-1.916349,s1.179028,s111.169023
113_23,s-1.280872,s1.536023,s66.434036
113_24,s1.613792,s1.638803,s55.371005
113_25,s1.522809,s0.289055,s216.067609
113_26,s0.468313,s2.404825,s40.113282
113_27,s0.69866,s-1.874,s299.844059
113_28,s-1.377234,s-1.650978,s85.32734
113_29,s2.021313,s0.732662,s236.361939
113_30,s-1.197927,s-2.137164,s183.096492
113_31,s-0.802746,s-2.577906,s217.550163
113_32,s0.922671,s-2.269621,s146.629322
113_33,s2.137907,s-0.848146,s297.113569
113_34,s-2.360949,s-0.431182,s73.976505
113_35,s1.488701,s-1.818315,s164.330764
113_36,s-1.012541,s2.285774,s29.456702
113_37,s-2.124458,s1.666337,s88.150672
113_38,s-1.519058,s2.292371,s101.756916
113_39,s2.016567,s1.30133,s0.723876
113_40,s1.10743,s2.296976,s15.110186
113_41,s2.490596,s1.042561,s288.869752
113_42,s-0.484167,s2.554522,s358.622905
113_43,s-2.90154,s0.762278,s3.688647
113_44,s2.109286,s-1.764486,s306.21191
113_45,s-1.886577,s-2.000832,s210.02924
113_46,s1.397116,s2.767321,s326.568391
113_47,s-2.577456,s-1.329181,s167.508644
113_48,s1.969621,s-2.196154,s152.980053
113_49,s2.056015,s2.184674,s24.162355
113_50,s2.829427,s0.341819,s327.874672
113_51,s1.213886,s-2.852452,s111.28805
113_52,s-2.549588,s2.015466,s27.523502
113_53,s2.389854,s1.729479,s318.209469
113_54,s0.298641,s-3.186034,s44.057785
113_55,s-3.148724,s-0.805009,s192.277539
113_56,s3.010275,s1.580584,s308.518319
113_57,s-0.499709,s-3.413618,s104.547263
113_58,s3.134362,s-1.032365,s16.735136
113_59,s-2.080893,s-2.561227,s185.765985
113_60,s2.525674,s-2.200789,s297.958236
113_61,s-2.572826,s-2.222739,s148.980963
113_62,s-3.701542,s-1.058815,s359.141366
113_63,s0.900721,s-3.330346,s173.154876
113_64,s-2.128665,s2.521663,s14.16456
113_65,s1.500152,s-3.162206,s195.526879
113_66,s0.129557,s-3.547635,s129.630534
113_67,s3.239573,s-0.260131,s248.031166
113_68,s-1.362891,s-3.005417,s132.628938
113_69,s-3.074889,s0.393776,s75.084519
113_70,s-3.274326,s-1.723017,s64.665195
113_71,s2.146335,s-2.827675,s150.297604
113_72,s-1.543913,s3.08526,s325.408847
113_73,s2.384008,s3.211932,s58.059383
113_74,s0.954197,s3.263358,s282.436895
113_75,s-3.238542,s1.789371,s171.920817
113_76,s3.528216,s-1.114311,s279.852836
113_77,s0.242373,s3.140662,s5.976925
113_78,s3.165618,s2.445171,s52.380332
113_79,s-0.594792,s3.44909,s335.074057
113_80,s3.790423,s0.674682,s47.746101
113_81,s3.28234,s-1.707701,s257.485009
113_82,s-2.233555,s3.615762,s262.616415
113_83,s0.962294,s3.830991,s316.530336
113_84,s2.507003,s-2.788806,s278.004905
113_85,s-1.071253,s-3.853883,s213.675847
113_86,s-3.63722,s1.100286,s47.100179
113_87,s-2.592469,s3.046162,s92.648657
113_88,s3.297121,s-2.264727,s247.847907
113_89,s2.287782,s-3.341939,s238.776418
113_90,s-3.659059,s-2.061865,s92.429683
113_91,s3.761597,s1.205359,s4.035417
113_92,s-1.722798,s4.048699,s270.930403
113_93,s-2.368359,s-3.40784,s194.435626
113_94,s-3.608204,s2.050211,s354.481168
113_95,s-3.883701,s0.72067,s101.858086
113_96,s3.619644,s2.321245,s334.872717
113_97,s0.790873,s4.429957,s119.390125
113_98,s4.403808,s-0.925459,s353.572996
113_99,s4.146049,s0.671029,s254.799508
113_100,s-3.794542,s0.20359,s127.573646
113_101,s2.949522,s3.059873,s1.870195
113_102,s-3.190818,s-2.807344,s111.860962
113_103,s2.166557,s-3.886969,s233.062158
113_104,s1.604399,s3.718656,s1.899259
113_105,s3.307595,s-3.268381,s335.698308
113_106,s1.645038,s-4.24221,s241.577831
113_107,s4.19738,s-1.622345,s189.096833
113_108,s-4.488406,s-1.00708,s1.903808
113_109,s0.427796,s-4.278667,s74.387053
113_110,s4.204913,s2.099693,s327.982217
113_111,s1.949102,s4.221789,s240.957166
113_112,s4.264544,s1.586241,s233.479404
114_0,s0.0,s0.0,s61.458974
114_1,s-0.087797,s0.492231,s34.479228
114_2,s0.458878,s0.65531,s347.407842
114_3,s0.369948,s-0.2562,s301.022519
114_4,s-0.404414,s-0.294023,s128.840276
114_5,s0.834052,s-0.454816,s262.731028
114_6,s-0.184418,s-0.778454,s224.38473
114_7,s0.819507,s0.480529,s278.525991
114_8,s-0.836532,s0.331986,s27.229171
114_9,s0.973831,s-1.005809,s247.702628
114_10,s-1.028382,s-0.949964,s213.937165
114_11,s-1.046449,s-0.086287,s57.453197
114_12,s0.705015,s1.491795,s17.209855
114_13,s0.254261,s-1.529003,s197.311675
114_14,s-1.353793,s-0.645945,s76.43608
114_15,s-1.456944,s0.661298,s83.771924
114_16,s-0.740772,s1.361527,s111.270673
114_17,s0.97787,s1.001884,s297.463483
114_18,s-0.629273,s1.739688,s1.553225
114_19,s-1.680577,s-1.084278,s101.500223
114_20,s1.623048,s-0.778277,s209.278812
114_21,s-0.833751,s-1.817927,s218.161732
114_22,s-1.916349,s1.179028,s111.169023
114_23,s-1.280872,s1.536023,s66.434036
114_24,s1.613792,s1.638803,s55.371005
114_25,s1.522809,s0.289055,s216.067609
114_26,s0.468313,s2.404825,s40.113282
114_27,s0.69866,s-1.874,s299.844059
114_28,s-1.377234,s-1.650978,s85.32734
114_29,s2.021313,s0.732662,s236.361939
114_30,s-1.197927,s-2.137164,s183.096492
114_31,s-0.802746,s-2.577906,s217.550163
114_32,s0.922671,s-2.269621,s146.629322
114_33,s2.137907,s-0.848146,s297.113569
114_34,s-2.360949,s-0.431182,s73.976505
114_35,s1.488701,s-1.818315,s164.330764
114_36,s-1.012541,s2.285774,s29.456702
114_37,s-2.124458,s1.666337,s88.150672
114_38,s-1.519058,s2.292371,s101.756916
114_39,s2.016567,s1.30133,s0.723876
114_40,s1.10743,s2.296976,s15.110186
114_41,s2.490596,s1.042561,s288.869752
114_42,s-0.484167,s2.554522,s358.622905
114_43,s-2.90154,s0.762278,s3.688647
114_44,s2.109286,s-1.764486,s306.21191
114_45,s-1.886577,s-2.000832,s210.02924
114_46,s1.397116,s2.767321,s326.568391
114_47,s-2.577456,s-1.329181,s167.508644
114_48,s1.969621,s-2.196154,s152.980053
114_49,s2.056015,s2.184674,s24.162355
114_50,s2.829427,s0.341819,s327.874672
114_51,s1.213886,s-2.852452,s111.28805
114_52,s-2.549588,s2.015466,s27.523502
114_53,s2.389854,s1.729479,s318.209469
114_54,s0.298641,s-3.186034,s44.057785
114_55,s-3.148724,s-0.805009,s192.277539
114_56,s3.010275,s1.580584,s308.518319
114_57,s-0.499709,s-3.413618,s104.547263
114_58,s3.134362,s-1.032365,s16.735136
114_59,s-2.080893,s-2.561227,s185.765985
114_60,s2.525674,s-2.200789,s297.958236
114_61,s-2.572826,s-2.222739,s148.980963
114_62,s-3.701542,s-1.058815,s359.141366
114_63,s0.900721,s-3.330346,s173.154876
114_64,s-2.128665,s2.521663,s14.16456
114_65,s1.500152,s-3.162206,s195.526879
114_66,s0.129557,s-3.547635,s129.630534
114_67,s3.239573,s-0.260131,s248.031166
114_68,s-1.362891,s-3.005417,s132.628938
114_69,s-3.074889,s0.393776,s75.084519
114_70,s-3.274326,s-1.723017,s64.665195
114_71,s2.146335,s-2.827675,s150.297604
114_72,s-1.543913,s3.08526,s325.408847
114_73,s2.384008,s3.211932,s58.059383
114_74,s0.954197,s3.263358,s282.436895
114_75,s-3.238542,s1.789371,s171.920817
114_76,s3.528216,s-1.114311,s279.852836
114_77,s0.242373,s3.140662,s5.976925
114_78,s3.165618,s2.445171,s52.380332
114_79,s-0.594792,s3.44909,s335.074057
114_80,s3.790423,s0.674682,s47.746101
114_81,s3.28234,s-1.707701,s257.485009
114_82,s-2.233555,s3.615762,s262.616415
114_83,s0.962294,s3.830991,s316.530336
114_84,s2.507003,s-2.788806,s278.004905
114_85,s-1.071253,s-3.853883,s213.675847
114_86,s-3.63722,s1.100286,s47.100179
114_87,s-2.592469,s3.046162,s92.648657
114_88,s3.297121,s-2.264727,s247.847907
114_89,s2.287782,s-3.341939,s238.776418
114_90,s-3.659059,s-2.061865,s92.429683
114_91,s3.761597,s1.205359,s4.035417
114_92,s-1.722798,s4.048699,s270.930403
114_93,s-2.368359,s-3.40784,s194.435626
114_94,s-3.608204,s2.050211,s354.481168
114_95,s-3.883701,s0.72067,s101.858086
114_96,s3.619644,s2.321245,s334.872717
114_97,s0.790873,s4.429957,s119.390125
114_98,s4.403808,s-0.925459,s353.572996
114_99,s4.146049,s0.671029,s254.799508
114_100,s-3.794542,s0.20359,s127.573646
114_101,s2.949522,s3.059873,s1.870195
114_102,s-3.190818,s-2.807344,s111.860962
114_103,s2.166557,s-3.886969,s233.062158
114_104,s1.604399,s3.718656,s1.899259
114_105,s3.307595,s-3.268381,s335.698308
114_106,s1.645038,s-4.24221,s241.577831
114_107,s4.19738,s-1.622345,s189.096833
114_108,s-4.488406,s-1.00708,s1.903808
114_109,s0.427796,s-4.278667,s74.387053
114_110,s4.204913,s2.099693,s327.982217
114_111,s1.949102,s4.221789,s240.957166
114_112,s4.264544,s1.586241,s233.479404
114_113,s-3.941597,s2.467045,s41.203763
115_0,s0.0,s0.0,s61.458974
115_1,s-0.087797,s0.492231,s34.479228
115_2,s0.458878,s0.65531,s347.407842
115_3,s0.369948,s-0.2562,s301.022519
115_4,s-0.404414,s-0.294023,s128.840276
115_5,s0.834052,s-0.454816,s262.731028
115_6,s-0.184418,s-0.778454,s224.38473
115_7,s0.819507,s0.480529,s278.525991
115_8,s-0.836532,s0.331986,s27.229171
115_9,s0.973831,s-1.005809,s247.702628
115_10,s-1.028382,s-0.949964,s213.937165
115_11,s-1.046449,s-0.086287,s57.453197
115_12,s0.705015,s1.491795,s17.209855
115_13,s0.254261,s-1.529003,s197.311675
115_14,s-1.353793,s-0.645945,s76.43608
115_15,s-1.456944,s0.661298,s83.771924
115_16,s-0.740772,s1.361527,s111.270673
115_17,s0.97787,s1.001884,s297.463483
115_18,s-0.629273,s1.739688,s1.553225
115_19,s-1.680577,s-1.084278,s101.500223
115_20,s1.623048,s-0.778277,s209.278812
115_21,s-0.833751,s-1.817927,s218.161732
115_22,s-1.916349,s1.179028,s111.169023
115_23,s-1.280872,s1.536023,s66.434036
115_24,s1.613792,s1.638803,s55.371005
115_25,s1.522809,s0.289055,s216.067609
115_26,s0.468313,s2.404825,s40.113282
115_27,s0.69866,s-1.874,s299.844059
115_28,s-1.377234,s-1.650978,s85.32734
115_29,s2.021313,s0.732662,s236.361939
115_30,s-1.197927,s-2.137164,s183.096492
115_31,s-0.802746,s-2.577906,s217.550163
115_32,s0.922671,s-2.269621,s146.629322
115_33,s2.137907,s-0.848146,s297.113569
115_34,s-2.360949,s-0.431182,s73.976505
115_35,s1.488701,s-1.818315,s164.330764
115_36,s-1.012541,s2.285774,s29.456702
115_37,s-2.124458,s1.666337,s88.150672
115_38,s-1.519058,s2.292371,s101.756916
115_39,s2.016567,s1.30133,s0.723876
115_40,s1.10743,s2.296976,s15.110186
115_41,s2.490596,s1.042561,s288.869752
115_42,s-0.484167,s2.554522,s358.622905
115_43,s-2.90154,s0.762278,s3.688647
115_44,s2.109286,s-1.764486,s306.21191
115_45,s-1.886577,s-2.000832,s210.02924
115_46,s1.397116,s2.767321,s326.568391
115_47,s-2.577456,s-1.329181,s167.508644
115_48,s1.969621,s-2.196154,s152.980053
115_49,s2.056015,s2.184674,s24.162355
115_50,s2.829427,s0.341819,s327.874672
115_51,s1.213886,s-2.852452,s111.28805
115_52,s-2.549588,s2.015466,s27.523502
115_53,s2.389854,s1.729479,s318.209469
115_54,s0.298641,s-3.186034,s44.057785
115_55,s-3.148724,s-0.805009,s192.277539
115_56,s3.010275,s1.580584,s308.518319
115_57,s-0.499709,s-3.413618,s104.547263
115_58,s3.134362,s-1.032365,s16.735136
115_59,s-2.080893,s-2.561227,s185.765985
115_60,s2.525674,s-2.200789,s297.958236
115_61,s-2.572826,s-2.222739,s148.980963
115_62,s-3.701542,s-1.058815,s359.141366
115_63,s0.900721,s-3.330346,s173.154876
115_64,s-2.128665,s2.521663,s14.16456
115_65,s1.500152,s-3.162206,s195.526879
115_66,s0.129557,s-3.547635,s129.630534
115_67,s3.239573,s-0.260131,s248.031166
115_68,s-1.362891,s-3.005417,s132.628938
115_69,s-3.074889,s0.393776,s75.084519
115_70,s-3.274326,s-1.723017,s64.665195
115_71,s2.146335,s-2.827675,s150.297604
115_72,s-1.543913,s3.08526,s325.408847
115_73,s2.384008,s3.211932,s58.059383
115_74,s0.954197,s3.263358,s282.436895
115_75,s-3.238542,s1.789371,s171.920817
115_76,s3.528216,s-1.114311,s279.852836
115_77,s0.242373,s3.140662,s5.976925
115_78,s3.165618,s2.445171,s52.380332
115_79,s-0.594792,s3.44909,s335.074057
115_80,s3.790423,s0.674682,s47.746101
115_81,s3.28234,s-1.707701,s257.485009
115_82,s-2.233555,s3.615762,s262.616415
115_83,s0.962294,s3.830991,s316.530336
115_84,s2.507003,s-2.788806,s278.004905
115_85,s-1.071253,s-3.853883,s213.675847
115_86,s-3.63722,s1.100286,s47.100179
115_87,s-2.592469,s3.046162,s92.648657
115_88,s3.297121,s-2.264727,s247.847907
115_89,s2.287782,s-3.341939,s238.776418
115_90,s-3.659059,s-2.061865,s92.429683
115_91,s3.761597,s1.205359,s4.035417
115_92,s-1.722798,s4.048699,s270.930403
115_93,s-2.368359,s-3.40784,s194.435626
115_94,s-3.608204,s2.050211,s354.481168
115_95,s-3.883701,s0.72067,s101.858086
115_96,s3.619644,s2.321245,s334.872717
115_97,s0.790873,s4.429957,s119.390125
115_98,s4.403808,s-0.925459,s353.572996
115_99,s4.146049,s0.671029,s254.799508
115_100,s-3.794542,s0.20359,s127.573646
115_101,s2.949522,s3.059873,s1.870195
115_102,s-3.190818,s-2.807344,s111.860962
115_103,s2.166557,s-3.886969,s233.062158
115_104,s1.604399,s3.718656,s1.899259
115_105,s3.307595,s-3.268381,s335.698308
115_106,s1.645038,s-4.24221,s241.577831
115_107,s4.19738,s-1.622345,s189.096833
115_108,s-4.488406,s-1.00708,s1.903808
115_109,s0.427796,s-4.278667,s74.387053
115_110,s4.204913,s2.099693,s327.982217
115_111,s1.949102,s4.221789,s240.957166
115_112,s4.264544,s1.586241,s233.479404
115_113,s-3.941597,s2.467045,s41.203763
115_114,s-1.474721,s-4.251494,s169.124634
116_0,s0.0,s0.0,s61.458974
116_1,s-0.087797,s0.492231,s34.479228
116_2,s0.458878,s0.65531,s347.407842
116_3,s0.369948,s-0.2562,s301.022519
116_4,s-0.404414,s-0.294023,s128.840276
116_5,s0.834052,s-0.454816,s262.731028
116_6,s-0.184418,s-0.778454,s224.38473
116_7,s0.819507,s0.480529,s278.525991
116_8,s-0.836532,s0.331986,s27.229171
116_9,s0.973831,s-1.005809,s247.702628
116_10,s-1.028382,s-0.949964,s213.937165
116_11,s-1.046449,s-0.086287,s57.453197
116_12,s0.705015,s1.491795,s17.209855
116_13,s0.254261,s-1.529003,s197.311675
116_14,s-1.353793,s-0.645945,s76.43608
116_15,s-1.456944,s0.661298,s83.771924
116_16,s-0.740772,s1.361527,s111.270673
116_17,s0.97787,s1.001884,s297.463483
116_18,s-0.629273,s1.739688,s1.553225
116_19,s-1.680577,s-1.084278,s101.500223
116_20,s1.623048,s-0.778277,s209.278812
116_21,s-0.833751,s-1.817927,s218.161732
116_22,s-1.916349,s1.179028,s111.169023
116_23,s-1.280872,s1.536023,s66.434036
116_24,s1.613792,s1.638803,s55.371005
116_25,s1.522809,s0.289055,s216.067609
116_26,s0.468313,s2.404825,s40.113282
116_27,s0.69866,s-1.874,s299.844059
116_28,s-1.377234,s-1.650978,s85.32734
116_29,s2.021313,s0.732662,s236.361939
116_30,s-1.197927,s-2.137164,s183.096492
116_31,s-0.802746,s-2.577906,s217.550163
116_32,s0.922671,s-2.269621,s146.629322
116_33,s2.137907,s-0.848146,s297.113569
116_34,s-2.360949,s-0.431182,s73.976505
116_35,s1.488701,s-1.818315,s164.330764
116_36,s-1.012541,s2.285774,s29.456702
116_37,s-2.124458,s1.666337,s88.150672
116_38,s-1.519058,s2.292371,s101.756916
116_39,s2.016567,s1.30133,s0.723876
116_40,s1.10743,s2.296976,s15.110186
116_41,s2.490596,s1.042561,s288.869752
116_42,s-0.484167,s2.554522,s358.622905
116_43,s-2.90154,s0.762278,s3.688647
116_44,s2.109286,s-1.764486,s306.21191
116_45,s-1.886577,s-2.000832,s210.02924
116_46,s1.397116,s2.767321,s326.568391
116_47,s-2.577456,s-1.329181,s167.508644
116_48,s1.969621,s-2.196154,s152.980053
116_49,s2.056015,s2.184674,s24.162355
116_50,s2.829427,s0.341819,s327.874672
116_51,s1.213886,s-2.852452,s111.28805
116_52,s-2.549588,s2.015466,s27.523502
116_53,s2.389854,s1.729479,s318.209469
116_54,s0.298641,s-3.186034,s44.057785
116_55,s-3.148724,s-0.805009,s192.277539
116_56,s3.010275,s1.580584,s308.518319
116_57,s-0.499709,s-3.413618,s104.547263
116_58,s3.134362,s-1.032365,s16.735136
116_59,s-2.080893,s-2.561227,s185.765985
116_60,s2.525674,s-2.200789,s297.958236
116_61,s-2.572826,s-2.222739,s148.980963
116_62,s-3.701542,s-1.058815,s359.141366
116_63,s0.900721,s-3.330346,s173.154876
116_64,s-2.128665,s2.521663,s14.16456
116_65,s1.500152,s-3.162206,s195.526879
116_66,s0.129557,s-3.547635,s129.630534
116_67,s3.239573,s-0.260131,s248.031166
116_68,s-1.362891,s-3.005417,s132.628938
116_69,s-3.074889,s0.393776,s75.084519
116_70,s-3.274326,s-1.723017,s64.665195
116_71,s2.146335,s-2.827675,s150.297604
116_72,s-1.543913,s3.08526,s325.408847
116_73,s2.384008,s3.211932,s58.059383
116_74,s0.954197,s3.263358,s282.436895
116_75,s-3.238542,s1.789371,s171.920817
116_76,s3.528216,s-1.114311,s279.852836
116_77,s0.242373,s3.140662,s5.976925
116_78,s3.165618,s2.445171,s52.380332
116_79,s-0.594792,s3.44909,s335.074057
116_80,s3.790423,s0.674682,s47.746101
116_81,s3.28234,s-1.707701,s257.485009
116_82,s-2.233555,s3.615762,s262.616415
116_83,s0.962294,s3.830991,s316.530336
116_84,s2.507003,s-2.788806,s278.004905
116_85,s-1.071253,s-3.853883,s213.675847
116_86,s-3.63722,s1.100286,s47.100179
116_87,s-2.592469,s3.046162,s92.648657
116_88,s3.297121,s-2.264727,s247.847907
116_89,s2.287782,s-3.341939,s238.776418
116_90,s-3.659059,s-2.061865,s92.429683
116_91,s3.761597,s1.205359,s4.035417
116_92,s-1.722798,s4.048699,s270.930403
116_93,s-2.368359,s-3.40784,s194.435626
116_94,s-3.608204,s2.050211,s354.481168
116_95,s-3.883701,s0.72067,s101.858086
116_96,s3.619644,s2.321245,s334.872717
116_97,s0.790873,s4.429957,s119.390125
116_98,s4.403808,s-0.925459,s353.572996
116_99,s4.146049,s0.671029,s254.799508
116_100,s-3.794542,s0.20359,s127.573646
116_101,s2.949522,s3.059873,s1.870195
116_102,s-3.190818,s-2.807344,s111.860962
116_103,s2.166557,s-3.886969,s233.062158
116_104,s1.604399,s3.718656,s1.899259
116_105,s3.307595,s-3.268381,s335.698308
116_106,s1.645038,s-4.24221,s241.577831
116_107,s4.19738,s-1.622345,s189.096833
116_108,s-4.488406,s-1.00708,s1.903808
116_109,s0.427796,s-4.278667,s74.387053
116_110,s4.204913,s2.099693,s327.982217
116_111,s1.949102,s4.221789,s240.957166
116_112,s4.264544,s1.586241,s233.479404
116_113,s-3.941597,s2.467045,s41.203763
116_114,s-1.474721,s-4.251494,s169.124634
116_115,s-0.870357,s-4.771266,s224.063275
117_0,s0.0,s0.0,s61.458974
117_1,s-0.087797,s0.492231,s34.479228
117_2,s0.458878,s0.65531,s347.407842
117_3,s0.369948,s-0.2562,s301.022519
117_4,s-0.404414,s-0.294023,s128.840276
117_5,s0.834052,s-0.454816,s262.731028
117_6,s-0.184418,s-0.778454,s224.38473
117_7,s0.819507,s0.480529,s278.525991
117_8,s-0.836532,s0.331986,s27.229171
117_9,s0.973831,s-1.005809,s247.702628
117_10,s-1.028382,s-0.949964,s213.937165
117_11,s-1.046449,s-0.086287,s57.453197
117_12,s0.705015,s1.491795,s17.209855
117_13,s0.254261,s-1.529003,s197.311675
117_14,s-1.353793,s-0.645945,s76.43608
117_15,s-1.456944,s0.661298,s83.771924
117_16,s-0.740772,s1.361527,s111.270673
117_17,s0.97787,s1.001884,s297.463483
117_18,s-0.629273,s1.739688,s1.553225
117_19,s-1.680577,s-1.084278,s101.500223
117_20,s1.623048,s-0.778277,s209.278812
117_21,s-0.833751,s-1.817927,s218.161732
117_22,s-1.916349,s1.179028,s111.169023
117_23,s-1.280872,s1.536023,s66.434036
117_24,s1.613792,s1.638803,s55.371005
117_25,s1.522809,s0.289055,s216.067609
117_26,s0.468313,s2.404825,s40.113282
117_27,s0.69866,s-1.874,s299.844059
117_28,s-1.377234,s-1.650978,s85.32734
117_29,s2.021313,s0.732662,s236.361939
117_30,s-1.197927,s-2.137164,s183.096492
117_31,s-0.802746,s-2.577906,s217.550163
117_32,s0.922671,s-2.269621,s146.629322
117_33,s2.137907,s-0.848146,s297.113569
117_34,s-2.360949,s-0.431182,s73.976505
117_35,s1.488701,s-1.818315,s164.330764
117_36,s-1.012541,s2.285774,s29.456702
117_37,s-2.124458,s1.666337,s88.150672
117_38,s-1.519058,s2.292371,s101.756916
117_39,s2.016567,s1.30133,s0.723876
117_40,s1.10743,s2.296976,s15.110186
117_41,s2.490596,s1.042561,s288.869752
117_42,s-0.484167,s2.554522,s358.622905
117_43,s-2.90154,s0.762278,s3.688647
117_44,s2.109286,s-1.764486,s306.21191
117_45,s-1.886577,s-2.000832,s210.02924
117_46,s1.397116,s2.767321,s326.568391
117_47,s-2.577456,s-1.329181,s167.508644
117_48,s1.969621,s-2.196154,s152.980053
117_49,s2.056015,s2.184674,s24.162355
117_50,s2.829427,s0.341819,s327.874672
117_51,s1.213886,s-2.852452,s111.28805
117_52,s-2.549588,s2.015466,s27.523502
117_53,s2.389854,s1.729479,s318.209469
117_54,s0.298641,s-3.186034,s44.057785
117_55,s-3.148724,s-0.805009,s192.277539
117_56,s3.010275,s1.580584,s308.518319
117_57,s-0.499709,s-3.413618,s104.547263
117_58,s3.134362,s-1.032365,s16.735136
117_59,s-2.080893,s-2.561227,s185.765985
117_60,s2.525674,s-2.200789,s297.958236
117_61,s-2.572826,s-2.222739,s148.980963
117_62,s-3.701542,s-1.058815,s359.141366
117_63,s0.900721,s-3.330346,s173.154876
117_64,s-2.128665,s2.521663,s14.16456
117_65,s1.500152,s-3.162206,s195.526879
117_66,s0.129557,s-3.547635,s129.630534
117_67,s3.239573,s-0.260131,s248.031166
117_68,s-1.362891,s-3.005417,s132.628938
117_69,s-3.074889,s0.393776,s75.084519
117_70,s-3.274326,s-1.723017,s64.665195
117_71,s2.146335,s-2.827675,s150.297604
117_72,s-1.543913,s3.08526,s325.408847
117_73,s2.384008,s3.211932,s58.059383
117_74,s0.954197,s3.263358,s282.436895
117_75,s-3.238542,s1.789371,s171.920817
117_76,s3.528216,s-1.114311,s279.852836
117_77,s0.242373,s3.140662,s5.976925
117_78,s3.165618,s2.445171,s52.380332
117_79,s-0.594792,s3.44909,s335.074057
117_80,s3.790423,s0.674682,s47.746101
117_81,s3.28234,s-1.707701,s257.485009
117_82,s-2.233555,s3.615762,s262.616415
117_83,s0.962294,s3.830991,s316.530336
117_84,s2.507003,s-2.788806,s278.004905
117_85,s-1.071253,s-3.853883,s213.675847
117_86,s-3.63722,s1.100286,s47.100179
117_87,s-2.592469,s3.046162,s92.648657
117_88,s3.297121,s-2.264727,s247.847907
117_89,s2.287782,s-3.341939,s238.776418
117_90,s-3.659059,s-2.061865,s92.429683
117_91,s3.761597,s1.205359,s4.035417
117_92,s-1.722798,s4.048699,s270.930403
117_93,s-2.368359,s-3.40784,s194.435626
117_94,s-3.608204,s2.050211,s354.481168
117_95,s-3.883701,s0.72067,s101.858086
117_96,s3.619644,s2.321245,s334.872717
117_97,s0.790873,s4.429957,s119.390125
117_98,s4.403808,s-0.925459,s353.572996
117_99,s4.146049,s0.671029,s254.799508
117_100,s-3.794542,s0.20359,s127.573646
117_101,s2.949522,s3.059873,s1.870195
117_102,s-3.190818,s-2.807344,s111.860962
117_103,s2.166557,s-3.886969,s233.062158
117_104,s1.604399,s3.718656,s1.899259
117_105,s3.307595,s-3.268381,s335.698308
117_106,s1.645038,s-4.24221,s241.577831
117_107,s4.19738,s-1.622345,s189.096833
117_108,s-4.488406,s-1.00708,s1.903808
117_109,s0.427796,s-4.278667,s74.387053
117_110,s4.204913,s2.099693,s327.982217
117_111,s1.949102,s4.221789,s240.957166
117_112,s4.264544,s1.586241,s233.479404
117_113,s-3.941597,s2.467045,s41.203763
117_114,s-1.474721,s-4.251494,s169.124634
117_115,s-0.870357,s-4.771266,s224.063275
117_116,s-3.094592,s-3.403454,s117.049979
118_0,s0.0,s0.0,s61.458974
118_1,s-0.087797,s0.492231,s34.479228
118_2,s0.458878,s0.65531,s347.407842
118_3,s0.369948,s-0.2562,s301.022519
118_4,s-0.404414,s-0.294023,s128.840276
118_5,s0.834052,s-0.454816,s262.731028
118_6,s-0.184418,s-0.778454,s224.38473
118_7,s0.819507,s0.480529,s278.525991
118_8,s-0.836532,s0.331986,s27.229171
118_9,s0.973831,s-1.005809,s247.702628
118_10,s-1.028382,s-0.949964,s213.937165
118_11,s-1.046449,s-0.086287,s57.453197
118_12,s0.705015,s1.491795,s17.209855
118_13,s0.254261,s-1.529003,s197.311675
118_14,s-1.353793,s-0.645945,s76.43608
118_15,s-1.456944,s0.661298,s83.771924
118_16,s-0.740772,s1.361527,s111.270673
118_17,s0.97787,s1.001884,s297.463483
118_18,s-0.629273,s1.739688,s1.553225
118_19,s-1.680577,s-1.084278,s101.500223
118_20,s1.623048,s-0.778277,s209.278812
118_21,s-0.833751,s-1.817927,s218.161732
118_22,s-1.916349,s1.179028,s111.169023
118_23,s-1.280872,s1.536023,s66.434036
118_24,s1.613792,s1.638803,s55.371005
118_25,s1.522809,s0.289055,s216.067609
118_26,s0.468313,s2.404825,s40.113282
118_27,s0.69866,s-1.874,s299.844059
118_28,s-1.377234,s-1.650978,s85.32734
118_29,s2.021313,s0.732662,s236.361939
118_30,s-1.197927,s-2.137164,s183.096492
118_31,s-0.802746,s-2.577906,s217.550163
118_32,s0.922671,s-2.269621,s146.629322
118_33,s2.137907,s-0.848146,s297.113569
118_34,s-2.360949,s-0.431182,s73.976505
118_35,s1.488701,s-1.818315,s164.330764
118_36,s-1.012541,s2.285774,s29.456702
118_37,s-2.124458,s1.666337,s88.150672
118_38,s-1.519058,s2.292371,s101.756916
118_39,s2.016567,s1.30133,s0.723876
118_40,s1.10743,s2.296976,s15.110186
118_41,s2.490596,s1.042561,s288.869752
118_42,s-0.484167,s2.554522,s358.622905
118_43,s-2.90154,s0.762278,s3.688647
118_44,s2.109286,s-1.764486,s306.21191
118_45,s-1.886577,s-2.000832,s210.02924
118_46,s1.397116,s2.767321,s326.568391
118_47,s-2.577456,s-1.329181,s167.508644
118_48,s1.969621,s-2.196154,s152.980053
118_49,s2.056015,s2.184674,s24.162355
118_50,s2.829427,s0.341819,s327.874672
118_51,s1.213886,s-2.852452,s111.28805
118_52,s-2.549588,s2.015466,s27.523502
118_53,s2.389854,s1.729479,s318.209469
118_54,s0.298641,s-3.186034,s44.057785
118_55,s-3.148724,s-0.805009,s192.277539
118_56,s3.010275,s1.580584,s308.518319
118_57,s-0.499709,s-3.413618,s104.547263
118_58,s3.134362,s-1.032365,s16.735136
118_59,s-2.080893,s-2.561227,s185.765985
118_60,s2.525674,s-2.200789,s297.958236
118_61,s-2.572826,s-2.222739,s148.980963
118_62,s-3.701542,s-1.058815,s359.141366
118_63,s0.900721,s-3.330346,s173.154876
118_64,s-2.128665,s2.521663,s14.16456
118_65,s1.500152,s-3.162206,s195.526879
118_66,s0.129557,s-3.547635,s129.630534
118_67,s3.239573,s-0.260131,s248.031166
118_68,s-1.362891,s-3.005417,s132.628938
118_69,s-3.074889,s0.393776,s75.084519
118_70,s-3.274326,s-1.723017,s64.665195
118_71,s2.146335,s-2.827675,s150.297604
118_72,s-1.543913,s3.08526,s325.408847
118_73,s2.384008,s3.211932,s58.059383
118_74,s0.954197,s3.263358,s282.436895
118_75,s-3.238542,s1.789371,s171.920817
118_76,s3.528216,s-1.114311,s279.852836
118_77,s0.242373,s3.140662,s5.976925
118_78,s3.165618,s2.445171,s52.380332
118_79,s-0.594792,s3.44909,s335.074057
118_80,s3.790423,s0.674682,s47.746101
118_81,s3.28234,s-1.707701,s257.485009
118_82,s-2.233555,s3.615762,s262.616415
118_83,s0.962294,s3.830991,s316.530336
118_84,s2.507003,s-2.788806,s278.004905
118_85,s-1.071253,s-3.853883,s213.675847
118_86,s-3.63722,s1.100286,s47.100179
118_87,s-2.592469,s3.046162,s92.648657
118_88,s3.297121,s-2.264727,s247.847907
118_89,s2.287782,s-3.341939,s238.776418
118_90,s-3.659059,s-2.061865,s92.429683
118_91,s3.761597,s1.205359,s4.035417
118_92,s-1.722798,s4.048699,s270.930403
118_93,s-2.368359,s-3.40784,s194.435626
118_94,s-3.608204,s2.050211,s354.481168
118_95,s-3.883701,s0.72067,s101.858086
118_96,s3.619644,s2.321245,s334.872717
118_97,s0.790873,s4.429957,s119.390125
118_98,s4.403808,s-0.925459,s353.572996
118_99,s4.146049,s0.671029,s254.799508
118_100,s-3.794542,s0.20359,s127.573646
118_101,s2.949522,s3.059873,s1.870195
118_102,s-3.190818,s-2.807344,s111.860962
118_103,s2.166557,s-3.886969,s233.062158
118_104,s1.604399,s3.718656,s1.899259
118_105,s3.307595,s-3.268381,s335.698308
118_106,s1.645038,s-4.24221,s241.577831
118_107,s4.19738,s-1.622345,s189.096833
118_108,s-4.488406,s-1.00708,s1.903808
118_109,s0.427796,s-4.278667,s74.387053
118_110,s4.204913,s2.099693,s327.982217
118_111,s1.949102,s4.221789,s240.957166
118_112,s4.264544,s1.586241,s233.479404
118_113,s-3.941597,s2.467045,s41.203763
118_114,s-1.474721,s-4.251494,s169.124634
118_115,s-0.870357,s-4.771266,s224.063275
118_116,s-3.094592,s-3.403454,s117.049979
118_117,s-2.669466,s4.049253,s174.150919
119_0,s0.0,s0.0,s61.458974
119_1,s-0.087797,s0.492231,s34.479228
119_2,s0.458878,s0.65531,s347.407842
119_3,s0.369948,s-0.2562,s301.022519
119_4,s-0.404414,s-0.294023,s128.840276
119_5,s0.834052,s-0.454816,s262.731028
119_6,s-0.184418,s-0.778454,s224.38473
119_7,s0.819507,s0.480529,s278.525991
119_8,s-0.836532,s0.331986,s27.229171
119_9,s0.973831,s-1.005809,s247.702628
119_10,s-1.028382,s-0.949964,s213.937165
119_11,s-1.046449,s-0.086287,s57.453197
119_12,s0.705015,s1.491795,s17.209855
119_13,s0.254261,s-1.529003,s197.311675
119_14,s-1.353793,s-0.645945,s76.43608
119_15,s-1.456944,s0.661298,s83.771924
119_16,s-0.740772,s1.361527,s111.270673
119_17,s0.97787,s1.001884,s297.463483
119_18,s-0.629273,s1.739688,s1.553225
119_19,s-1.680577,s-1.084278,s101.500223
119_20,s1.623048,s-0.778277,s209.278812
119_21,s-0.833751,s-1.817927,s218.161732
119_22,s-1.916349,s1.179028,s111.169023
119_23,s-1.280872,s1.536023,s66.434036
119_24,s1.613792,s1.638803,s55.371005
119_25,s1.522809,s0.289055,s216.067609
119_26,s0.468313,s2.404825,s40.113282
119_27,s0.69866,s-1.874,s299.844059
119_28,s-1.377234,s-1.650978,s85.32734
119_29,s2.021313,s0.732662,s236.361939
119_30,s-1.197927,s-2.137164,s183.096492
119_31,s-0.802746,s-2.577906,s217.550163
119_32,s0.922671,s-2.269621,s146.629322
119_33,s2.137907,s-0.848146,s297.113569
119_34,s-2.360949,s-0.431182,s73.976505
119_35,s1.488701,s-1.818315,s164.330764
119_36,s-1.012541,s2.285774,s29.456702
119_37,s-2.124458,s1.666337,s88.150672
119_38,s-1.519058,s2.292371,s101.756916
119_39,s2.016567,s1.30133,s0.723876
119_40,s1.10743,s2.296976,s15.110186
119_41,s2.490596,s1.042561,s288.869752
119_42,s-0.484167,s2.554522,s358.622905
119_43,s-2.90154,s0.762278,s3.688647
119_44,s2.109286,s-1.764486,s306.21191
119_45,s-1.886577,s-2.000832,s210.02924
119_46,s1.397116,s2.767321,s326.568391
119_47,s-2.577456,s-1.329181,s167.508644
119_48,s1.969621,s-2.196154,s152.980053
119_49,s2.056015,s2.184674,s24.162355
119_50,s2.829427,s0.341819,s327.874672
119_51,s1.213886,s-2.852452,s111.28805
119_52,s-2.549588,s2.015466,s27.523502
119_53,s2.389854,s1.729479,s318.209469
119_54,s0.298641,s-3.186034,s44.057785
119_55,s-3.148724,s-0.805009,s192.277539
119_56,s3.010275,s1.580584,s308.518319
119_57,s-0.499709,s-3.413618,s104.547263
119_58,s3.134362,s-1.032365,s16.735136
119_59,s-2.080893,s-2.561227,s185.765985
119_60,s2.525674,s-2.200789,s297.958236
119_61,s-2.572826,s-2.222739,s148.980963
119_62,s-3.701542,s-1.058815,s359.141366
119_63,s0.900721,s-3.330346,s173.154876
119_64,s-2.128665,s2.521663,s14.16456
119_65,s1.500152,s-3.162206,s195.526879
119_66,s0.129557,s-3.547635,s129.630534
119_67,s3.239573,s-0.260131,s248.031166
119_68,s-1.362891,s-3.005417,s132.628938
119_69,s-3.074889,s0.393776,s75.084519
119_70,s-3.274326,s-1.723017,s64.665195
119_71,s2.146335,s-2.827675,s150.297604
119_72,s-1.543913,s3.08526,s325.408847
119_73,s2.384008,s3.211932,s58.059383
119_74,s0.954197,s3.263358,s282.436895
119_75,s-3.238542,s1.789371,s171.920817
119_76,s3.528216,s-1.114311,s279.852836
119_77,s0.242373,s3.140662,s5.976925
119_78,s3.165618,s2.445171,s52.380332
119_79,s-0.594792,s3.44909,s335.074057
119_80,s3.790423,s0.674682,s47.746101
119_81,s3.28234,s-1.707701,s257.485009
119_82,s-2.233555,s3.615762,s262.616415
119_83,s0.962294,s3.830991,s316.530336
119_84,s2.507003,s-2.788806,s278.004905
119_85,s-1.071253,s-3.853883,s213.675847
119_86,s-3.63722,s1.100286,s47.100179
119_87,s-2.592469,s3.046162,s92.648657
119_88,s3.297121,s-2.264727,s247.847907
119_89,s2.287782,s-3.341939,s238.776418
119_90,s-3.659059,s-2.061865,s92.429683
119_91,s3.761597,s1.205359,s4.035417
119_92,s-1.722798,s4.048699,s270.930403
119_93,s-2.368359,s-3.40784,s194.435626
119_94,s-3.608204,s2.050211,s354.481168
119_95,s-3.883701,s0.72067,s101.858086
119_96,s3.619644,s2.321245,s334.872717
119_97,s0.790873,s4.429957,s119.390125
119_98,s4.403808,s-0.925459,s353.572996
119_99,s4.146049,s0.671029,s254.799508
119_100,s-3.794542,s0.20359,s127.573646
119_101,s2.949522,s3.059873,s1.870195
119_102,s-3.190818,s-2.807344,s111.860962
119_103,s2.166557,s-3.886969,s233.062158
119_104,s1.604399,s3.718656,s1.899259
119_105,s3.307595,s-3.268381,s335.698308
119_106,s1.645038,s-4.24221,s241.577831
119_107,s4.19738,s-1.622345,s189.096833
119_108,s-4.488406,s-1.00708,s1.903808
119_109,s0.427796,s-4.278667,s74.387053
119_110,s4.204913,s2.099693,s327.982217
119_111,s1.949102,s4.221789,s240.957166
119_112,s4.264544,s1.586241,s233.479404
119_113,s-3.941597,s2.467045,s41.203763
119_114,s-1.474721,s-4.251494,s169.124634
119_115,s-0.870357,s-4.771266,s224.063275
119_116,s-3.094592,s-3.403454,s117.049979
119_117,s-2.669466,s4.049253,s174.150919
119_118,s-4.303484,s1.315303,s150.479946
120_0,s0.0,s0.0,s61.458974
120_1,s-0.087797,s0.492231,s34.479228
120_2,s0.458878,s0.65531,s347.407842
120_3,s0.369948,s-0.2562,s301.022519
120_4,s-0.404414,s-0.294023,s128.840276
120_5,s0.834052,s-0.454816,s262.731028
120_6,s-0.184418,s-0.778454,s224.38473
120_7,s0.819507,s0.480529,s278.525991
120_8,s-0.836532,s0.331986,s27.229171
120_9,s0.973831,s-1.005809,s247.702628
120_10,s-1.028382,s-0.949964,s213.937165
120_11,s-1.046449,s-0.086287,s57.453197
120_12,s0.705015,s1.491795,s17.209855
120_13,s0.254261,s-1.529003,s197.311675
120_14,s-1.353793,s-0.645945,s76.43608
120_15,s-1.456944,s0.661298,s83.771924
120_16,s-0.740772,s1.361527,s111.270673
120_17,s0.97787,s1.001884,s297.463483
120_18,s-0.629273,s1.739688,s1.553225
120_19,s-1.680577,s-1.084278,s101.500223
120_20,s1.623048,s-0.778277,s209.278812
120_21,s-0.833751,s-1.817927,s218.161732
120_22,s-1.916349,s1.179028,s111.169023
120_23,s-1.280872,s1.536023,s66.434036
120_24,s1.613792,s1.638803,s55.371005
120_25,s1.522809,s0.289055,s216.067609
120_26,s0.468313,s2.404825,s40.113282
120_27,s0.69866,s-1.874,s299.844059
120_28,s-1.377234,s-1.650978,s85.32734
120_29,s2.021313,s0.732662,s236.361939
120_30,s-1.197927,s-2.137164,s183.096492
120_31,s-0.802746,s-2.577906,s217.550163
120_32,s0.922671,s-2.269621,s146.629322
120_33,s2.137907,s-0.848146,s297.113569
120_34,s-2.360949,s-0.431182,s73.976505
120_35,s1.488701,s-1.818315,s164.330764
120_36,s-1.012541,s2.285774,s29.456702
120_37,s-2.124458,s1.666337,s88.150672
120_38,s-1.519058,s2.292371,s101.756916
120_39,s2.016567,s1.30133,s0.723876
120_40,s1.10743,s2.296976,s15.110186
120_41,s2.490596,s1.042561,s288.869752
120_42,s-0.484167,s2.554522,s358.622905
120_43,s-2.90154,s0.762278,s3.688647
120_44,s2.109286,s-1.764486,s306.21191
120_45,s-1.886577,s-2.000832,s210.02924
120_46,s1.397116,s2.767321,s326.568391
120_47,s-2.577456,s-1.329181,s167.508644
120_48,s1.969621,s-2.196154,s152.980053
120_49,s2.056015,s2.184674,s24.162355
120_50,s2.829427,s0.341819,s327.874672
120_51,s1.213886,s-2.852452,s111.28805
120_52,s-2.549588,s2.015466,s27.523502
120_53,s2.389854,s1.729479,s318.209469
120_54,s0.298641,s-3.186034,s44.057785
120_55,s-3.148724,s-0.805009,s192.277539
120_56,s3.010275,s1.580584,s308.518319
120_57,s-0.499709,s-3.413618,s104.547263
120_58,s3.134362,s-1.032365,s16.735136
120_59,s-2.080893,s-2.561227,s185.765985
120_60,s2.525674,s-2.200789,s297.958236
120_61,s-2.572826,s-2.222739,s148.980963
120_62,s-3.701542,s-1.058815,s359.141366
120_63,s0.900721,s-3.330346,s173.154876
120_64,s-2.128665,s2.521663,s14.16456
120_65,s1.500152,s-3.162206,s195.526879
120_66,s0.129557,s-3.547635,s129.630534
120_67,s3.239573,s-0.260131,s248.031166
120_68,s-1.362891,s-3.005417,s132.628938
120_69,s-3.074889,s0.393776,s75.084519
120_70,s-3.274326,s-1.723017,s64.665195
120_71,s2.146335,s-2.827675,s150.297604
120_72,s-1.543913,s3.08526,s325.408847
120_73,s2.384008,s3.211932,s58.059383
120_74,s0.954197,s3.263358,s282.436895
120_75,s-3.238542,s1.789371,s171.920817
120_76,s3.528216,s-1.114311,s279.852836
120_77,s0.242373,s3.140662,s5.976925
120_78,s3.165618,s2.445171,s52.380332
120_79,s-0.594792,s3.44909,s335.074057
120_80,s3.790423,s0.674682,s47.746101
120_81,s3.28234,s-1.707701,s257.485009
120_82,s-2.233555,s3.615762,s262.616415
120_83,s0.962294,s3.830991,s316.530336
120_84,s2.507003,s-2.788806,s278.004905
120_85,s-1.071253,s-3.853883,s213.675847
120_86,s-3.63722,s1.100286,s47.100179
120_87,s-2.592469,s3.046162,s92.648657
120_88,s3.297121,s-2.264727,s247.847907
120_89,s2.287782,s-3.341939,s238.776418
120_90,s-3.659059,s-2.061865,s92.429683
120_91,s3.761597,s1.205359,s4.035417
120_92,s-1.722798,s4.048699,s270.930403
120_93,s-2.368359,s-3.40784,s194.435626
120_94,s-3.608204,s2.050211,s354.481168
120_95,s-3.883701,s0.72067,s101.858086
120_96,s3.619644,s2.321245,s334.872717
120_97,s0.790873,s4.429957,s119.390125
120_98,s4.403808,s-0.925459,s353.572996
120_99,s4.146049,s0.671029,s254.799508
120_100,s-3.794542,s0.20359,s127.573646
120_101,s2.949522,s3.059873,s1.870195
120_102,s-3.190818,s-2.807344,s111.860962
120_103,s2.166557,s-3.886969,s233.062158
120_104,s1.604399,s3.718656,s1.899259
120_105,s3.307595,s-3.268381,s335.698308
120_106,s1.645038,s-4.24221,s241.577831
120_107,s4.19738,s-1.622345,s189.096833
120_108,s-4.488406,s-1.00708,s1.903808
120_109,s0.427796,s-4.278667,s74.387053
120_110,s4.204913,s2.099693,s327.982217
120_111,s1.949102,s4.221789,s240.957166
120_112,s4.264544,s1.586241,s233.479404
120_113,s-3.941597,s2.467045,s41.203763
120_114,s-1.474721,s-4.251494,s169.124634
120_115,s-0.870357,s-4.771266,s224.063275
120_116,s-3.094592,s-3.403454,s117.049979
120_117,s-2.669466,s4.049253,s174.150919
120_118,s-4.303484,s1.315303,s150.479946
120_119,s3.889615,s-2.897136,s304.29164
121_0,s0.0,s0.0,s61.458974
121_1,s-0.087797,s0.492231,s34.479228
121_2,s0.458878,s0.65531,s347.407842
121_3,s0.369948,s-0.2562,s301.022519
121_4,s-0.404414,s-0.294023,s128.840276
121_5,s0.834052,s-0.454816,s262.731028
121_6,s-0.184418,s-0.778454,s224.38473
121_7,s0.819507,s0.480529,s278.525991
121_8,s-0.836532,s0.331986,s27.229171
121_9,s0.973831,s-1.005809,s247.702628
121_10,s-1.028382,s-0.949964,s213.937165
121_11,s-1.046449,s-0.086287,s57.453197
121_12,s0.705015,s1.491795,s17.209855
121_13,s0.254261,s-1.529003,s197.311675
121_14,s-1.353793,s-0.645945,s76.43608
121_15,s-1.456944,s0.661298,s83.771924
121_16,s-0.740772,s1.361527,s111.270673
121_17,s0.97787,s1.001884,s297.463483
121_18,s-0.629273,s1.739688,s1.553225
121_19,s-1.680577,s-1.084278,s101.500223
121_20,s1.623048,s-0.778277,s209.278812
121_21,s-0.833751,s-1.817927,s218.161732
121_22,s-1.916349,s1.179028,s111.169023
121_23,s-1.280872,s1.536023,s66.434036
121_24,s1.613792,s1.638803,s55.371005
121_25,s1.522809,s0.289055,s216.067609
121_26,s0.468313,s2.404825,s40.113282
121_27,s0.69866,s-1.874,s299.844059
121_28,s-1.377234,s-1.650978,s85.32734
121_29,s2.021313,s0.732662,s236.361939
121_30,s-1.197927,s-2.137164,s183.096492
121_31,s-0.802746,s-2.577906,s217.550163
121_32,s0.922671,s-2.269621,s146.629322
121_33,s2.137907,s-0.848146,s297.113569
121_34,s-2.360949,s-0.431182,s73.976505
121_35,s1.488701,s-1.818315,s164.330764
121_36,s-1.012541,s2.285774,s29.456702
121_37,s-2.124458,s1.666337,s88.150672
121_38,s-1.519058,s2.292371,s101.756916
121_39,s2.016567,s1.30133,s0.723876
121_40,s1.10743,s2.296976,s15.110186
121_41,s2.490596,s1.042561,s288.869752
121_42,s-0.484167,s2.554522,s358.622905
121_43,s-2.90154,s0.762278,s3.688647
121_44,s2.109286,s-1.764486,s306.21191
121_45,s-1.886577,s-2.000832,s210.02924
121_46,s1.397116,s2.767321,s326.568391
121_47,s-2.577456,s-1.329181,s167.508644
121_48,s1.969621,s-2.196154,s152.980053
121_49,s2.056015,s2.184674,s24.162355
121_50,s2.829427,s0.341819,s327.874672
121_51,s1.213886,s-2.852452,s111.28805
121_52,s-2.549588,s2.015466,s27.523502
121_53,s2.389854,s1.729479,s318.209469
121_54,s0.298641,s-3.186034,s44.057785
121_55,s-3.148724,s-0.805009,s192.277539
121_56,s3.010275,s1.580584,s308.518319
121_57,s-0.499709,s-3.413618,s104.547263
121_58,s3.134362,s-1.032365,s16.735136
121_59,s-2.080893,s-2.561227,s185.765985
121_60,s2.525674,s-2.200789,s297.958236
121_61,s-2.572826,s-2.222739,s148.980963
121_62,s-3.701542,s-1.058815,s359.141366
121_63,s0.900721,s-3.330346,s173.154876
121_64,s-2.128665,s2.521663,s14.16456
121_65,s1.500152,s-3.162206,s195.526879
121_66,s0.129557,s-3.547635,s129.630534
121_67,s3.239573,s-0.260131,s248.031166
121_68,s-1.362891,s-3.005417,s132.628938
121_69,s-3.074889,s0.393776,s75.084519
121_70,s-3.274326,s-1.723017,s64.665195
121_71,s2.146335,s-2.827675,s150.297604
121_72,s-1.543913,s3.08526,s325.408847
121_73,s2.384008,s3.211932,s58.059383
121_74,s0.954197,s3.263358,s282.436895
121_75,s-3.238542,s1.789371,s171.920817
121_76,s3.528216,s-1.114311,s279.852836
121_77,s0.242373,s3.140662,s5.976925
121_78,s3.165618,s2.445171,s52.380332
121_79,s-0.594792,s3.44909,s335.074057
121_80,s3.790423,s0.674682,s47.746101
121_81,s3.28234,s-1.707701,s257.485009
121_82,s-2.233555,s3.615762,s262.616415
121_83,s0.962294,s3.830991,s316.530336
121_84,s2.507003,s-2.788806,s278.004905
121_85,s-1.071253,s-3.853883,s213.675847
121_86,s-3.63722,s1.100286,s47.100179
121_87,s-2.592469,s3.046162,s92.648657
121_88,s3.297121,s-2.264727,s247.847907
121_89,s2.287782,s-3.341939,s238.776418
121_90,s-3.659059,s-2.061865,s92.429683
121_91,s3.761597,s1.205359,s4.035417
121_92,s-1.722798,s4.048699,s270.930403
121_93,s-2.368359,s-3.40784,s194.435626
121_94,s-3.608204,s2.050211,s354.481168
121_95,s-3.883701,s0.72067,s101.858086
121_96,s3.619644,s2.321245,s334.872717
121_97,s0.790873,s4.429957,s119.390125
121_98,s4.403808,s-0.925459,s353.572996
121_99,s4.146049,s0.671029,s254.799508
121_100,s-3.794542,s0.20359,s127.573646
121_101,s2.949522,s3.059873,s1.870195
121_102,s-3.190818,s-2.807344,s111.860962
121_103,s2.166557,s-3.886969,s233.062158
121_104,s1.604399,s3.718656,s1.899259
121_105,s3.307595,s-3.268381,s335.698308
121_106,s1.645038,s-4.24221,s241.577831
121_107,s4.19738,s-1.622345,s189.096833
121_108,s-4.488406,s-1.00708,s1.903808
121_109,s0.427796,s-4.278667,s74.387053
121_110,s4.204913,s2.099693,s327.982217
121_111,s1.949102,s4.221789,s240.957166
121_112,s4.264544,s1.586241,s233.479404
121_113,s-3.941597,s2.467045,s41.203763
121_114,s-1.474721,s-4.251494,s169.124634
121_115,s-0.870357,s-4.771266,s224.063275
121_116,s-3.094592,s-3.403454,s117.049979
121_117,s-2.669466,s4.049253,s174.150919
121_118,s-4.303484,s1.315303,s150.479946
121_119,s3.889615,s-2.897136,s304.29164
121_120,s-0.686363,s4.244868,s329.015739
122_0,s0.0,s0.0,s61.458974
122_1,s-0.087797,s0.492231,s34.479228
122_2,s0.458878,s0.65531,s347.407842
122_3,s0.369948,s-0.2562,s301.022519
122_4,s-0.404414,s-0.294023,s128.840276
122_5,s0.834052,s-0.454816,s262.731028
122_6,s-0.184418,s-0.778454,s224.38473
122_7,s0.819507,s0.480529,s278.525991
122_8,s-0.836532,s0.331986,s27.229171
122_9,s0.973831,s-1.005809,s247.702628
122_10,s-1.028382,s-0.949964,s213.937165
122_11,s-1.046449,s-0.086287,s57.453197
122_12,s0.705015,s1.491795,s17.209855
122_13,s0.254261,s-1.529003,s197.311675
122_14,s-1.353793,s-0.645945,s76.43608
122_15,s-1.456944,s0.661298,s83.771924
122_16,s-0.740772,s1.361527,s111.270673
122_17,s0.97787,s1.001884,s297.463483
122_18,s-0.629273,s1.739688,s1.553225
122_19,s-1.680577,s-1.084278,s101.500223
122_20,s1.623048,s-0.778277,s209.278812
122_21,s-0.833751,s-1.817927,s218.161732
122_22,s-1.916349,s1.179028,s111.169023
122_23,s-1.280872,s1.536023,s66.434036
122_24,s1.613792,s1.638803,s55.371005
122_25,s1.522809,s0.289055,s216.067609
122_26,s0.468313,s2.404825,s40.113282
122_27,s0.69866,s-1.874,s299.844059
122_28,s-1.377234,s-1.650978,s85.32734
122_29,s2.021313,s0.732662,s236.361939
122_30,s-1.197927,s-2.137164,s183.096492
122_31,s-0.802746,s-2.577906,s217.550163
122_32,s0.922671,s-2.269621,s146.629322
122_33,s2.137907,s-0.848146,s297.113569
122_34,s-2.360949,s-0.431182,s73.976505
122_35,s1.488701,s-1.818315,s164.330764
122_36,s-1.012541,s2.285774,s29.456702
122_37,s-2.124458,s1.666337,s88.150672
122_38,s-1.519058,s2.292371,s101.756916
122_39,s2.016567,s1.30133,s0.723876
122_40,s1.10743,s2.296976,s15.110186
122_41,s2.490596,s1.042561,s288.869752
122_42,s-0.484167,s2.554522,s358.622905
122_43,s-2.90154,s0.762278,s3.688647
122_44,s2.109286,s-1.764486,s306.21191
122_45,s-1.886577,s-2.000832,s210.02924
122_46,s1.397116,s2.767321,s326.568391
122_47,s-2.577456,s-1.329181,s167.508644
122_48,s1.969621,s-2.196154,s152.980053
122_49,s2.056015,s2.184674,s24.162355
122_50,s2.829427,s0.341819,s327.874672
122_51,s1.213886,s-2.852452,s111.28805
122_52,s-2.549588,s2.015466,s27.523502
122_53,s2.389854,s1.729479,s318.209469
122_54,s0.298641,s-3.186034,s44.057785
122_55,s-3.148724,s-0.805009,s192.277539
122_56,s3.010275,s1.580584,s308.518319
122_57,s-0.499709,s-3.413618,s104.547263
122_58,s3.134362,s-1.032365,s16.735136
122_59,s-2.080893,s-2.561227,s185.765985
122_60,s2.525674,s-2.200789,s297.958236
122_61,s-2.572826,s-2.222739,s148.980963
122_62,s-3.701542,s-1.058815,s359.141366
122_63,s0.900721,s-3.330346,s173.154876
122_64,s-2.128665,s2.521663,s14.16456
122_65,s1.500152,s-3.162206,s195.526879
122_66,s0.129557,s-3.547635,s129.630534
122_67,s3.239573,s-0.260131,s248.031166
122_68,s-1.362891,s-3.005417,s132.628938
122_69,s-3.074889,s0.393776,s75.084519
122_70,s-3.274326,s-1.723017,s64.665195
122_71,s2.146335,s-2.827675,s150.297604
122_72,s-1.543913,s3.08526,s325.408847
122_73,s2.384008,s3.211932,s58.059383
122_74,s0.954197,s3.263358,s282.436895
122_75,s-3.238542,s1.789371,s171.920817
122_76,s3.528216,s-1.114311,s279.852836
122_77,s0.242373,s3.140662,s5.976925
122_78,s3.165618,s2.445171,s52.380332
122_79,s-0.594792,s3.44909,s335.074057
122_80,s3.790423,s0.674682,s47.746101
122_81,s3.28234,s-1.707701,s257.485009
122_82,s-2.233555,s3.615762,s262.616415
122_83,s0.962294,s3.830991,s316.530336
122_84,s2.507003,s-2.788806,s278.004905
122_85,s-1.071253,s-3.853883,s213.675847
122_86,s-3.63722,s1.100286,s47.100179
122_87,s-2.592469,s3.046162,s92.648657
122_88,s3.297121,s-2.264727,s247.847907
122_89,s2.287782,s-3.341939,s238.776418
122_90,s-3.659059,s-2.061865,s92.429683
122_91,s3.761597,s1.205359,s4.035417
122_92,s-1.722798,s4.048699,s270.930403
122_93,s-2.368359,s-3.40784,s194.435626
122_94,s-3.608204,s2.050211,s354.481168
122_95,s-3.883701,s0.72067,s101.858086
122_96,s3.619644,s2.321245,s334.872717
122_97,s0.790873,s4.429957,s119.390125
122_98,s4.403808,s-0.925459,s353.572996
122_99,s4.146049,s0.671029,s254.799508
122_100,s-3.794542,s0.20359,s127.573646
122_101,s2.949522,s3.059873,s1.870195
122_102,s-3.190818,s-2.807344,s111.860962
122_103,s2.166557,s-3.886969,s233.062158
122_104,s1.604399,s3.718656,s1.899259
122_105,s3.307595,s-3.268381,s335.698308
122_106,s1.645038,s-4.24221,s241.577831
122_107,s4.19738,s-1.622345,s189.096833
122_108,s-4.488406,s-1.00708,s1.903808
122_109,s0.427796,s-4.278667,s74.387053
122_110,s4.204913,s2.099693,s327.982217
122_111,s1.949102,s4.221789,s240.957166
122_112,s4.264544,s1.586241,s233.479404
122_113,s-3.941597,s2.467045,s41.203763
122_114,s-1.474721,s-4.251494,s169.124634
122_115,s-0.870357,s-4.771266,s224.063275
122_116,s-3.094592,s-3.403454,s117.049979
122_117,s-2.669466,s4.049253,s174.150919
122_118,s-4.303484,s1.315303,s150.479946
122_119,s3.889615,s-2.897136,s304.29164
122_120,s-0.686363,s4.244868,s329.015739
122_121,s3.567673,s3.059692,s37.142101
123_0,s0.0,s0.0,s61.458974
123_1,s-0.087797,s0.492231,s34.479228
123_2,s0.458878,s0.65531,s347.407842
123_3,s0.369948,s-0.2562,s301.022519
123_4,s-0.404414,s-0.294023,s128.840276
123_5,s0.834052,s-0.454816,s262.731028
123_6,s-0.184418,s-0.778454,s224.38473
123_7,s0.819507,s0.480529,s278.525991
123_8,s-0.836532,s0.331986,s27.229171
123_9,s0.973831,s-1.005809,s247.702628
123_10,s-1.028382,s-0.949964,s213.937165
123_11,s-1.046449,s-0.086287,s57.453197
123_12,s0.705015,s1.491795,s17.209855
123_13,s0.254261,s-1.529003,s197.311675
123_14,s-1.353793,s-0.645945,s76.43608
123_15,s-1.456944,s0.661298,s83.771924
123_16,s-0.740772,s1.361527,s111.270673
123_17,s0.97787,s1.001884,s297.463483
123_18,s-0.629273,s1.739688,s1.553225
123_19,s-1.680577,s-1.084278,s101.500223
123_20,s1.623048,s-0.778277,s209.278812
123_21,s-0.833751,s-1.817927,s218.161732
123_22,s-1.916349,s1.179028,s111.169023
123_23,s-1.280872,s1.536023,s66.434036
123_24,s1.613792,s1.638803,s55.371005
123_25,s1.522809,s0.289055,s216.067609
123_26,s0.468313,s2.404825,s40.113282
123_27,s0.69866,s-1.874,s299.844059
123_28,s-1.377234,s-1.650978,s85.32734
123_29,s2.021313,s0.732662,s236.361939
123_30,s-1.197927,s-2.137164,s183.096492
123_31,s-0.802746,s-2.577906,s217.550163
123_32,s0.922671,s-2.269621,s146.629322
123_33,s2.137907,s-0.848146,s297.113569
123_34,s-2.360949,s-0.431182,s73.976505
123_35,s1.488701,s-1.818315,s164.330764
123_36,s-1.012541,s2.285774,s29.456702
123_37,s-2.124458,s1.666337,s88.150672
123_38,s-1.519058,s2.292371,s101.756916
123_39,s2.016567,s1.30133,s0.723876
123_40,s1.10743,s2.296976,s15.110186
123_41,s2.490596,s1.042561,s288.869752
123_42,s-0.484167,s2.554522,s358.622905
123_43,s-2.90154,s0.762278,s3.688647
123_44,s2.109286,s-1.764486,s306.21191
123_45,s-1.886577,s-2.000832,s210.02924
123_46,s1.397116,s2.767321,s326.568391
123_47,s-2.577456,s-1.329181,s167.508644
123_48,s1.969621,s-2.196154,s152.980053
123_49,s2.056015,s2.184674,s24.162355
123_50,s2.829427,s0.341819,s327.874672
123_51,s1.213886,s-2.852452,s111.28805
123_52,s-2.549588,s2.015466,s27.523502
123_53,s2.389854,s1.729479,s318.209469
123_54,s0.298641,s-3.186034,s44.057785
123_55,s-3.148724,s-0.805009,s192.277539
123_56,s3.010275,s1.580584,s308.518319
123_57,s-0.499709,s-3.413618,s104.547263
123_58,s3.134362,s-1.032365,s16.735136
123_59,s-2.080893,s-2.561227,s185.765985
123_60,s2.525674,s-2.200789,s297.958236
123_61,s-2.572826,s-2.222739,s148.980963
123_62,s-3.701542,s-1.058815,s359.141366
123_63,s0.900721,s-3.330346,s173.154876
123_64,s-2.128665,s2.521663,s14.16456
123_65,s1.500152,s-3.162206,s195.526879
123_66,s0.129557,s-3.547635,s129.630534
123_67,s3.239573,s-0.260131,s248.031166
123_68,s-1.362891,s-3.005417,s132.628938
123_69,s-3.074889,s0.393776,s75.084519
123_70,s-3.274326,s-1.723017,s64.665195
123_71,s2.146335,s-2.827675,s150.297604
123_72,s-1.543913,s3.08526,s325.408847
123_73,s2.384008,s3.211932,s58.059383
123_74,s0.954197,s3.263358,s282.436895
123_75,s-3.238542,s1.789371,s171.920817
123_76,s3.528216,s-1.114311,s279.852836
123_77,s0.242373,s3.140662,s5.976925
123_78,s3.165618,s2.445171,s52.380332
123_79,s-0.594792,s3.44909,s335.074057
123_80,s3.790423,s0.674682,s47.746101
123_81,s3.28234,s-1.707701,s257.485009
123_82,s-2.233555,s3.615762,s262.616415
123_83,s0.962294,s3.830991,s316.530336
123_84,s2.507003,s-2.788806,s278.004905
123_85,s-1.071253,s-3.853883,s213.675847
123_86,s-3.63722,s1.100286,s47.100179
123_87,s-2.592469,s3.046162,s92.648657
123_88,s3.297121,s-2.264727,s247.847907
123_89,s2.287782,s-3.341939,s238.776418
123_90,s-3.659059,s-2.061865,s92.429683
123_91,s3.761597,s1.205359,s4.035417
123_92,s-1.722798,s4.048699,s270.930403
123_93,s-2.368359,s-3.40784,s194.435626
123_94,s-3.608204,s2.050211,s354.481168
123_95,s-3.883701,s0.72067,s101.858086
123_96,s3.619644,s2.321245,s334.872717
123_97,s0.790873,s4.429957,s119.390125
123_98,s4.403808,s-0.925459,s353.572996
123_99,s4.146049,s0.671029,s254.799508
123_100,s-3.794542,s0.20359,s127.573646
123_101,s2.949522,s3.059873,s1.870195
123_102,s-3.190818,s-2.807344,s111.860962
123_103,s2.166557,s-3.886969,s233.062158
123_104,s1.604399,s3.718656,s1.899259
123_105,s3.307595,s-3.268381,s335.698308
123_106,s1.645038,s-4.24221,s241.577831
123_107,s4.19738,s-1.622345,s189.096833
123_108,s-4.488406,s-1.00708,s1.903808
123_109,s0.427796,s-4.278667,s74.387053
123_110,s4.204913,s2.099693,s327.982217
123_111,s1.949102,s4.221789,s240.957166
123_112,s4.264544,s1.586241,s233.479404
123_113,s-3.941597,s2.467045,s41.203763
123_114,s-1.474721,s-4.251494,s169.124634
123_115,s-0.870357,s-4.771266,s224.063275
123_116,s-3.094592,s-3.403454,s117.049979
123_117,s-2.669466,s4.049253,s174.150919
123_118,s-4.303484,s1.315303,s150.479946
123_119,s3.889615,s-2.897136,s304.29164
123_120,s-0.686363,s4.244868,s329.015739
123_121,s3.567673,s3.059692,s37.142101
123_122,s-3.265704,s3.310239,s57.468548
124_0,s0.0,s0.0,s61.458974
124_1,s-0.087797,s0.492231,s34.479228
124_2,s0.458878,s0.65531,s347.407842
124_3,s0.369948,s-0.2562,s301.022519
124_4,s-0.404414,s-0.294023,s128.840276
124_5,s0.834052,s-0.454816,s262.731028
124_6,s-0.184418,s-0.778454,s224.38473
124_7,s0.819507,s0.480529,s278.525991
124_8,s-0.836532,s0.331986,s27.229171
124_9,s0.973831,s-1.005809,s247.702628
124_10,s-1.028382,s-0.949964,s213.937165
124_11,s-1.046449,s-0.086287,s57.453197
124_12,s0.705015,s1.491795,s17.209855
124_13,s0.254261,s-1.529003,s197.311675
124_14,s-1.353793,s-0.645945,s76.43608
124_15,s-1.456944,s0.661298,s83.771924
124_16,s-0.740772,s1.361527,s111.270673
124_17,s0.97787,s1.001884,s297.463483
124_18,s-0.629273,s1.739688,s1.553225
124_19,s-1.680577,s-1.084278,s101.500223
124_20,s1.623048,s-0.778277,s209.278812
124_21,s-0.833751,s-1.817927,s218.161732
124_22,s-1.916349,s1.179028,s111.169023
124_23,s-1.280872,s1.536023,s66.434036
124_24,s1.613792,s1.638803,s55.371005
124_25,s1.522809,s0.289055,s216.067609
124_26,s0.468313,s2.404825,s40.113282
124_27,s0.69866,s-1.874,s299.844059
124_28,s-1.377234,s-1.650978,s85.32734
124_29,s2.021313,s0.732662,s236.361939
124_30,s-1.197927,s-2.137164,s183.096492
124_31,s-0.802746,s-2.577906,s217.550163
124_32,s0.922671,s-2.269621,s146.629322
124_33,s2.137907,s-0.848146,s297.113569
124_34,s-2.360949,s-0.431182,s73.976505
124_35,s1.488701,s-1.818315,s164.330764
124_36,s-1.012541,s2.285774,s29.456702
124_37,s-2.124458,s1.666337,s88.150672
124_38,s-1.519058,s2.292371,s101.756916
124_39,s2.016567,s1.30133,s0.723876
124_40,s1.10743,s2.296976,s15.110186
124_41,s2.490596,s1.042561,s288.869752
124_42,s-0.484167,s2.554522,s358.622905
124_43,s-2.90154,s0.762278,s3.688647
124_44,s2.109286,s-1.764486,s306.21191
124_45,s-1.886577,s-2.000832,s210.02924
124_46,s1.397116,s2.767321,s326.568391
124_47,s-2.577456,s-1.329181,s167.508644
124_48,s1.969621,s-2.196154,s152.980053
124_49,s2.056015,s2.184674,s24.162355
124_50,s2.829427,s0.341819,s327.874672
124_51,s1.213886,s-2.852452,s111.28805
124_52,s-2.549588,s2.015466,s27.523502
124_53,s2.389854,s1.729479,s318.209469
124_54,s0.298641,s-3.186034,s44.057785
124_55,s-3.148724,s-0.805009,s192.277539
124_56,s3.010275,s1.580584,s308.518319
124_57,s-0.499709,s-3.413618,s104.547263
124_58,s3.134362,s-1.032365,s16.735136
124_59,s-2.080893,s-2.561227,s185.765985
124_60,s2.525674,s-2.200789,s297.958236
124_61,s-2.572826,s-2.222739,s148.980963
124_62,s-3.701542,s-1.058815,s359.141366
124_63,s0.900721,s-3.330346,s173.154876
124_64,s-2.128665,s2.521663,s14.16456
124_65,s1.500152,s-3.162206,s195.526879
124_66,s0.129557,s-3.547635,s129.630534
124_67,s3.239573,s-0.260131,s248.031166
124_68,s-1.362891,s-3.005417,s132.628938
124_69,s-3.074889,s0.393776,s75.084519
124_70,s-3.274326,s-1.723017,s64.665195
124_71,s2.146335,s-2.827675,s150.297604
124_72,s-1.543913,s3.08526,s325.408847
124_73,s2.384008,s3.211932,s58.059383
124_74,s0.954197,s3.263358,s282.436895
124_75,s-3.238542,s1.789371,s171.920817
124_76,s3.528216,s-1.114311,s279.852836
124_77,s0.242373,s3.140662,s5.976925
124_78,s3.165618,s2.445171,s52.380332
124_79,s-0.594792,s3.44909,s335.074057
124_80,s3.790423,s0.674682,s47.746101
124_81,s3.28234,s-1.707701,s257.485009
124_82,s-2.233555,s3.615762,s262.616415
124_83,s0.962294,s3.830991,s316.530336
124_84,s2.507003,s-2.788806,s278.004905
124_85,s-1.071253,s-3.853883,s213.675847
124_86,s-3.63722,s1.100286,s47.100179
124_87,s-2.592469,s3.046162,s92.648657
124_88,s3.297121,s-2.264727,s247.847907
124_89,s2.287782,s-3.341939,s238.776418
124_90,s-3.659059,s-2.061865,s92.429683
124_91,s3.761597,s1.205359,s4.035417
124_92,s-1.722798,s4.048699,s270.930403
124_93,s-2.368359,s-3.40784,s194.435626
124_94,s-3.608204,s2.050211,s354.481168
124_95,s-3.883701,s0.72067,s101.858086
124_96,s3.619644,s2.321245,s334.872717
124_97,s0.790873,s4.429957,s119.390125
124_98,s4.403808,s-0.925459,s353.572996
124_99,s4.146049,s0.671029,s254.799508
124_100,s-3.794542,s0.20359,s127.573646
124_101,s2.949522,s3.059873,s1.870195
124_102,s-3.190818,s-2.807344,s111.860962
124_103,s2.166557,s-3.886969,s233.062158
124_104,s1.604399,s3.718656,s1.899259
124_105,s3.307595,s-3.268381,s335.698308
124_106,s1.645038,s-4.24221,s241.577831
124_107,s4.19738,s-1.622345,s189.096833
124_108,s-4.488406,s-1.00708,s1.903808
124_109,s0.427796,s-4.278667,s74.387053
124_110,s4.204913,s2.099693,s327.982217
124_111,s1.949102,s4.221789,s240.957166
124_112,s4.264544,s1.586241,s233.479404
124_113,s-3.941597,s2.467045,s41.203763
124_114,s-1.474721,s-4.251494,s169.124634
124_115,s-0.870357,s-4.771266,s224.063275
124_116,s-3.094592,s-3.403454,s117.049979
124_117,s-2.669466,s4.049253,s174.150919
124_118,s-4.303484,s1.315303,s150.479946
124_119,s3.889615,s-2.897136,s304.29164
124_120,s-0.686363,s4.244868,s329.015739
124_121,s3.567673,s3.059692,s37.142101
124_122,s-3.265704,s3.310239,s57.468548
124_123,s3.071674,s-3.817698,s180.849631
125_0,s0.0,s0.0,s61.458974
125_1,s-0.087797,s0.492231,s34.479228
125_2,s0.458878,s0.65531,s347.407842
125_3,s0.369948,s-0.2562,s301.022519
125_4,s-0.404414,s-0.294023,s128.840276
125_5,s0.834052,s-0.454816,s262.731028
125_6,s-0.184418,s-0.778454,s224.38473
125_7,s0.819507,s0.480529,s278.525991
125_8,s-0.836532,s0.331986,s27.229171
125_9,s0.973831,s-1.005809,s247.702628
125_10,s-1.028382,s-0.949964,s213.937165
125_11,s-1.046449,s-0.086287,s57.453197
125_12,s0.705015,s1.491795,s17.209855
125_13,s0.254261,s-1.529003,s197.311675
125_14,s-1.353793,s-0.645945,s76.43608
125_15,s-1.456944,s0.661298,s83.771924
125_16,s-0.740772,s1.361527,s111.270673
125_17,s0.97787,s1.001884,s297.463483
125_18,s-0.629273,s1.739688,s1.553225
125_19,s-1.680577,s-1.084278,s101.500223
125_20,s1.623048,s-0.778277,s209.278812
125_21,s-0.833751,s-1.817927,s218.161732
125_22,s-1.916349,s1.179028,s111.169023
125_23,s-1.280872,s1.536023,s66.434036
125_24,s1.613792,s1.638803,s55.371005
125_25,s1.522809,s0.289055,s216.067609
125_26,s0.468313,s2.404825,s40.113282
125_27,s0.69866,s-1.874,s299.844059
125_28,s-1.377234,s-1.650978,s85.32734
125_29,s2.021313,s0.732662,s236.361939
125_30,s-1.197927,s-2.137164,s183.096492
125_31,s-0.802746,s-2.577906,s217.550163
125_32,s0.922671,s-2.269621,s146.629322
125_33,s2.137907,s-0.848146,s297.113569
125_34,s-2.360949,s-0.431182,s73.976505
125_35,s1.488701,s-1.818315,s164.330764
125_36,s-1.012541,s2.285774,s29.456702
125_37,s-2.124458,s1.666337,s88.150672
125_38,s-1.519058,s2.292371,s101.756916
125_39,s2.016567,s1.30133,s0.723876
125_40,s1.10743,s2.296976,s15.110186
125_41,s2.490596,s1.042561,s288.869752
125_42,s-0.484167,s2.554522,s358.622905
125_43,s-2.90154,s0.762278,s3.688647
125_44,s2.109286,s-1.764486,s306.21191
125_45,s-1.886577,s-2.000832,s210.02924
125_46,s1.397116,s2.767321,s326.568391
125_47,s-2.577456,s-1.329181,s167.508644
125_48,s1.969621,s-2.196154,s152.980053
125_49,s2.056015,s2.184674,s24.162355
125_50,s2.829427,s0.341819,s327.874672
125_51,s1.213886,s-2.852452,s111.28805
125_52,s-2.549588,s2.015466,s27.523502
125_53,s2.389854,s1.729479,s318.209469
125_54,s0.298641,s-3.186034,s44.057785
125_55,s-3.148724,s-0.805009,s192.277539
125_56,s3.010275,s1.580584,s308.518319
125_57,s-0.499709,s-3.413618,s104.547263
125_58,s3.134362,s-1.032365,s16.735136
125_59,s-2.080893,s-2.561227,s185.765985
125_60,s2.525674,s-2.200789,s297.958236
125_61,s-2.572826,s-2.222739,s148.980963
125_62,s-3.701542,s-1.058815,s359.141366
125_63,s0.900721,s-3.330346,s173.154876
125_64,s-2.128665,s2.521663,s14.16456
125_65,s1.500152,s-3.162206,s195.526879
125_66,s0.129557,s-3.547635,s129.630534
125_67,s3.239573,s-0.260131,s248.031166
125_68,s-1.362891,s-3.005417,s132.628938
125_69,s-3.074889,s0.393776,s75.084519
125_70,s-3.274326,s-1.723017,s64.665195
125_71,s2.146335,s-2.827675,s150.297604
125_72,s-1.543913,s3.08526,s325.408847
125_73,s2.384008,s3.211932,s58.059383
125_74,s0.954197,s3.263358,s282.436895
125_75,s-3.238542,s1.789371,s171.920817
125_76,s3.528216,s-1.114311,s279.852836
125_77,s0.242373,s3.140662,s5.976925
125_78,s3.165618,s2.445171,s52.380332
125_79,s-0.594792,s3.44909,s335.074057
125_80,s3.790423,s0.674682,s47.746101
125_81,s3.28234,s-1.707701,s257.485009
125_82,s-2.233555,s3.615762,s262.616415
125_83,s0.962294,s3.830991,s316.530336
125_84,s2.507003,s-2.788806,s278.004905
125_85,s-1.071253,s-3.853883,s213.675847
125_86,s-3.63722,s1.100286,s47.100179
125_87,s-2.592469,s3.046162,s92.648657
125_88,s3.297121,s-2.264727,s247.847907
125_89,s2.287782,s-3.341939,s238.776418
125_90,s-3.659059,s-2.061865,s92.429683
125_91,s3.761597,s1.205359,s4.035417
125_92,s-1.722798,s4.048699,s270.930403
125_93,s-2.368359,s-3.40784,s194.435626
125_94,s-3.608204,s2.050211,s354.481168
125_95,s-3.883701,s0.72067,s101.858086
125_96,s3.619644,s2.321245,s334.872717
125_97,s0.790873,s4.429957,s119.390125
125_98,s4.403808,s-0.925459,s353.572996
125_99,s4.146049,s0.671029,s254.799508
125_100,s-3.794542,s0.20359,s127.573646
125_101,s2.949522,s3.059873,s1.870195
125_102,s-3.190818,s-2.807344,s111.860962
125_103,s2.166557,s-3.886969,s233.062158
125_104,s1.604399,s3.718656,s1.899259
125_105,s3.307595,s-3.268381,s335.698308
125_106,s1.645038,s-4.24221,s241.577831
125_107,s4.19738,s-1.622345,s189.096833
125_108,s-4.488406,s-1.00708,s1.903808
125_109,s0.427796,s-4.278667,s74.387053
125_110,s4.204913,s2.099693,s327.982217
125_111,s1.949102,s4.221789,s240.957166
125_112,s4.264544,s1.586241,s233.479404
125_113,s-3.941597,s2.467045,s41.203763
125_114,s-1.474721,s-4.251494,s169.124634
125_115,s-0.870357,s-4.771266,s224.063275
125_116,s-3.094592,s-3.403454,s117.049979
125_117,s-2.669466,s4.049253,s174.150919
125_118,s-4.303484,s1.315303,s150.479946
125_119,s3.889615,s-2.897136,s304.29164
125_120,s-0.686363,s4.244868,s329.015739
125_121,s3.567673,s3.059692,s37.142101
125_122,s-3.265704,s3.310239,s57.468548
125_123,s3.071674,s-3.817698,s180.849631
125_124,s-4.991423,s-0.76694,s173.28726
126_0,s0.0,s0.0,s61.458974
126_1,s-0.087797,s0.492231,s34.479228
126_2,s0.458878,s0.65531,s347.407842
126_3,s0.369948,s-0.2562,s301.022519
126_4,s-0.404414,s-0.294023,s128.840276
126_5,s0.834052,s-0.454816,s262.731028
126_6,s-0.184418,s-0.778454,s224.38473
126_7,s0.819507,s0.480529,s278.525991
126_8,s-0.836532,s0.331986,s27.229171
126_9,s0.973831,s-1.005809,s247.702628
126_10,s-1.028382,s-0.949964,s213.937165
126_11,s-1.046449,s-0.086287,s57.453197
126_12,s0.705015,s1.491795,s17.209855
126_13,s0.254261,s-1.529003,s197.311675
126_14,s-1.353793,s-0.645945,s76.43608
126_15,s-1.456944,s0.661298,s83.771924
126_16,s-0.740772,s1.361527,s111.270673
126_17,s0.97787,s1.001884,s297.463483
126_18,s-0.629273,s1.739688,s1.553225
126_19,s-1.680577,s-1.084278,s101.500223
126_20,s1.623048,s-0.778277,s209.278812
126_21,s-0.833751,s-1.817927,s218.161732
126_22,s-1.916349,s1.179028,s111.169023
126_23,s-1.280872,s1.536023,s66.434036
126_24,s1.613792,s1.638803,s55.371005
126_25,s1.522809,s0.289055,s216.067609
126_26,s0.468313,s2.404825,s40.113282
126_27,s0.69866,s-1.874,s299.844059
126_28,s-1.377234,s-1.650978,s85.32734
126_29,s2.021313,s0.732662,s236.361939
126_30,s-1.197927,s-2.137164,s183.096492
126_31,s-0.802746,s-2.577906,s217.550163
126_32,s0.922671,s-2.269621,s146.629322
126_33,s2.137907,s-0.848146,s297.113569
126_34,s-2.360949,s-0.431182,s73.976505
126_35,s1.488701,s-1.818315,s164.330764
126_36,s-1.012541,s2.285774,s29.456702
126_37,s-2.124458,s1.666337,s88.150672
126_38,s-1.519058,s2.292371,s101.756916
126_39,s2.016567,s1.30133,s0.723876
126_40,s1.10743,s2.296976,s15.110186
126_41,s2.490596,s1.042561,s288.869752
126_42,s-0.484167,s2.554522,s358.622905
126_43,s-2.90154,s0.762278,s3.688647
126_44,s2.109286,s-1.764486,s306.21191
126_45,s-1.886577,s-2.000832,s210.02924
126_46,s1.397116,s2.767321,s326.568391
126_47,s-2.577456,s-1.329181,s167.508644
126_48,s1.969621,s-2.196154,s152.980053
126_49,s2.056015,s2.184674,s24.162355
126_50,s2.829427,s0.341819,s327.874672
126_51,s1.213886,s-2.852452,s111.28805
126_52,s-2.549588,s2.015466,s27.523502
126_53,s2.389854,s1.729479,s318.209469
126_54,s0.298641,s-3.186034,s44.057785
126_55,s-3.148724,s-0.805009,s192.277539
126_56,s3.010275,s1.580584,s308.518319
126_57,s-0.499709,s-3.413618,s104.547263
126_58,s3.134362,s-1.032365,s16.735136
126_59,s-2.080893,s-2.561227,s185.765985
126_60,s2.525674,s-2.200789,s297.958236
126_61,s-2.572826,s-2.222739,s148.980963
126_62,s-3.701542,s-1.058815,s359.141366
126_63,s0.900721,s-3.330346,s173.154876
126_64,s-2.128665,s2.521663,s14.16456
126_65,s1.500152,s-3.162206,s195.526879
126_66,s0.129557,s-3.547635,s129.630534
126_67,s3.239573,s-0.260131,s248.031166
126_68,s-1.362891,s-3.005417,s132.628938
126_69,s-3.074889,s0.393776,s75.084519
126_70,s-3.274326,s-1.723017,s64.665195
126_71,s2.146335,s-2.827675,s150.297604
126_72,s-1.543913,s3.08526,s325.408847
126_73,s2.384008,s3.211932,s58.059383
126_74,s0.954197,s3.263358,s282.436895
126_75,s-3.238542,s1.789371,s171.920817
126_76,s3.528216,s-1.114311,s279.852836
126_77,s0.242373,s3.140662,s5.976925
126_78,s3.165618,s2.445171,s52.380332
126_79,s-0.594792,s3.44909,s335.074057
126_80,s3.790423,s0.674682,s47.746101
126_81,s3.28234,s-1.707701,s257.485009
126_82,s-2.233555,s3.615762,s262.616415
126_83,s0.962294,s3.830991,s316.530336
126_84,s2.507003,s-2.788806,s278.004905
126_85,s-1.071253,s-3.853883,s213.675847
126_86,s-3.63722,s1.100286,s47.100179
126_87,s-2.592469,s3.046162,s92.648657
126_88,s3.297121,s-2.264727,s247.847907
126_89,s2.287782,s-3.341939,s238.776418
126_90,s-3.659059,s-2.061865,s92.429683
126_91,s3.761597,s1.205359,s4.035417
126_92,s-1.722798,s4.048699,s270.930403
126_93,s-2.368359,s-3.40784,s194.435626
126_94,s-3.608204,s2.050211,s354.481168
126_95,s-3.883701,s0.72067,s101.858086
126_96,s3.619644,s2.321245,s334.872717
126_97,s0.790873,s4.429957,s119.390125
126_98,s4.403808,s-0.925459,s353.572996
126_99,s4.146049,s0.671029,s254.799508
126_100,s-3.794542,s0.20359,s127.573646
126_101,s2.949522,s3.059873,s1.870195
126_102,s-3.190818,s-2.807344,s111.860962
126_103,s2.166557,s-3.886969,s233.062158
126_104,s1.604399,s3.718656,s1.899259
126_105,s3.307595,s-3.268381,s335.698308
126_106,s1.645038,s-4.24221,s241.577831
126_107,s4.19738,s-1.622345,s189.096833
126_108,s-4.488406,s-1.00708,s1.903808
126_109,s0.427796,s-4.278667,s74.387053
126_110,s4.204913,s2.099693,s327.982217
126_111,s1.949102,s4.221789,s240.957166
126_112,s4.264544,s1.586241,s233.479404
126_113,s-3.941597,s2.467045,s41.203763
126_114,s-1.474721,s-4.251494,s169.124634
126_115,s-0.870357,s-4.771266,s224.063275
126_116,s-3.094592,s-3.403454,s117.049979
126_117,s-2.669466,s4.049253,s174.150919
126_118,s-4.303484,s1.315303,s150.479946
126_119,s3.889615,s-2.897136,s304.29164
126_120,s-0.686363,s4.244868,s329.015739
126_121,s3.567673,s3.059692,s37.142101
126_122,s-3.265704,s3.310239,s57.468548
126_123,s3.071674,s-3.817698,s180.849631
126_124,s-4.991423,s-0.76694,s173.28726
126_125,s4.950407,s1.748134,s203.595737
127_0,s0.0,s0.0,s61.458974
127_1,s-0.087797,s0.492231,s34.479228
127_2,s0.458878,s0.65531,s347.407842
127_3,s0.369948,s-0.2562,s301.022519
127_4,s-0.404414,s-0.294023,s128.840276
127_5,s0.834052,s-0.454816,s262.731028
127_6,s-0.184418,s-0.778454,s224.38473
127_7,s0.819507,s0.480529,s278.525991
127_8,s-0.836532,s0.331986,s27.229171
127_9,s0.973831,s-1.005809,s247.702628
127_10,s-1.028382,s-0.949964,s213.937165
127_11,s-1.046449,s-0.086287,s57.453197
127_12,s0.705015,s1.491795,s17.209855
127_13,s0.254261,s-1.529003,s197.311675
127_14,s-1.353793,s-0.645945,s76.43608
127_15,s-1.456944,s0.661298,s83.771924
127_16,s-0.740772,s1.361527,s111.270673
127_17,s0.97787,s1.001884,s297.463483
127_18,s-0.629273,s1.739688,s1.553225
127_19,s-1.680577,s-1.084278,s101.500223
127_20,s1.623048,s-0.778277,s209.278812
127_21,s-0.833751,s-1.817927,s218.161732
127_22,s-1.916349,s1.179028,s111.169023
127_23,s-1.280872,s1.536023,s66.434036
127_24,s1.613792,s1.638803,s55.371005
127_25,s1.522809,s0.289055,s216.067609
127_26,s0.468313,s2.404825,s40.113282
127_27,s0.69866,s-1.874,s299.844059
127_28,s-1.377234,s-1.650978,s85.32734
127_29,s2.021313,s0.732662,s236.361939
127_30,s-1.197927,s-2.137164,s183.096492
127_31,s-0.802746,s-2.577906,s217.550163
127_32,s0.922671,s-2.269621,s146.629322
127_33,s2.137907,s-0.848146,s297.113569
127_34,s-2.360949,s-0.431182,s73.976505
127_35,s1.488701,s-1.818315,s164.330764
127_36,s-1.012541,s2.285774,s29.456702
127_37,s-2.124458,s1.666337,s88.150672
127_38,s-1.519058,s2.292371,s101.756916
127_39,s2.016567,s1.30133,s0.723876
127_40,s1.10743,s2.296976,s15.110186
127_41,s2.490596,s1.042561,s288.869752
127_42,s-0.484167,s2.554522,s358.622905
127_43,s-2.90154,s0.762278,s3.688647
127_44,s2.109286,s-1.764486,s306.21191
127_45,s-1.886577,s-2.000832,s210.02924
127_46,s1.397116,s2.767321,s326.568391
127_47,s-2.577456,s-1.329181,s167.508644
127_48,s1.969621,s-2.196154,s152.980053
127_49,s2.056015,s2.184674,s24.162355
127_50,s2.829427,s0.341819,s327.874672
127_51,s1.213886,s-2.852452,s111.28805
127_52,s-2.549588,s2.015466,s27.523502
127_53,s2.389854,s1.729479,s318.209469
127_54,s0.298641,s-3.186034,s44.057785
127_55,s-3.148724,s-0.805009,s192.277539
127_56,s3.010275,s1.580584,s308.518319
127_57,s-0.499709,s-3.413618,s104.547263
127_58,s3.134362,s-1.032365,s16.735136
127_59,s-2.080893,s-2.561227,s185.765985
127_60,s2.525674,s-2.200789,s297.958236
127_61,s-2.572826,s-2.222739,s148.980963
127_62,s-3.701542,s-1.058815,s359.141366
127_63,s0.900721,s-3.330346,s173.154876
127_64,s-2.128665,s2.521663,s14.16456
127_65,s1.500152,s-3.162206,s195.526879
127_66,s0.129557,s-3.547635,s129.630534
127_67,s3.239573,s-0.260131,s248.031166
127_68,s-1.362891,s-3.005417,s132.628938
127_69,s-3.074889,s0.393776,s75.084519
127_70,s-3.274326,s-1.723017,s64.665195
127_71,s2.146335,s-2.827675,s150.297604
127_72,s-1.543913,s3.08526,s325.408847
127_73,s2.384008,s3.211932,s58.059383
127_74,s0.954197,s3.263358,s282.436895
127_75,s-3.238542,s1.789371,s171.920817
127_76,s3.528216,s-1.114311,s279.852836
127_77,s0.242373,s3.140662,s5.976925
127_78,s3.165618,s2.445171,s52.380332
127_79,s-0.594792,s3.44909,s335.074057
127_80,s3.790423,s0.674682,s47.746101
127_81,s3.28234,s-1.707701,s257.485009
127_82,s-2.233555,s3.615762,s262.616415
127_83,s0.962294,s3.830991,s316.530336
127_84,s2.507003,s-2.788806,s278.004905
127_85,s-1.071253,s-3.853883,s213.675847
127_86,s-3.63722,s1.100286,s47.100179
127_87,s-2.592469,s3.046162,s92.648657
127_88,s3.297121,s-2.264727,s247.847907
127_89,s2.287782,s-3.341939,s238.776418
127_90,s-3.659059,s-2.061865,s92.429683
127_91,s3.761597,s1.205359,s4.035417
127_92,s-1.722798,s4.048699,s270.930403
127_93,s-2.368359,s-3.40784,s194.435626
127_94,s-3.608204,s2.050211,s354.481168
127_95,s-3.883701,s0.72067,s101.858086
127_96,s3.619644,s2.321245,s334.872717
127_97,s0.790873,s4.429957,s119.390125
127_98,s4.403808,s-0.925459,s353.572996
127_99,s4.146049,s0.671029,s254.799508
127_100,s-3.794542,s0.20359,s127.573646
127_101,s2.949522,s3.059873,s1.870195
127_102,s-3.190818,s-2.807344,s111.860962
127_103,s2.166557,s-3.886969,s233.062158
127_104,s1.604399,s3.718656,s1.899259
127_105,s3.307595,s-3.268381,s335.698308
127_106,s1.645038,s-4.24221,s241.577831
127_107,s4.19738,s-1.622345,s189.096833
127_108,s-4.488406,s-1.00708,s1.903808
127_109,s0.427796,s-4.278667,s74.387053
127_110,s4.204913,s2.099693,s327.982217
127_111,s1.949102,s4.221789,s240.957166
127_112,s4.264544,s1.586241,s233.479404
127_113,s-3.941597,s2.467045,s41.203763
127_114,s-1.474721,s-4.251494,s169.124634
127_115,s-0.870357,s-4.771266,s224.063275
127_116,s-3.094592,s-3.403454,s117.049979
127_117,s-2.669466,s4.049253,s174.150919
127_118,s-4.303484,s1.315303,s150.479946
127_119,s3.889615,s-2.897136,s304.29164
127_120,s-0.686363,s4.244868,s329.015739
127_121,s3.567673,s3.059692,s37.142101
127_122,s-3.265704,s3.310239,s57.468548
127_123,s3.071674,s-3.817698,s180.849631
127_124,s-4.991423,s-0.76694,s173.28726
127_125,s4.950407,s1.748134,s203.595737
127_126,s-2.827687,s-3.816633,s187.991472
128_0,s0.0,s0.0,s61.458974
128_1,s-0.087797,s0.492231,s34.479228
128_2,s0.458878,s0.65531,s347.407842
128_3,s0.369948,s-0.2562,s301.022519
128_4,s-0.404414,s-0.294023,s128.840276
128_5,s0.834052,s-0.454816,s262.731028
128_6,s-0.184418,s-0.778454,s224.38473
128_7,s0.819507,s0.480529,s278.525991
128_8,s-0.836532,s0.331986,s27.229171
128_9,s0.973831,s-1.005809,s247.702628
128_10,s-1.028382,s-0.949964,s213.937165
128_11,s-1.046449,s-0.086287,s57.453197
128_12,s0.705015,s1.491795,s17.209855
128_13,s0.254261,s-1.529003,s197.311675
128_14,s-1.353793,s-0.645945,s76.43608
128_15,s-1.456944,s0.661298,s83.771924
128_16,s-0.740772,s1.361527,s111.270673
128_17,s0.97787,s1.001884,s297.463483
128_18,s-0.629273,s1.739688,s1.553225
128_19,s-1.680577,s-1.084278,s101.500223
128_20,s1.623048,s-0.778277,s209.278812
128_21,s-0.833751,s-1.817927,s218.161732
128_22,s-1.916349,s1.179028,s111.169023
128_23,s-1.280872,s1.536023,s66.434036
128_24,s1.613792,s1.638803,s55.371005
128_25,s1.522809,s0.289055,s216.067609
128_26,s0.468313,s2.404825,s40.113282
128_27,s0.69866,s-1.874,s299.844059
128_28,s-1.377234,s-1.650978,s85.32734
128_29,s2.021313,s0.732662,s236.361939
128_30,s-1.197927,s-2.137164,s183.096492
128_31,s-0.802746,s-2.577906,s217.550163
128_32,s0.922671,s-2.269621,s146.629322
128_33,s2.137907,s-0.848146,s297.113569
128_34,s-2.360949,s-0.431182,s73.976505
128_35,s1.488701,s-1.818315,s164.330764
128_36,s-1.012541,s2.285774,s29.456702
128_37,s-2.124458,s1.666337,s88.150672
128_38,s-1.519058,s2.292371,s101.756916
128_39,s2.016567,s1.30133,s0.723876
128_40,s1.10743,s2.296976,s15.110186
128_41,s2.490596,s1.042561,s288.869752
128_42,s-0.484167,s2.554522,s358.622905
128_43,s-2.90154,s0.762278,s3.688647
128_44,s2.109286,s-1.764486,s306.21191
128_45,s-1.886577,s-2.000832,s210.02924
128_46,s1.397116,s2.767321,s326.568391
128_47,s-2.577456,s-1.329181,s167.508644
128_48,s1.969621,s-2.196154,s152.980053
128_49,s2.056015,s2.184674,s24.162355
128_50,s2.829427,s0.341819,s327.874672
128_51,s1.213886,s-2.852452,s111.28805
128_52,s-2.549588,s2.015466,s27.523502
128_53,s2.389854,s1.729479,s318.209469
128_54,s0.298641,s-3.186034,s44.057785
128_55,s-3.148724,s-0.805009,s192.277539
128_56,s3.010275,s1.580584,s308.518319
128_57,s-0.499709,s-3.413618,s104.547263
128_58,s3.134362,s-1.032365,s16.735136
128_59,s-2.080893,s-2.561227,s185.765985
128_60,s2.525674,s-2.200789,s297.958236
128_61,s-2.572826,s-2.222739,s148.980963
128_62,s-3.701542,s-1.058815,s359.141366
128_63,s0.900721,s-3.330346,s173.154876
128_64,s-2.128665,s2.521663,s14.16456
128_65,s1.500152,s-3.162206,s195.526879
128_66,s0.129557,s-3.547635,s129.630534
128_67,s3.239573,s-0.260131,s248.031166
128_68,s-1.362891,s-3.005417,s132.628938
128_69,s-3.074889,s0.393776,s75.084519
128_70,s-3.274326,s-1.723017,s64.665195
128_71,s2.146335,s-2.827675,s150.297604
128_72,s-1.543913,s3.08526,s325.408847
128_73,s2.384008,s3.211932,s58.059383
128_74,s0.954197,s3.263358,s282.436895
128_75,s-3.238542,s1.789371,s171.920817
128_76,s3.528216,s-1.114311,s279.852836
128_77,s0.242373,s3.140662,s5.976925
128_78,s3.165618,s2.445171,s52.380332
128_79,s-0.594792,s3.44909,s335.074057
128_80,s3.790423,s0.674682,s47.746101
128_81,s3.28234,s-1.707701,s257.485009
128_82,s-2.233555,s3.615762,s262.616415
128_83,s0.962294,s3.830991,s316.530336
128_84,s2.507003,s-2.788806,s278.004905
128_85,s-1.071253,s-3.853883,s213.675847
128_86,s-3.63722,s1.100286,s47.100179
128_87,s-2.592469,s3.046162,s92.648657
128_88,s3.297121,s-2.264727,s247.847907
128_89,s2.287782,s-3.341939,s238.776418
128_90,s-3.659059,s-2.061865,s92.429683
128_91,s3.761597,s1.205359,s4.035417
128_92,s-1.722798,s4.048699,s270.930403
128_93,s-2.368359,s-3.40784,s194.435626
128_94,s-3.608204,s2.050211,s354.481168
128_95,s-3.883701,s0.72067,s101.858086
128_96,s3.619644,s2.321245,s334.872717
128_97,s0.790873,s4.429957,s119.390125
128_98,s4.403808,s-0.925459,s353.572996
128_99,s4.146049,s0.671029,s254.799508
128_100,s-3.794542,s0.20359,s127.573646
128_101,s2.949522,s3.059873,s1.870195
128_102,s-3.190818,s-2.807344,s111.860962
128_103,s2.166557,s-3.886969,s233.062158
128_104,s1.604399,s3.718656,s1.899259
128_105,s3.307595,s-3.268381,s335.698308
128_106,s1.645038,s-4.24221,s241.577831
128_107,s4.19738,s-1.622345,s189.096833
128_108,s-4.488406,s-1.00708,s1.903808
128_109,s0.427796,s-4.278667,s74.387053
128_110,s4.204913,s2.099693,s327.982217
128_111,s1.949102,s4.221789,s240.957166
128_112,s4.264544,s1.586241,s233.479404
128_113,s-3.941597,s2.467045,s41.203763
128_114,s-1.474721,s-4.251494,s169.124634
128_115,s-0.870357,s-4.771266,s224.063275
128_116,s-3.094592,s-3.403454,s117.049979
128_117,s-2.669466,s4.049253,s174.150919
128_118,s-4.303484,s1.315303,s150.479946
128_119,s3.889615,s-2.897136,s304.29164
128_120,s-0.686363,s4.244868,s329.015739
128_121,s3.567673,s3.059692,s37.142101
128_122,s-3.265704,s3.310239,s57.468548
128_123,s3.071674,s-3.817698,s180.849631
128_124,s-4.991423,s-0.76694,s173.28726
128_125,s4.950407,s1.748134,s203.595737
128_126,s-2.827687,s-3.816633,s187.991472
128_127,s-4.731013,s0.424278,s82.136033
129_0,s0.0,s0.0,s61.458974
129_1,s-0.087797,s0.492231,s34.479228
129_2,s0.458878,s0.65531,s347.407842
129_3,s0.369948,s-0.2562,s301.022519
129_4,s-0.404414,s-0.294023,s128.840276
129_5,s0.834052,s-0.454816,s262.731028
129_6,s-0.184418,s-0.778454,s224.38473
129_7,s0.819507,s0.480529,s278.525991
129_8,s-0.836532,s0.331986,s27.229171
129_9,s0.973831,s-1.005809,s247.702628
129_10,s-1.028382,s-0.949964,s213.937165
129_11,s-1.046449,s-0.086287,s57.453197
129_12,s0.705015,s1.491795,s17.209855
129_13,s0.254261,s-1.529003,s197.311675
129_14,s-1.353793,s-0.645945,s76.43608
129_15,s-1.456944,s0.661298,s83.771924
129_16,s-0.740772,s1.361527,s111.270673
129_17,s0.97787,s1.001884,s297.463483
129_18,s-0.629273,s1.739688,s1.553225
129_19,s-1.680577,s-1.084278,s101.500223
129_20,s1.623048,s-0.778277,s209.278812
129_21,s-0.833751,s-1.817927,s218.161732
129_22,s-1.916349,s1.179028,s111.169023
129_23,s-1.280872,s1.536023,s66.434036
129_24,s1.613792,s1.638803,s55.371005
129_25,s1.522809,s0.289055,s216.067609
129_26,s0.468313,s2.404825,s40.113282
129_27,s0.69866,s-1.874,s299.844059
129_28,s-1.377234,s-1.650978,s85.32734
129_29,s2.021313,s0.732662,s236.361939
129_30,s-1.197927,s-2.137164,s183.096492
129_31,s-0.802746,s-2.577906,s217.550163
129_32,s0.922671,s-2.269621,s146.629322
129_33,s2.137907,s-0.848146,s297.113569
129_34,s-2.360949,s-0.431182,s73.976505
129_35,s1.488701,s-1.818315,s164.330764
129_36,s-1.012541,s2.285774,s29.456702
129_37,s-2.124458,s1.666337,s88.150672
129_38,s-1.519058,s2.292371,s101.756916
129_39,s2.016567,s1.30133,s0.723876
129_40,s1.10743,s2.296976,s15.110186
129_41,s2.490596,s1.042561,s288.869752
129_42,s-0.484167,s2.554522,s358.622905
129_43,s-2.90154,s0.762278,s3.688647
129_44,s2.109286,s-1.764486,s306.21191
129_45,s-1.886577,s-2.000832,s210.02924
129_46,s1.397116,s2.767321,s326.568391
129_47,s-2.577456,s-1.329181,s167.508644
129_48,s1.969621,s-2.196154,s152.980053
129_49,s2.056015,s2.184674,s24.162355
129_50,s2.829427,s0.341819,s327.874672
129_51,s1.213886,s-2.852452,s111.28805
129_52,s-2.549588,s2.015466,s27.523502
129_53,s2.389854,s1.729479,s318.209469
129_54,s0.298641,s-3.186034,s44.057785
129_55,s-3.148724,s-0.805009,s192.277539
129_56,s3.010275,s1.580584,s308.518319
129_57,s-0.499709,s-3.413618,s104.547263
129_58,s3.134362,s-1.032365,s16.735136
129_59,s-2.080893,s-2.561227,s185.765985
129_60,s2.525674,s-2.200789,s297.958236
129_61,s-2.572826,s-2.222739,s148.980963
129_62,s-3.701542,s-1.058815,s359.141366
129_63,s0.900721,s-3.330346,s173.154876
129_64,s-2.128665,s2.521663,s14.16456
129_65,s1.500152,s-3.162206,s195.526879
129_66,s0.129557,s-3.547635,s129.630534
129_67,s3.239573,s-0.260131,s248.031166
129_68,s-1.362891,s-3.005417,s132.628938
129_69,s-3.074889,s0.393776,s75.084519
129_70,s-3.274326,s-1.723017,s64.665195
129_71,s2.146335,s-2.827675,s150.297604
129_72,s-1.543913,s3.08526,s325.408847
129_73,s2.384008,s3.211932,s58.059383
129_74,s0.954197,s3.263358,s282.436895
129_75,s-3.238542,s1.789371,s171.920817
129_76,s3.528216,s-1.114311,s279.852836
129_77,s0.242373,s3.140662,s5.976925
129_78,s3.165618,s2.445171,s52.380332
129_79,s-0.594792,s3.44909,s335.074057
129_80,s3.790423,s0.674682,s47.746101
129_81,s3.28234,s-1.707701,s257.485009
129_82,s-2.233555,s3.615762,s262.616415
129_83,s0.962294,s3.830991,s316.530336
129_84,s2.507003,s-2.788806,s278.004905
129_85,s-1.071253,s-3.853883,s213.675847
129_86,s-3.63722,s1.100286,s47.100179
129_87,s-2.592469,s3.046162,s92.648657
129_88,s3.297121,s-2.264727,s247.847907
129_89,s2.287782,s-3.341939,s238.776418
129_90,s-3.659059,s-2.061865,s92.429683
129_91,s3.761597,s1.205359,s4.035417
129_92,s-1.722798,s4.048699,s270.930403
129_93,s-2.368359,s-3.40784,s194.435626
129_94,s-3.608204,s2.050211,s354.481168
129_95,s-3.883701,s0.72067,s101.858086
129_96,s3.619644,s2.321245,s334.872717
129_97,s0.790873,s4.429957,s119.390125
129_98,s4.403808,s-0.925459,s353.572996
129_99,s4.146049,s0.671029,s254.799508
129_100,s-3.794542,s0.20359,s127.573646
129_101,s2.949522,s3.059873,s1.870195
129_102,s-3.190818,s-2.807344,s111.860962
129_103,s2.166557,s-3.886969,s233.062158
129_104,s1.604399,s3.718656,s1.899259
129_105,s3.307595,s-3.268381,s335.698308
129_106,s1.645038,s-4.24221,s241.577831
129_107,s4.19738,s-1.622345,s189.096833
129_108,s-4.488406,s-1.00708,s1.903808
129_109,s0.427796,s-4.278667,s74.387053
129_110,s4.204913,s2.099693,s327.982217
129_111,s1.949102,s4.221789,s240.957166
129_112,s4.264544,s1.586241,s233.479404
129_113,s-3.941597,s2.467045,s41.203763
129_114,s-1.474721,s-4.251494,s169.124634
129_115,s-0.870357,s-4.771266,s224.063275
129_116,s-3.094592,s-3.403454,s117.049979
129_117,s-2.669466,s4.049253,s174.150919
129_118,s-4.303484,s1.315303,s150.479946
129_119,s3.889615,s-2.897136,s304.29164
129_120,s-0.686363,s4.244868,s329.015739
129_121,s3.567673,s3.059692,s37.142101
129_122,s-3.265704,s3.310239,s57.468548
129_123,s3.071674,s-3.817698,s180.849631
129_124,s-4.991423,s-0.76694,s173.28726
129_125,s4.950407,s1.748134,s203.595737
129_126,s-2.827687,s-3.816633,s187.991472
129_127,s-4.731013,s0.424278,s82.136033
129_128,s3.80096,s-3.400397,s196.751418
130_0,s0.0,s0.0,s61.458974
130_1,s-0.087797,s0.492231,s34.479228
130_2,s0.458878,s0.65531,s347.407842
130_3,s0.369948,s-0.2562,s301.022519
130_4,s-0.404414,s-0.294023,s128.840276
130_5,s0.834052,s-0.454816,s262.731028
130_6,s-0.184418,s-0.778454,s224.38473
130_7,s0.819507,s0.480529,s278.525991
130_8,s-0.836532,s0.331986,s27.229171
130_9,s0.973831,s-1.005809,s247.702628
130_10,s-1.028382,s-0.949964,s213.937165
130_11,s-1.046449,s-0.086287,s57.453197
130_12,s0.705015,s1.491795,s17.209855
130_13,s0.254261,s-1.529003,s197.311675
130_14,s-1.353793,s-0.645945,s76.43608
130_15,s-1.456944,s0.661298,s83.771924
130_16,s-0.740772,s1.361527,s111.270673
130_17,s0.97787,s1.001884,s297.463483
130_18,s-0.629273,s1.739688,s1.553225
130_19,s-1.680577,s-1.084278,s101.500223
130_20,s1.623048,s-0.778277,s209.278812
130_21,s-0.833751,s-1.817927,s218.161732
130_22,s-1.916349,s1.179028,s111.169023
130_23,s-1.280872,s1.536023,s66.434036
130_24,s1.613792,s1.638803,s55.371005
130_25,s1.522809,s0.289055,s216.067609
130_26,s0.468313,s2.404825,s40.113282
130_27,s0.69866,s-1.874,s299.844059
130_28,s-1.377234,s-1.650978,s85.32734
130_29,s2.021313,s0.732662,s236.361939
130_30,s-1.197927,s-2.137164,s183.096492
130_31,s-0.802746,s-2.577906,s217.550163
130_32,s0.922671,s-2.269621,s146.629322
130_33,s2.137907,s-0.848146,s297.113569
130_34,s-2.360949,s-0.431182,s73.976505
130_35,s1.488701,s-1.818315,s164.330764
130_36,s-1.012541,s2.285774,s29.456702
130_37,s-2.124458,s1.666337,s88.150672
130_38,s-1.519058,s2.292371,s101.756916
130_39,s2.016567,s1.30133,s0.723876
130_40,s1.10743,s2.296976,s15.110186
130_41,s2.490596,s1.042561,s288.869752
130_42,s-0.484167,s2.554522,s358.622905
130_43,s-2.90154,s0.762278,s3.688647
130_44,s2.109286,s-1.764486,s306.21191
130_45,s-1.886577,s-2.000832,s210.02924
130_46,s1.397116,s2.767321,s326.568391
130_47,s-2.577456,s-1.329181,s167.508644
130_48,s1.969621,s-2.196154,s152.980053
130_49,s2.056015,s2.184674,s24.162355
130_50,s2.829427,s0.341819,s327.874672
130_51,s1.213886,s-2.852452,s111.28805
130_52,s-2.549588,s2.015466,s27.523502
130_53,s2.389854,s1.729479,s318.209469
130_54,s0.298641,s-3.186034,s44.057785
130_55,s-3.148724,s-0.805009,s192.277539
130_56,s3.010275,s1.580584,s308.518319
130_57,s-0.499709,s-3.413618,s104.547263
130_58,s3.134362,s-1.032365,s16.735136
130_59,s-2.080893,s-2.561227,s185.765985
130_60,s2.525674,s-2.200789,s297.958236
130_61,s-2.572826,s-2.222739,s148.980963
130_62,s-3.701542,s-1.058815,s359.141366
130_63,s0.900721,s-3.330346,s173.154876
130_64,s-2.128665,s2.521663,s14.16456
130_65,s1.500152,s-3.162206,s195.526879
130_66,s0.129557,s-3.547635,s129.630534
130_67,s3.239573,s-0.260131,s248.031166
130_68,s-1.362891,s-3.005417,s132.628938
130_69,s-3.074889,s0.393776,s75.084519
130_70,s-3.274326,s-1.723017,s64.665195
130_71,s2.146335,s-2.827675,s150.297604
130_72,s-1.543913,s3.08526,s325.408847
130_73,s2.384008,s3.211932,s58.059383
130_74,s0.954197,s3.263358,s282.436895
130_75,s-3.238542,s1.789371,s171.920817
130_76,s3.528216,s-1.114311,s279.852836
130_77,s0.242373,s3.140662,s5.976925
130_78,s3.165618,s2.445171,s52.380332
130_79,s-0.594792,s3.44909,s335.074057
130_80,s3.790423,s0.674682,s47.746101
130_81,s3.28234,s-1.707701,s257.485009
130_82,s-2.233555,s3.615762,s262.616415
130_83,s0.962294,s3.830991,s316.530336
130_84,s2.507003,s-2.788806,s278.004905
130_85,s-1.071253,s-3.853883,s213.675847
130_86,s-3.63722,s1.100286,s47.100179
130_87,s-2.592469,s3.046162,s92.648657
130_88,s3.297121,s-2.264727,s247.847907
130_89,s2.287782,s-3.341939,s238.776418
130_90,s-3.659059,s-2.061865,s92.429683
130_91,s3.761597,s1.205359,s4.035417
130_92,s-1.722798,s4.048699,s270.930403
130_93,s-2.368359,s-3.40784,s194.435626
130_94,s-3.608204,s2.050211,s354.481168
130_95,s-3.883701,s0.72067,s101.858086
130_96,s3.619644,s2.321245,s334.872717
130_97,s0.790873,s4.429957,s119.390125
130_98,s4.403808,s-0.925459,s353.572996
130_99,s4.146049,s0.671029,s254.799508
130_100,s-3.794542,s0.20359,s127.573646
130_101,s2.949522,s3.059873,s1.870195
130_102,s-3.190818,s-2.807344,s111.860962
130_103,s2.166557,s-3.886969,s233.062158
130_104,s1.604399,s3.718656,s1.899259
130_105,s3.307595,s-3.268381,s335.698308
130_106,s1.645038,s-4.24221,s241.577831
130_107,s4.19738,s-1.622345,s189.096833
130_108,s-4.488406,s-1.00708,s1.903808
130_109,s0.427796,s-4.278667,s74.387053
130_110,s4.204913,s2.099693,s327.982217
130_111,s1.949102,s4.221789,s240.957166
130_112,s4.264544,s1.586241,s233.479404
130_113,s-3.941597,s2.467045,s41.203763
130_114,s-1.474721,s-4.251494,s169.124634
130_115,s-0.870357,s-4.771266,s224.063275
130_116,s-3.094592,s-3.403454,s117.049979
130_117,s-2.669466,s4.049253,s174.150919
130_118,s-4.303484,s1.315303,s150.479946
130_119,s3.889615,s-2.897136,s304.29164
130_120,s-0.686363,s4.244868,s329.015739
130_121,s3.567673,s3.059692,s37.142101
130_122,s-3.265704,s3.310239,s57.468548
130_123,s3.071674,s-3.817698,s180.849631
130_124,s-4.991423,s-0.76694,s173.28726
130_125,s4.950407,s1.748134,s203.595737
130_126,s-2.827687,s-3.816633,s187.991472
130_127,s-4.731013,s0.424278,s82.136033
130_128,s3.80096,s-3.400397,s196.751418
130_129,s-0.730063,s4.845308,s55.515236
131_0,s0.0,s0.0,s61.458974
131_1,s-0.087797,s0.492231,s34.479228
131_2,s0.458878,s0.65531,s347.407842
131_3,s0.369948,s-0.2562,s301.022519
131_4,s-0.404414,s-0.294023,s128.840276
131_5,s0.834052,s-0.454816,s262.731028
131_6,s-0.184418,s-0.778454,s224.38473
131_7,s0.819507,s0.480529,s278.525991
131_8,s-0.836532,s0.331986,s27.229171
131_9,s0.973831,s-1.005809,s247.702628
131_10,s-1.028382,s-0.949964,s213.937165
131_11,s-1.046449,s-0.086287,s57.453197
131_12,s0.705015,s1.491795,s17.209855
131_13,s0.254261,s-1.529003,s197.311675
131_14,s-1.353793,s-0.645945,s76.43608
131_15,s-1.456944,s0.661298,s83.771924
131_16,s-0.740772,s1.361527,s111.270673
131_17,s0.97787,s1.001884,s297.463483
131_18,s-0.629273,s1.739688,s1.553225
131_19,s-1.680577,s-1.084278,s101.500223
131_20,s1.623048,s-0.778277,s209.278812
131_21,s-0.833751,s-1.817927,s218.161732
131_22,s-1.916349,s1.179028,s111.169023
131_23,s-1.280872,s1.536023,s66.434036
131_24,s1.613792,s1.638803,s55.371005
131_25,s1.522809,s0.289055,s216.067609
131_26,s0.468313,s2.404825,s40.113282
131_27,s0.69866,s-1.874,s299.844059
131_28,s-1.377234,s-1.650978,s85.32734
131_29,s2.021313,s0.732662,s236.361939
131_30,s-1.197927,s-2.137164,s183.096492
131_31,s-0.802746,s-2.577906,s217.550163
131_32,s0.922671,s-2.269621,s146.629322
131_33,s2.137907,s-0.848146,s297.113569
131_34,s-2.360949,s-0.431182,s73.976505
131_35,s1.488701,s-1.818315,s164.330764
131_36,s-1.012541,s2.285774,s29.456702
131_37,s-2.124458,s1.666337,s88.150672
131_38,s-1.519058,s2.292371,s101.756916
131_39,s2.016567,s1.30133,s0.723876
131_40,s1.10743,s2.296976,s15.110186
131_41,s2.490596,s1.042561,s288.869752
131_42,s-0.484167,s2.554522,s358.622905
131_43,s-2.90154,s0.762278,s3.688647
131_44,s2.109286,s-1.764486,s306.21191
131_45,s-1.886577,s-2.000832,s210.02924
131_46,s1.397116,s2.767321,s326.568391
131_47,s-2.577456,s-1.329181,s167.508644
131_48,s1.969621,s-2.196154,s152.980053
131_49,s2.056015,s2.184674,s24.162355
131_50,s2.829427,s0.341819,s327.874672
131_51,s1.213886,s-2.852452,s111.28805
131_52,s-2.549588,s2.015466,s27.523502
131_53,s2.389854,s1.729479,s318.209469
131_54,s0.298641,s-3.186034,s44.057785
131_55,s-3.148724,s-0.805009,s192.277539
131_56,s3.010275,s1.580584,s308.518319
131_57,s-0.499709,s-3.413618,s104.547263
131_58,s3.134362,s-1.032365,s16.735136
131_59,s-2.080893,s-2.561227,s185.765985
131_60,s2.525674,s-2.200789,s297.958236
131_61,s-2.572826,s-2.222739,s148.980963
131_62,s-3.701542,s-1.058815,s359.141366
131_63,s0.900721,s-3.330346,s173.154876
131_64,s-2.128665,s2.521663,s14.16456
131_65,s1.500152,s-3.162206,s195.526879
131_66,s0.129557,s-3.547635,s129.630534
131_67,s3.239573,s-0.260131,s248.031166
131_68,s-1.362891,s-3.005417,s132.628938
131_69,s-3.074889,s0.393776,s75.084519
131_70,s-3.274326,s-1.723017,s64.665195
131_71,s2.146335,s-2.827675,s150.297604
131_72,s-1.543913,s3.08526,s325.408847
131_73,s2.384008,s3.211932,s58.059383
131_74,s0.954197,s3.263358,s282.436895
131_75,s-3.238542,s1.789371,s171.920817
131_76,s3.528216,s-1.114311,s279.852836
131_77,s0.242373,s3.140662,s5.976925
131_78,s3.165618,s2.445171,s52.380332
131_79,s-0.594792,s3.44909,s335.074057
131_80,s3.790423,s0.674682,s47.746101
131_81,s3.28234,s-1.707701,s257.485009
131_82,s-2.233555,s3.615762,s262.616415
131_83,s0.962294,s3.830991,s316.530336
131_84,s2.507003,s-2.788806,s278.004905
131_85,s-1.071253,s-3.853883,s213.675847
131_86,s-3.63722,s1.100286,s47.100179
131_87,s-2.592469,s3.046162,s92.648657
131_88,s3.297121,s-2.264727,s247.847907
131_89,s2.287782,s-3.341939,s238.776418
131_90,s-3.659059,s-2.061865,s92.429683
131_91,s3.761597,s1.205359,s4.035417
131_92,s-1.722798,s4.048699,s270.930403
131_93,s-2.368359,s-3.40784,s194.435626
131_94,s-3.608204,s2.050211,s354.481168
131_95,s-3.883701,s0.72067,s101.858086
131_96,s3.619644,s2.321245,s334.872717
131_97,s0.790873,s4.429957,s119.390125
131_98,s4.403808,s-0.925459,s353.572996
131_99,s4.146049,s0.671029,s254.799508
131_100,s-3.794542,s0.20359,s127.573646
131_101,s2.949522,s3.059873,s1.870195
131_102,s-3.190818,s-2.807344,s111.860962
131_103,s2.166557,s-3.886969,s233.062158
131_104,s1.604399,s3.718656,s1.899259
131_105,s3.307595,s-3.268381,s335.698308
131_106,s1.645038,s-4.24221,s241.577831
131_107,s4.19738,s-1.622345,s189.096833
131_108,s-4.488406,s-1.00708,s1.903808
131_109,s0.427796,s-4.278667,s74.387053
131_110,s4.204913,s2.099693,s327.982217
131_111,s1.949102,s4.221789,s240.957166
131_112,s4.264544,s1.586241,s233.479404
131_113,s-3.941597,s2.467045,s41.203763
131_114,s-1.474721,s-4.251494,s169.124634
131_115,s-0.870357,s-4.771266,s224.063275
131_116,s-3.094592,s-3.403454,s117.049979
131_117,s-2.669466,s4.049253,s174.150919
131_118,s-4.303484,s1.315303,s150.479946
131_119,s3.889615,s-2.897136,s304.29164
131_120,s-0.686363,s4.244868,s329.015739
131_121,s3.567673,s3.059692,s37.142101
131_122,s-3.265704,s3.310239,s57.468548
131_123,s3.071674,s-3.817698,s180.849631
131_124,s-4.991423,s-0.76694,s173.28726
131_125,s4.950407,s1.748134,s203.595737
131_126,s-2.827687,s-3.816633,s187.991472
131_127,s-4.731013,s0.424278,s82.136033
131_128,s3.80096,s-3.400397,s196.751418
131_129,s-0.730063,s4.845308,s55.515236
131_130,s-4.804723,s1.710157,s173.023405
132_0,s0.0,s0.0,s61.458974
132_1,s-0.087797,s0.492231,s34.479228
132_2,s0.458878,s0.65531,s347.407842
132_3,s0.369948,s-0.2562,s301.022519
132_4,s-0.404414,s-0.294023,s128.840276
132_5,s0.834052,s-0.454816,s262.731028
132_6,s-0.184418,s-0.778454,s224.38473
132_7,s0.819507,s0.480529,s278.525991
132_8,s-0.836532,s0.331986,s27.229171
132_9,s0.973831,s-1.005809,s247.702628
132_10,s-1.028382,s-0.949964,s213.937165
132_11,s-1.046449,s-0.086287,s57.453197
132_12,s0.705015,s1.491795,s17.209855
132_13,s0.254261,s-1.529003,s197.311675
132_14,s-1.353793,s-0.645945,s76.43608
132_15,s-1.456944,s0.661298,s83.771924
132_16,s-0.740772,s1.361527,s111.270673
132_17,s0.97787,s1.001884,s297.463483
132_18,s-0.629273,s1.739688,s1.553225
132_19,s-1.680577,s-1.084278,s101.500223
132_20,s1.623048,s-0.778277,s209.278812
132_21,s-0.833751,s-1.817927,s218.161732
132_22,s-1.916349,s1.179028,s111.169023
132_23,s-1.280872,s1.536023,s66.434036
132_24,s1.613792,s1.638803,s55.371005
132_25,s1.522809,s0.289055,s216.067609
132_26,s0.468313,s2.404825,s40.113282
132_27,s0.69866,s-1.874,s299.844059
132_28,s-1.377234,s-1.650978,s85.32734
132_29,s2.021313,s0.732662,s236.361939
132_30,s-1.197927,s-2.137164,s183.096492
132_31,s-0.802746,s-2.577906,s217.550163
132_32,s0.922671,s-2.269621,s146.629322
132_33,s2.137907,s-0.848146,s297.113569
132_34,s-2.360949,s-0.431182,s73.976505
132_35,s1.488701,s-1.818315,s164.330764
132_36,s-1.012541,s2.285774,s29.456702
132_37,s-2.124458,s1.666337,s88.150672
132_38,s-1.519058,s2.292371,s101.756916
132_39,s2.016567,s1.30133,s0.723876
132_40,s1.10743,s2.296976,s15.110186
132_41,s2.490596,s1.042561,s288.869752
132_42,s-0.484167,s2.554522,s358.622905
132_43,s-2.90154,s0.762278,s3.688647
132_44,s2.109286,s-1.764486,s306.21191
132_45,s-1.886577,s-2.000832,s210.02924
132_46,s1.397116,s2.767321,s326.568391
132_47,s-2.577456,s-1.329181,s167.508644
132_48,s1.969621,s-2.196154,s152.980053
132_49,s2.056015,s2.184674,s24.162355
132_50,s2.829427,s0.341819,s327.874672
132_51,s1.213886,s-2.852452,s111.28805
132_52,s-2.549588,s2.015466,s27.523502
132_53,s2.389854,s1.729479,s318.209469
132_54,s0.298641,s-3.186034,s44.057785
132_55,s-3.148724,s-0.805009,s192.277539
132_56,s3.010275,s1.580584,s308.518319
132_57,s-0.499709,s-3.413618,s104.547263
132_58,s3.134362,s-1.032365,s16.735136
132_59,s-2.080893,s-2.561227,s185.765985
132_60,s2.525674,s-2.200789,s297.958236
132_61,s-2.572826,s-2.222739,s148.980963
132_62,s-3.701542,s-1.058815,s359.141366
132_63,s0.900721,s-3.330346,s173.154876
132_64,s-2.128665,s2.521663,s14.16456
132_65,s1.500152,s-3.162206,s195.526879
132_66,s0.129557,s-3.547635,s129.630534
132_67,s3.239573,s-0.260131,s248.031166
132_68,s-1.362891,s-3.005417,s132.628938
132_69,s-3.074889,s0.393776,s75.084519
132_70,s-3.274326,s-1.723017,s64.665195
132_71,s2.146335,s-2.827675,s150.297604
132_72,s-1.543913,s3.08526,s325.408847
132_73,s2.384008,s3.211932,s58.059383
132_74,s0.954197,s3.263358,s282.436895
132_75,s-3.238542,s1.789371,s171.920817
132_76,s3.528216,s-1.114311,s279.852836
132_77,s0.242373,s3.140662,s5.976925
132_78,s3.165618,s2.445171,s52.380332
132_79,s-0.594792,s3.44909,s335.074057
132_80,s3.790423,s0.674682,s47.746101
132_81,s3.28234,s-1.707701,s257.485009
132_82,s-2.233555,s3.615762,s262.616415
132_83,s0.962294,s3.830991,s316.530336
132_84,s2.507003,s-2.788806,s278.004905
132_85,s-1.071253,s-3.853883,s213.675847
132_86,s-3.63722,s1.100286,s47.100179
132_87,s-2.592469,s3.046162,s92.648657
132_88,s3.297121,s-2.264727,s247.847907
132_89,s2.287782,s-3.341939,s238.776418
132_90,s-3.659059,s-2.061865,s92.429683
132_91,s3.761597,s1.205359,s4.035417
132_92,s-1.722798,s4.048699,s270.930403
132_93,s-2.368359,s-3.40784,s194.435626
132_94,s-3.608204,s2.050211,s354.481168
132_95,s-3.883701,s0.72067,s101.858086
132_96,s3.619644,s2.321245,s334.872717
132_97,s0.790873,s4.429957,s119.390125
132_98,s4.403808,s-0.925459,s353.572996
132_99,s4.146049,s0.671029,s254.799508
132_100,s-3.794542,s0.20359,s127.573646
132_101,s2.949522,s3.059873,s1.870195
132_102,s-3.190818,s-2.807344,s111.860962
132_103,s2.166557,s-3.886969,s233.062158
132_104,s1.604399,s3.718656,s1.899259
132_105,s3.307595,s-3.268381,s335.698308
132_106,s1.645038,s-4.24221,s241.577831
132_107,s4.19738,s-1.622345,s189.096833
132_108,s-4.488406,s-1.00708,s1.903808
132_109,s0.427796,s-4.278667,s74.387053
132_110,s4.204913,s2.099693,s327.982217
132_111,s1.949102,s4.221789,s240.957166
132_112,s4.264544,s1.586241,s233.479404
132_113,s-3.941597,s2.467045,s41.203763
132_114,s-1.474721,s-4.251494,s169.124634
132_115,s-0.870357,s-4.771266,s224.063275
132_116,s-3.094592,s-3.403454,s117.049979
132_117,s-2.669466,s4.049253,s174.150919
132_118,s-4.303484,s1.315303,s150.479946
132_119,s3.889615,s-2.897136,s304.29164
132_120,s-0.686363,s4.244868,s329.015739
132_121,s3.567673,s3.059692,s37.142101
132_122,s-3.265704,s3.310239,s57.468548
132_123,s3.071674,s-3.817698,s180.849631
132_124,s-4.991423,s-0.76694,s173.28726
132_125,s4.950407,s1.748134,s203.595737
132_126,s-2.827687,s-3.816633,s187.991472
132_127,s-4.731013,s0.424278,s82.136033
132_128,s3.80096,s-3.400397,s196.751418
132_129,s-0.730063,s4.845308,s55.515236
132_130,s-4.804723,s1.710157,s173.023405
132_131,s-1.953759,s4.439068,s76.916739
133_0,s0.0,s0.0,s61.458974
133_1,s-0.087797,s0.492231,s34.479228
133_2,s0.458878,s0.65531,s347.407842
133_3,s0.369948,s-0.2562,s301.022519
133_4,s-0.404414,s-0.294023,s128.840276
133_5,s0.834052,s-0.454816,s262.731028
133_6,s-0.184418,s-0.778454,s224.38473
133_7,s0.819507,s0.480529,s278.525991
133_8,s-0.836532,s0.331986,s27.229171
133_9,s0.973831,s-1.005809,s247.702628
133_10,s-1.028382,s-0.949964,s213.937165
133_11,s-1.046449,s-0.086287,s57.453197
133_12,s0.705015,s1.491795,s17.209855
133_13,s0.254261,s-1.529003,s197.311675
133_14,s-1.353793,s-0.645945,s76.43608
133_15,s-1.456944,s0.661298,s83.771924
133_16,s-0.740772,s1.361527,s111.270673
133_17,s0.97787,s1.001884,s297.463483
133_18,s-0.629273,s1.739688,s1.553225
133_19,s-1.680577,s-1.084278,s101.500223
133_20,s1.623048,s-0.778277,s209.278812
133_21,s-0.833751,s-1.817927,s218.161732
133_22,s-1.916349,s1.179028,s111.169023
133_23,s-1.280872,s1.536023,s66.434036
133_24,s1.613792,s1.638803,s55.371005
133_25,s1.522809,s0.289055,s216.067609
133_26,s0.468313,s2.404825,s40.113282
133_27,s0.69866,s-1.874,s299.844059
133_28,s-1.377234,s-1.650978,s85.32734
133_29,s2.021313,s0.732662,s236.361939
133_30,s-1.197927,s-2.137164,s183.096492
133_31,s-0.802746,s-2.577906,s217.550163
133_32,s0.922671,s-2.269621,s146.629322
133_33,s2.137907,s-0.848146,s297.113569
133_34,s-2.360949,s-0.431182,s73.976505
133_35,s1.488701,s-1.818315,s164.330764
133_36,s-1.012541,s2.285774,s29.456702
133_37,s-2.124458,s1.666337,s88.150672
133_38,s-1.519058,s2.292371,s101.756916
133_39,s2.016567,s1.30133,s0.723876
133_40,s1.10743,s2.296976,s15.110186
133_41,s2.490596,s1.042561,s288.869752
133_42,s-0.484167,s2.554522,s358.622905
133_43,s-2.90154,s0.762278,s3.688647
133_44,s2.109286,s-1.764486,s306.21191
133_45,s-1.886577,s-2.000832,s210.02924
133_46,s1.397116,s2.767321,s326.568391
133_47,s-2.577456,s-1.329181,s167.508644
133_48,s1.969621,s-2.196154,s152.980053
133_49,s2.056015,s2.184674,s24.162355
133_50,s2.829427,s0.341819,s327.874672
133_51,s1.213886,s-2.852452,s111.28805
133_52,s-2.549588,s2.015466,s27.523502
133_53,s2.389854,s1.729479,s318.209469
133_54,s0.298641,s-3.186034,s44.057785
133_55,s-3.148724,s-0.805009,s192.277539
133_56,s3.010275,s1.580584,s308.518319
133_57,s-0.499709,s-3.413618,s104.547263
133_58,s3.134362,s-1.032365,s16.735136
133_59,s-2.080893,s-2.561227,s185.765985
133_60,s2.525674,s-2.200789,s297.958236
133_61,s-2.572826,s-2.222739,s148.980963
133_62,s-3.701542,s-1.058815,s359.141366
133_63,s0.900721,s-3.330346,s173.154876
133_64,s-2.128665,s2.521663,s14.16456
133_65,s1.500152,s-3.162206,s195.526879
133_66,s0.129557,s-3.547635,s129.630534
133_67,s3.239573,s-0.260131,s248.031166
133_68,s-1.362891,s-3.005417,s132.628938
133_69,s-3.074889,s0.393776,s75.084519
133_70,s-3.274326,s-1.723017,s64.665195
133_71,s2.146335,s-2.827675,s150.297604
133_72,s-1.543913,s3.08526,s325.408847
133_73,s2.384008,s3.211932,s58.059383
133_74,s0.954197,s3.263358,s282.436895
133_75,s-3.238542,s1.789371,s171.920817
133_76,s3.528216,s-1.114311,s279.852836
133_77,s0.242373,s3.140662,s5.976925
133_78,s3.165618,s2.445171,s52.380332
133_79,s-0.594792,s3.44909,s335.074057
133_80,s3.790423,s0.674682,s47.746101
133_81,s3.28234,s-1.707701,s257.485009
133_82,s-2.233555,s3.615762,s262.616415
133_83,s0.962294,s3.830991,s316.530336
133_84,s2.507003,s-2.788806,s278.004905
133_85,s-1.071253,s-3.853883,s213.675847
133_86,s-3.63722,s1.100286,s47.100179
133_87,s-2.592469,s3.046162,s92.648657
133_88,s3.297121,s-2.264727,s247.847907
133_89,s2.287782,s-3.341939,s238.776418
133_90,s-3.659059,s-2.061865,s92.429683
133_91,s3.761597,s1.205359,s4.035417
133_92,s-1.722798,s4.048699,s270.930403
133_93,s-2.368359,s-3.40784,s194.435626
133_94,s-3.608204,s2.050211,s354.481168
133_95,s-3.883701,s0.72067,s101.858086
133_96,s3.619644,s2.321245,s334.872717
133_97,s0.790873,s4.429957,s119.390125
133_98,s4.403808,s-0.925459,s353.572996
133_99,s4.146049,s0.671029,s254.799508
133_100,s-3.794542,s0.20359,s127.573646
133_101,s2.949522,s3.059873,s1.870195
133_102,s-3.190818,s-2.807344,s111.860962
133_103,s2.166557,s-3.886969,s233.062158
133_104,s1.604399,s3.718656,s1.899259
133_105,s3.307595,s-3.268381,s335.698308
133_106,s1.645038,s-4.24221,s241.577831
133_107,s4.19738,s-1.622345,s189.096833
133_108,s-4.488406,s-1.00708,s1.903808
133_109,s0.427796,s-4.278667,s74.387053
133_110,s4.204913,s2.099693,s327.982217
133_111,s1.949102,s4.221789,s240.957166
133_112,s4.264544,s1.586241,s233.479404
133_113,s-3.941597,s2.467045,s41.203763
133_114,s-1.474721,s-4.251494,s169.124634
133_115,s-0.870357,s-4.771266,s224.063275
133_116,s-3.094592,s-3.403454,s117.049979
133_117,s-2.669466,s4.049253,s174.150919
133_118,s-4.303484,s1.315303,s150.479946
133_119,s3.889615,s-2.897136,s304.29164
133_120,s-0.686363,s4.244868,s329.015739
133_121,s3.567673,s3.059692,s37.142101
133_122,s-3.265704,s3.310239,s57.468548
133_123,s3.071674,s-3.817698,s180.849631
133_124,s-4.991423,s-0.76694,s173.28726
133_125,s4.950407,s1.748134,s203.595737
133_126,s-2.827687,s-3.816633,s187.991472
133_127,s-4.731013,s0.424278,s82.136033
133_128,s3.80096,s-3.400397,s196.751418
133_129,s-0.730063,s4.845308,s55.515236
133_130,s-4.804723,s1.710157,s173.023405
133_131,s-1.953759,s4.439068,s76.916739
133_132,s4.463056,s3.039923,s251.495715
134_0,s0.0,s0.0,s61.458974
134_1,s-0.087797,s0.492231,s34.479228
134_2,s0.458878,s0.65531,s347.407842
134_3,s0.369948,s-0.2562,s301.022519
134_4,s-0.404414,s-0.294023,s128.840276
134_5,s0.834052,s-0.454816,s262.731028
134_6,s-0.184418,s-0.778454,s224.38473
134_7,s0.819507,s0.480529,s278.525991
134_8,s-0.836532,s0.331986,s27.229171
134_9,s0.973831,s-1.005809,s247.702628
134_10,s-1.028382,s-0.949964,s213.937165
134_11,s-1.046449,s-0.086287,s57.453197
134_12,s0.705015,s1.491795,s17.209855
134_13,s0.254261,s-1.529003,s197.311675
134_14,s-1.353793,s-0.645945,s76.43608
134_15,s-1.456944,s0.661298,s83.771924
134_16,s-0.740772,s1.361527,s111.270673
134_17,s0.97787,s1.001884,s297.463483
134_18,s-0.629273,s1.739688,s1.553225
134_19,s-1.680577,s-1.084278,s101.500223
134_20,s1.623048,s-0.778277,s209.278812
134_21,s-0.833751,s-1.817927,s218.161732
134_22,s-1.916349,s1.179028,s111.169023
134_23,s-1.280872,s1.536023,s66.434036
134_24,s1.613792,s1.638803,s55.371005
134_25,s1.522809,s0.289055,s216.067609
134_26,s0.468313,s2.404825,s40.113282
134_27,s0.69866,s-1.874,s299.844059
134_28,s-1.377234,s-1.650978,s85.32734
134_29,s2.021313,s0.732662,s236.361939
134_30,s-1.197927,s-2.137164,s183.096492
134_31,s-0.802746,s-2.577906,s217.550163
134_32,s0.922671,s-2.269621,s146.629322
134_33,s2.137907,s-0.848146,s297.113569
134_34,s-2.360949,s-0.431182,s73.976505
134_35,s1.488701,s-1.818315,s164.330764
134_36,s-1.012541,s2.285774,s29.456702
134_37,s-2.124458,s1.666337,s88.150672
134_38,s-1.519058,s2.292371,s101.756916
134_39,s2.016567,s1.30133,s0.723876
134_40,s1.10743,s2.296976,s15.110186
134_41,s2.490596,s1.042561,s288.869752
134_42,s-0.484167,s2.554522,s358.622905
134_43,s-2.90154,s0.762278,s3.688647
134_44,s2.109286,s-1.764486,s306.21191
134_45,s-1.886577,s-2.000832,s210.02924
134_46,s1.397116,s2.767321,s326.568391
134_47,s-2.577456,s-1.329181,s167.508644
134_48,s1.969621,s-2.196154,s152.980053
134_49,s2.056015,s2.184674,s24.162355
134_50,s2.829427,s0.341819,s327.874672
134_51,s1.213886,s-2.852452,s111.28805
134_52,s-2.549588,s2.015466,s27.523502
134_53,s2.389854,s1.729479,s318.209469
134_54,s0.298641,s-3.186034,s44.057785
134_55,s-3.148724,s-0.805009,s192.277539
134_56,s3.010275,s1.580584,s308.518319
134_57,s-0.499709,s-3.413618,s104.547263
134_58,s3.134362,s-1.032365,s16.735136
134_59,s-2.080893,s-2.561227,s185.765985
134_60,s2.525674,s-2.200789,s297.958236
134_61,s-2.572826,s-2.222739,s148.980963
134_62,s-3.701542,s-1.058815,s359.141366
134_63,s0.900721,s-3.330346,s173.154876
134_64,s-2.128665,s2.521663,s14.16456
134_65,s1.500152,s-3.162206,s195.526879
134_66,s0.129557,s-3.547635,s129.630534
134_67,s3.239573,s-0.260131,s248.031166
134_68,s-1.362891,s-3.005417,s132.628938
134_69,s-3.074889,s0.393776,s75.084519
134_70,s-3.274326,s-1.723017,s64.665195
134_71,s2.146335,s-2.827675,s150.297604
134_72,s-1.543913,s3.08526,s325.408847
134_73,s2.384008,s3.211932,s58.059383
134_74,s0.954197,s3.263358,s282.436895
134_75,s-3.238542,s1.789371,s171.920817
134_76,s3.528216,s-1.114311,s279.852836
134_77,s0.242373,s3.140662,s5.976925
134_78,s3.165618,s2.445171,s52.380332
134_79,s-0.594792,s3.44909,s335.074057
134_80,s3.790423,s0.674682,s47.746101
134_81,s3.28234,s-1.707701,s257.485009
134_82,s-2.233555,s3.615762,s262.616415
134_83,s0.962294,s3.830991,s316.530336
134_84,s2.507003,s-2.788806,s278.004905
134_85,s-1.071253,s-3.853883,s213.675847
134_86,s-3.63722,s1.100286,s47.100179
134_87,s-2.592469,s3.046162,s92.648657
134_88,s3.297121,s-2.264727,s247.847907
134_89,s2.287782,s-3.341939,s238.776418
134_90,s-3.659059,s-2.061865,s92.429683
134_91,s3.761597,s1.205359,s4.035417
134_92,s-1.722798,s4.048699,s270.930403
134_93,s-2.368359,s-3.40784,s194.435626
134_94,s-3.608204,s2.050211,s354.481168
134_95,s-3.883701,s0.72067,s101.858086
134_96,s3.619644,s2.321245,s334.872717
134_97,s0.790873,s4.429957,s119.390125
134_98,s4.403808,s-0.925459,s353.572996
134_99,s4.146049,s0.671029,s254.799508
134_100,s-3.794542,s0.20359,s127.573646
134_101,s2.949522,s3.059873,s1.870195
134_102,s-3.190818,s-2.807344,s111.860962
134_103,s2.166557,s-3.886969,s233.062158
134_104,s1.604399,s3.718656,s1.899259
134_105,s3.307595,s-3.268381,s335.698308
134_106,s1.645038,s-4.24221,s241.577831
134_107,s4.19738,s-1.622345,s189.096833
134_108,s-4.488406,s-1.00708,s1.903808
134_109,s0.427796,s-4.278667,s74.387053
134_110,s4.204913,s2.099693,s327.982217
134_111,s1.949102,s4.221789,s240.957166
134_112,s4.264544,s1.586241,s233.479404
134_113,s-3.941597,s2.467045,s41.203763
134_114,s-1.474721,s-4.251494,s169.124634
134_115,s-0.870357,s-4.771266,s224.063275
134_116,s-3.094592,s-3.403454,s117.049979
134_117,s-2.669466,s4.049253,s174.150919
134_118,s-4.303484,s1.315303,s150.479946
134_119,s3.889615,s-2.897136,s304.29164
134_120,s-0.686363,s4.244868,s329.015739
134_121,s3.567673,s3.059692,s37.142101
134_122,s-3.265704,s3.310239,s57.468548
134_123,s3.071674,s-3.817698,s180.849631
134_124,s-4.991423,s-0.76694,s173.28726
134_125,s4.950407,s1.748134,s203.595737
134_126,s-2.827687,s-3.816633,s187.991472
134_127,s-4.731013,s0.424278,s82.136033
134_128,s3.80096,s-3.400397,s196.751418
134_129,s-0.730063,s4.845308,s55.515236
134_130,s-4.804723,s1.710157,s173.023405
134_131,s-1.953759,s4.439068,s76.916739
134_132,s4.463056,s3.039923,s251.495715
134_133,s1.052164,s-4.169287,s217.990603
135_0,s0.0,s0.0,s61.458974
135_1,s-0.087797,s0.492231,s34.479228
135_2,s0.458878,s0.65531,s347.407842
135_3,s0.369948,s-0.2562,s301.022519
135_4,s-0.404414,s-0.294023,s128.840276
135_5,s0.834052,s-0.454816,s262.731028
135_6,s-0.184418,s-0.778454,s224.38473
135_7,s0.819507,s0.480529,s278.525991
135_8,s-0.836532,s0.331986,s27.229171
135_9,s0.973831,s-1.005809,s247.702628
135_10,s-1.028382,s-0.949964,s213.937165
135_11,s-1.046449,s-0.086287,s57.453197
135_12,s0.705015,s1.491795,s17.209855
135_13,s0.254261,s-1.529003,s197.311675
135_14,s-1.353793,s-0.645945,s76.43608
135_15,s-1.456944,s0.661298,s83.771924
135_16,s-0.740772,s1.361527,s111.270673
135_17,s0.97787,s1.001884,s297.463483
135_18,s-0.629273,s1.739688,s1.553225
135_19,s-1.680577,s-1.084278,s101.500223
135_20,s1.623048,s-0.778277,s209.278812
135_21,s-0.833751,s-1.817927,s218.161732
135_22,s-1.916349,s1.179028,s111.169023
135_23,s-1.280872,s1.536023,s66.434036
135_24,s1.613792,s1.638803,s55.371005
135_25,s1.522809,s0.289055,s216.067609
135_26,s0.468313,s2.404825,s40.113282
135_27,s0.69866,s-1.874,s299.844059
135_28,s-1.377234,s-1.650978,s85.32734
135_29,s2.021313,s0.732662,s236.361939
135_30,s-1.197927,s-2.137164,s183.096492
135_31,s-0.802746,s-2.577906,s217.550163
135_32,s0.922671,s-2.269621,s146.629322
135_33,s2.137907,s-0.848146,s297.113569
135_34,s-2.360949,s-0.431182,s73.976505
135_35,s1.488701,s-1.818315,s164.330764
135_36,s-1.012541,s2.285774,s29.456702
135_37,s-2.124458,s1.666337,s88.150672
135_38,s-1.519058,s2.292371,s101.756916
135_39,s2.016567,s1.30133,s0.723876
135_40,s1.10743,s2.296976,s15.110186
135_41,s2.490596,s1.042561,s288.869752
135_42,s-0.484167,s2.554522,s358.622905
135_43,s-2.90154,s0.762278,s3.688647
135_44,s2.109286,s-1.764486,s306.21191
135_45,s-1.886577,s-2.000832,s210.02924
135_46,s1.397116,s2.767321,s326.568391
135_47,s-2.577456,s-1.329181,s167.508644
135_48,s1.969621,s-2.196154,s152.980053
135_49,s2.056015,s2.184674,s24.162355
135_50,s2.829427,s0.341819,s327.874672
135_51,s1.213886,s-2.852452,s111.28805
135_52,s-2.549588,s2.015466,s27.523502
135_53,s2.389854,s1.729479,s318.209469
135_54,s0.298641,s-3.186034,s44.057785
135_55,s-3.148724,s-0.805009,s192.277539
135_56,s3.010275,s1.580584,s308.518319
135_57,s-0.499709,s-3.413618,s104.547263
135_58,s3.134362,s-1.032365,s16.735136
135_59,s-2.080893,s-2.561227,s185.765985
135_60,s2.525674,s-2.200789,s297.958236
135_61,s-2.572826,s-2.222739,s148.980963
135_62,s-3.701542,s-1.058815,s359.141366
135_63,s0.900721,s-3.330346,s173.154876
135_64,s-2.128665,s2.521663,s14.16456
135_65,s1.500152,s-3.162206,s195.526879
135_66,s0.129557,s-3.547635,s129.630534
135_67,s3.239573,s-0.260131,s248.031166
135_68,s-1.362891,s-3.005417,s132.628938
135_69,s-3.074889,s0.393776,s75.084519
135_70,s-3.274326,s-1.723017,s64.665195
135_71,s2.146335,s-2.827675,s150.297604
135_72,s-1.543913,s3.08526,s325.408847
135_73,s2.384008,s3.211932,s58.059383
135_74,s0.954197,s3.263358,s282.436895
135_75,s-3.238542,s1.789371,s171.920817
135_76,s3.528216,s-1.114311,s279.852836
135_77,s0.242373,s3.140662,s5.976925
135_78,s3.165618,s2.445171,s52.380332
135_79,s-0.594792,s3.44909,s335.074057
135_80,s3.790423,s0.674682,s47.746101
135_81,s3.28234,s-1.707701,s257.485009
135_82,s-2.233555,s3.615762,s262.616415
135_83,s0.962294,s3.830991,s316.530336
135_84,s2.507003,s-2.788806,s278.004905
135_85,s-1.071253,s-3.853883,s213.675847
135_86,s-3.63722,s1.100286,s47.100179
135_87,s-2.592469,s3.046162,s92.648657
135_88,s3.297121,s-2.264727,s247.847907
135_89,s2.287782,s-3.341939,s238.776418
135_90,s-3.659059,s-2.061865,s92.429683
135_91,s3.761597,s1.205359,s4.035417
135_92,s-1.722798,s4.048699,s270.930403
135_93,s-2.368359,s-3.40784,s194.435626
135_94,s-3.608204,s2.050211,s354.481168
135_95,s-3.883701,s0.72067,s101.858086
135_96,s3.619644,s2.321245,s334.872717
135_97,s0.790873,s4.429957,s119.390125
135_98,s4.403808,s-0.925459,s353.572996
135_99,s4.146049,s0.671029,s254.799508
135_100,s-3.794542,s0.20359,s127.573646
135_101,s2.949522,s3.059873,s1.870195
135_102,s-3.190818,s-2.807344,s111.860962
135_103,s2.166557,s-3.886969,s233.062158
135_104,s1.604399,s3.718656,s1.899259
135_105,s3.307595,s-3.268381,s335.698308
135_106,s1.645038,s-4.24221,s241.577831
135_107,s4.19738,s-1.622345,s189.096833
135_108,s-4.488406,s-1.00708,s1.903808
135_109,s0.427796,s-4.278667,s74.387053
135_110,s4.204913,s2.099693,s327.982217
135_111,s1.949102,s4.221789,s240.957166
135_112,s4.264544,s1.586241,s233.479404
135_113,s-3.941597,s2.467045,s41.203763
135_114,s-1.474721,s-4.251494,s169.124634
135_115,s-0.870357,s-4.771266,s224.063275
135_116,s-3.094592,s-3.403454,s117.049979
135_117,s-2.669466,s4.049253,s174.150919
135_118,s-4.303484,s1.315303,s150.479946
135_119,s3.889615,s-2.897136,s304.29164
135_120,s-0.686363,s4.244868,s329.015739
135_121,s3.567673,s3.059692,s37.142101
135_122,s-3.265704,s3.310239,s57.468548
135_123,s3.071674,s-3.817698,s180.849631
135_124,s-4.991423,s-0.76694,s173.28726
135_125,s4.950407,s1.748134,s203.595737
135_126,s-2.827687,s-3.816633,s187.991472
135_127,s-4.731013,s0.424278,s82.136033
135_128,s3.80096,s-3.400397,s196.751418
135_129,s-0.730063,s4.845308,s55.515236
135_130,s-4.804723,s1.710157,s173.023405
135_131,s-1.953759,s4.439068,s76.916739
135_132,s4.463056,s3.039923,s251.495715
135_133,s1.052164,s-4.169287,s217.990603
135_134,s3.250387,s3.864904,s309.106253
136_0,s0.0,s0.0,s61.458974
136_1,s-0.087797,s0.492231,s34.479228
136_2,s0.458878,s0.65531,s347.407842
136_3,s0.369948,s-0.2562,s301.022519
136_4,s-0.404414,s-0.294023,s128.840276
136_5,s0.834052,s-0.454816,s262.731028
136_6,s-0.184418,s-0.778454,s224.38473
136_7,s0.819507,s0.480529,s278.525991
136_8,s-0.836532,s0.331986,s27.229171
136_9,s0.973831,s-1.005809,s247.702628
136_10,s-1.028382,s-0.949964,s213.937165
136_11,s-1.046449,s-0.086287,s57.453197
136_12,s0.705015,s1.491795,s17.209855
136_13,s0.254261,s-1.529003,s197.311675
136_14,s-1.353793,s-0.645945,s76.43608
136_15,s-1.456944,s0.661298,s83.771924
136_16,s-0.740772,s1.361527,s111.270673
136_17,s0.97787,s1.001884,s297.463483
136_18,s-0.629273,s1.739688,s1.553225
136_19,s-1.680577,s-1.084278,s101.500223
136_20,s1.623048,s-0.778277,s209.278812
136_21,s-0.833751,s-1.817927,s218.161732
136_22,s-1.916349,s1.179028,s111.169023
136_23,s-1.280872,s1.536023,s66.434036
136_24,s1.613792,s1.638803,s55.371005
136_25,s1.522809,s0.289055,s216.067609
136_26,s0.468313,s2.404825,s40.113282
136_27,s0.69866,s-1.874,s299.844059
136_28,s-1.377234,s-1.650978,s85.32734
136_29,s2.021313,s0.732662,s236.361939
136_30,s-1.197927,s-2.137164,s183.096492
136_31,s-0.802746,s-2.577906,s217.550163
136_32,s0.922671,s-2.269621,s146.629322
136_33,s2.137907,s-0.848146,s297.113569
136_34,s-2.360949,s-0.431182,s73.976505
136_35,s1.488701,s-1.818315,s164.330764
136_36,s-1.012541,s2.285774,s29.456702
136_37,s-2.124458,s1.666337,s88.150672
136_38,s-1.519058,s2.292371,s101.756916
136_39,s2.016567,s1.30133,s0.723876
136_40,s1.10743,s2.296976,s15.110186
136_41,s2.490596,s1.042561,s288.869752
136_42,s-0.484167,s2.554522,s358.622905
136_43,s-2.90154,s0.762278,s3.688647
136_44,s2.109286,s-1.764486,s306.21191
136_45,s-1.886577,s-2.000832,s210.02924
136_46,s1.397116,s2.767321,s326.568391
136_47,s-2.577456,s-1.329181,s167.508644
136_48,s1.969621,s-2.196154,s152.980053
136_49,s2.056015,s2.184674,s24.162355
136_50,s2.829427,s0.341819,s327.874672
136_51,s1.213886,s-2.852452,s111.28805
136_52,s-2.549588,s2.015466,s27.523502
136_53,s2.389854,s1.729479,s318.209469
136_54,s0.298641,s-3.186034,s44.057785
136_55,s-3.148724,s-0.805009,s192.277539
136_56,s3.010275,s1.580584,s308.518319
136_57,s-0.499709,s-3.413618,s104.547263
136_58,s3.134362,s-1.032365,s16.735136
136_59,s-2.080893,s-2.561227,s185.765985
136_60,s2.525674,s-2.200789,s297.958236
136_61,s-2.572826,s-2.222739,s148.980963
136_62,s-3.701542,s-1.058815,s359.141366
136_63,s0.900721,s-3.330346,s173.154876
136_64,s-2.128665,s2.521663,s14.16456
136_65,s1.500152,s-3.162206,s195.526879
136_66,s0.129557,s-3.547635,s129.630534
136_67,s3.239573,s-0.260131,s248.031166
136_68,s-1.362891,s-3.005417,s132.628938
136_69,s-3.074889,s0.393776,s75.084519
136_70,s-3.274326,s-1.723017,s64.665195
136_71,s2.146335,s-2.827675,s150.297604
136_72,s-1.543913,s3.08526,s325.408847
136_73,s2.384008,s3.211932,s58.059383
136_74,s0.954197,s3.263358,s282.436895
136_75,s-3.238542,s1.789371,s171.920817
136_76,s3.528216,s-1.114311,s279.852836
136_77,s0.242373,s3.140662,s5.976925
136_78,s3.165618,s2.445171,s52.380332
136_79,s-0.594792,s3.44909,s335.074057
136_80,s3.790423,s0.674682,s47.746101
136_81,s3.28234,s-1.707701,s257.485009
136_82,s-2.233555,s3.615762,s262.616415
136_83,s0.962294,s3.830991,s316.530336
136_84,s2.507003,s-2.788806,s278.004905
136_85,s-1.071253,s-3.853883,s213.675847
136_86,s-3.63722,s1.100286,s47.100179
136_87,s-2.592469,s3.046162,s92.648657
136_88,s3.297121,s-2.264727,s247.847907
136_89,s2.287782,s-3.341939,s238.776418
136_90,s-3.659059,s-2.061865,s92.429683
136_91,s3.761597,s1.205359,s4.035417
136_92,s-1.722798,s4.048699,s270.930403
136_93,s-2.368359,s-3.40784,s194.435626
136_94,s-3.608204,s2.050211,s354.481168
136_95,s-3.883701,s0.72067,s101.858086
136_96,s3.619644,s2.321245,s334.872717
136_97,s0.790873,s4.429957,s119.390125
136_98,s4.403808,s-0.925459,s353.572996
136_99,s4.146049,s0.671029,s254.799508
136_100,s-3.794542,s0.20359,s127.573646
136_101,s2.949522,s3.059873,s1.870195
136_102,s-3.190818,s-2.807344,s111.860962
136_103,s2.166557,s-3.886969,s233.062158
136_104,s1.604399,s3.718656,s1.899259
136_105,s3.307595,s-3.268381,s335.698308
136_106,s1.645038,s-4.24221,s241.577831
136_107,s4.19738,s-1.622345,s189.096833
136_108,s-4.488406,s-1.00708,s1.903808
136_109,s0.427796,s-4.278667,s74.387053
136_110,s4.204913,s2.099693,s327.982217
136_111,s1.949102,s4.221789,s240.957166
136_112,s4.264544,s1.586241,s233.479404
136_113,s-3.941597,s2.467045,s41.203763
136_114,s-1.474721,s-4.251494,s169.124634
136_115,s-0.870357,s-4.771266,s224.063275
136_116,s-3.094592,s-3.403454,s117.049979
136_117,s-2.669466,s4.049253,s174.150919
136_118,s-4.303484,s1.315303,s150.479946
136_119,s3.889615,s-2.897136,s304.29164
136_120,s-0.686363,s4.244868,s329.015739
136_121,s3.567673,s3.059692,s37.142101
136_122,s-3.265704,s3.310239,s57.468548
136_123,s3.071674,s-3.817698,s180.849631
136_124,s-4.991423,s-0.76694,s173.28726
136_125,s4.950407,s1.748134,s203.595737
136_126,s-2.827687,s-3.816633,s187.991472
136_127,s-4.731013,s0.424278,s82.136033
136_128,s3.80096,s-3.400397,s196.751418
136_129,s-0.730063,s4.845308,s55.515236
136_130,s-4.804723,s1.710157,s173.023405
136_131,s-1.953759,s4.439068,s76.916739
136_132,s4.463056,s3.039923,s251.495715
136_133,s1.052164,s-4.169287,s217.990603
136_134,s3.250387,s3.864904,s309.106253
136_135,s-4.753671,s2.228253,s337.761822
137_0,s0.0,s0.0,s61.458974
137_1,s-0.087797,s0.492231,s34.479228
137_2,s0.458878,s0.65531,s347.407842
137_3,s0.369948,s-0.2562,s301.022519
137_4,s-0.404414,s-0.294023,s128.840276
137_5,s0.834052,s-0.454816,s262.731028
137_6,s-0.184418,s-0.778454,s224.38473
137_7,s0.819507,s0.480529,s278.525991
137_8,s-0.836532,s0.331986,s27.229171
137_9,s0.973831,s-1.005809,s247.702628
137_10,s-1.028382,s-0.949964,s213.937165
137_11,s-1.046449,s-0.086287,s57.453197
137_12,s0.705015,s1.491795,s17.209855
137_13,s0.254261,s-1.529003,s197.311675
137_14,s-1.353793,s-0.645945,s76.43608
137_15,s-1.456944,s0.661298,s83.771924
137_16,s-0.740772,s1.361527,s111.270673
137_17,s0.97787,s1.001884,s297.463483
137_18,s-0.629273,s1.739688,s1.553225
137_19,s-1.680577,s-1.084278,s101.500223
137_20,s1.623048,s-0.778277,s209.278812
137_21,s-0.833751,s-1.817927,s218.161732
137_22,s-1.916349,s1.179028,s111.169023
137_23,s-1.280872,s1.536023,s66.434036
137_24,s1.613792,s1.638803,s55.371005
137_25,s1.522809,s0.289055,s216.067609
137_26,s0.468313,s2.404825,s40.113282
137_27,s0.69866,s-1.874,s299.844059
137_28,s-1.377234,s-1.650978,s85.32734
137_29,s2.021313,s0.732662,s236.361939
137_30,s-1.197927,s-2.137164,s183.096492
137_31,s-0.802746,s-2.577906,s217.550163
137_32,s0.922671,s-2.269621,s146.629322
137_33,s2.137907,s-0.848146,s297.113569
137_34,s-2.360949,s-0.431182,s73.976505
137_35,s1.488701,s-1.818315,s164.330764
137_36,s-1.012541,s2.285774,s29.456702
137_37,s-2.124458,s1.666337,s88.150672
137_38,s-1.519058,s2.292371,s101.756916
137_39,s2.016567,s1.30133,s0.723876
137_40,s1.10743,s2.296976,s15.110186
137_41,s2.490596,s1.042561,s288.869752
137_42,s-0.484167,s2.554522,s358.622905
137_43,s-2.90154,s0.762278,s3.688647
137_44,s2.109286,s-1.764486,s306.21191
137_45,s-1.886577,s-2.000832,s210.02924
137_46,s1.397116,s2.767321,s326.568391
137_47,s-2.577456,s-1.329181,s167.508644
137_48,s1.969621,s-2.196154,s152.980053
137_49,s2.056015,s2.184674,s24.162355
137_50,s2.829427,s0.341819,s327.874672
137_51,s1.213886,s-2.852452,s111.28805
137_52,s-2.549588,s2.015466,s27.523502
137_53,s2.389854,s1.729479,s318.209469
137_54,s0.298641,s-3.186034,s44.057785
137_55,s-3.148724,s-0.805009,s192.277539
137_56,s3.010275,s1.580584,s308.518319
137_57,s-0.499709,s-3.413618,s104.547263
137_58,s3.134362,s-1.032365,s16.735136
137_59,s-2.080893,s-2.561227,s185.765985
137_60,s2.525674,s-2.200789,s297.958236
137_61,s-2.572826,s-2.222739,s148.980963
137_62,s-3.701542,s-1.058815,s359.141366
137_63,s0.900721,s-3.330346,s173.154876
137_64,s-2.128665,s2.521663,s14.16456
137_65,s1.500152,s-3.162206,s195.526879
137_66,s0.129557,s-3.547635,s129.630534
137_67,s3.239573,s-0.260131,s248.031166
137_68,s-1.362891,s-3.005417,s132.628938
137_69,s-3.074889,s0.393776,s75.084519
137_70,s-3.274326,s-1.723017,s64.665195
137_71,s2.146335,s-2.827675,s150.297604
137_72,s-1.543913,s3.08526,s325.408847
137_73,s2.384008,s3.211932,s58.059383
137_74,s0.954197,s3.263358,s282.436895
137_75,s-3.238542,s1.789371,s171.920817
137_76,s3.528216,s-1.114311,s279.852836
137_77,s0.242373,s3.140662,s5.976925
137_78,s3.165618,s2.445171,s52.380332
137_79,s-0.594792,s3.44909,s335.074057
137_80,s3.790423,s0.674682,s47.746101
137_81,s3.28234,s-1.707701,s257.485009
137_82,s-2.233555,s3.615762,s262.616415
137_83,s0.962294,s3.830991,s316.530336
137_84,s2.507003,s-2.788806,s278.004905
137_85,s-1.071253,s-3.853883,s213.675847
137_86,s-3.63722,s1.100286,s47.100179
137_87,s-2.592469,s3.046162,s92.648657
137_88,s3.297121,s-2.264727,s247.847907
137_89,s2.287782,s-3.341939,s238.776418
137_90,s-3.659059,s-2.061865,s92.429683
137_91,s3.761597,s1.205359,s4.035417
137_92,s-1.722798,s4.048699,s270.930403
137_93,s-2.368359,s-3.40784,s194.435626
137_94,s-3.608204,s2.050211,s354.481168
137_95,s-3.883701,s0.72067,s101.858086
137_96,s3.619644,s2.321245,s334.872717
137_97,s0.790873,s4.429957,s119.390125
137_98,s4.403808,s-0.925459,s353.572996
137_99,s4.146049,s0.671029,s254.799508
137_100,s-3.794542,s0.20359,s127.573646
137_101,s2.949522,s3.059873,s1.870195
137_102,s-3.190818,s-2.807344,s111.860962
137_103,s2.166557,s-3.886969,s233.062158
137_104,s1.604399,s3.718656,s1.899259
137_105,s3.307595,s-3.268381,s335.698308
137_106,s1.645038,s-4.24221,s241.577831
137_107,s4.19738,s-1.622345,s189.096833
137_108,s-4.488406,s-1.00708,s1.903808
137_109,s0.427796,s-4.278667,s74.387053
137_110,s4.204913,s2.099693,s327.982217
137_111,s1.949102,s4.221789,s240.957166
137_112,s4.264544,s1.586241,s233.479404
137_113,s-3.941597,s2.467045,s41.203763
137_114,s-1.474721,s-4.251494,s169.124634
137_115,s-0.870357,s-4.771266,s224.063275
137_116,s-3.094592,s-3.403454,s117.049979
137_117,s-2.669466,s4.049253,s174.150919
137_118,s-4.303484,s1.315303,s150.479946
137_119,s3.889615,s-2.897136,s304.29164
137_120,s-0.686363,s4.244868,s329.015739
137_121,s3.567673,s3.059692,s37.142101
137_122,s-3.265704,s3.310239,s57.468548
137_123,s3.071674,s-3.817698,s180.849631
137_124,s-4.991423,s-0.76694,s173.28726
137_125,s4.950407,s1.748134,s203.595737
137_126,s-2.827687,s-3.816633,s187.991472
137_127,s-4.731013,s0.424278,s82.136033
137_128,s3.80096,s-3.400397,s196.751418
137_129,s-0.730063,s4.845308,s55.515236
137_130,s-4.804723,s1.710157,s173.023405
137_131,s-1.953759,s4.439068,s76.916739
137_132,s4.463056,s3.039923,s251.495715
137_133,s1.052164,s-4.169287,s217.990603
137_134,s3.250387,s3.864904,s309.106253
137_135,s-4.753671,s2.228253,s337.761822
137_136,s-4.496772,s-2.29816,s102.110863
138_0,s0.0,s0.0,s61.458974
138_1,s-0.087797,s0.492231,s34.479228
138_2,s0.458878,s0.65531,s347.407842
138_3,s0.369948,s-0.2562,s301.022519
138_4,s-0.404414,s-0.294023,s128.840276
138_5,s0.834052,s-0.454816,s262.731028
138_6,s-0.184418,s-0.778454,s224.38473
138_7,s0.819507,s0.480529,s278.525991
138_8,s-0.836532,s0.331986,s27.229171
138_9,s0.973831,s-1.005809,s247.702628
138_10,s-1.028382,s-0.949964,s213.937165
138_11,s-1.046449,s-0.086287,s57.453197
138_12,s0.705015,s1.491795,s17.209855
138_13,s0.254261,s-1.529003,s197.311675
138_14,s-1.353793,s-0.645945,s76.43608
138_15,s-1.456944,s0.661298,s83.771924
138_16,s-0.740772,s1.361527,s111.270673
138_17,s0.97787,s1.001884,s297.463483
138_18,s-0.629273,s1.739688,s1.553225
138_19,s-1.680577,s-1.084278,s101.500223
138_20,s1.623048,s-0.778277,s209.278812
138_21,s-0.833751,s-1.817927,s218.161732
138_22,s-1.916349,s1.179028,s111.169023
138_23,s-1.280872,s1.536023,s66.434036
138_24,s1.613792,s1.638803,s55.371005
138_25,s1.522809,s0.289055,s216.067609
138_26,s0.468313,s2.404825,s40.113282
138_27,s0.69866,s-1.874,s299.844059
138_28,s-1.377234,s-1.650978,s85.32734
138_29,s2.021313,s0.732662,s236.361939
138_30,s-1.197927,s-2.137164,s183.096492
138_31,s-0.802746,s-2.577906,s217.550163
138_32,s0.922671,s-2.269621,s146.629322
138_33,s2.137907,s-0.848146,s297.113569
138_34,s-2.360949,s-0.431182,s73.976505
138_35,s1.488701,s-1.818315,s164.330764
138_36,s-1.012541,s2.285774,s29.456702
138_37,s-2.124458,s1.666337,s88.150672
138_38,s-1.519058,s2.292371,s101.756916
138_39,s2.016567,s1.30133,s0.723876
138_40,s1.10743,s2.296976,s15.110186
138_41,s2.490596,s1.042561,s288.869752
138_42,s-0.484167,s2.554522,s358.622905
138_43,s-2.90154,s0.762278,s3.688647
138_44,s2.109286,s-1.764486,s306.21191
138_45,s-1.886577,s-2.000832,s210.02924
138_46,s1.397116,s2.767321,s326.568391
138_47,s-2.577456,s-1.329181,s167.508644
138_48,s1.969621,s-2.196154,s152.980053
138_49,s2.056015,s2.184674,s24.162355
138_50,s2.829427,s0.341819,s327.874672
138_51,s1.213886,s-2.852452,s111.28805
138_52,s-2.549588,s2.015466,s27.523502
138_53,s2.389854,s1.729479,s318.209469
138_54,s0.298641,s-3.186034,s44.057785
138_55,s-3.148724,s-0.805009,s192.277539
138_56,s3.010275,s1.580584,s308.518319
138_57,s-0.499709,s-3.413618,s104.547263
138_58,s3.134362,s-1.032365,s16.735136
138_59,s-2.080893,s-2.561227,s185.765985
138_60,s2.525674,s-2.200789,s297.958236
138_61,s-2.572826,s-2.222739,s148.980963
138_62,s-3.701542,s-1.058815,s359.141366
138_63,s0.900721,s-3.330346,s173.154876
138_64,s-2.128665,s2.521663,s14.16456
138_65,s1.500152,s-3.162206,s195.526879
138_66,s0.129557,s-3.547635,s129.630534
138_67,s3.239573,s-0.260131,s248.031166
138_68,s-1.362891,s-3.005417,s132.628938
138_69,s-3.074889,s0.393776,s75.084519
138_70,s-3.274326,s-1.723017,s64.665195
138_71,s2.146335,s-2.827675,s150.297604
138_72,s-1.543913,s3.08526,s325.408847
138_73,s2.384008,s3.211932,s58.059383
138_74,s0.954197,s3.263358,s282.436895
138_75,s-3.238542,s1.789371,s171.920817
138_76,s3.528216,s-1.114311,s279.852836
138_77,s0.242373,s3.140662,s5.976925
138_78,s3.165618,s2.445171,s52.380332
138_79,s-0.594792,s3.44909,s335.074057
138_80,s3.790423,s0.674682,s47.746101
138_81,s3.28234,s-1.707701,s257.485009
138_82,s-2.233555,s3.615762,s262.616415
138_83,s0.962294,s3.830991,s316.530336
138_84,s2.507003,s-2.788806,s278.004905
138_85,s-1.071253,s-3.853883,s213.675847
138_86,s-3.63722,s1.100286,s47.100179
138_87,s-2.592469,s3.046162,s92.648657
138_88,s3.297121,s-2.264727,s247.847907
138_89,s2.287782,s-3.341939,s238.776418
138_90,s-3.659059,s-2.061865,s92.429683
138_91,s3.761597,s1.205359,s4.035417
138_92,s-1.722798,s4.048699,s270.930403
138_93,s-2.368359,s-3.40784,s194.435626
138_94,s-3.608204,s2.050211,s354.481168
138_95,s-3.883701,s0.72067,s101.858086
138_96,s3.619644,s2.321245,s334.872717
138_97,s0.790873,s4.429957,s119.390125
138_98,s4.403808,s-0.925459,s353.572996
138_99,s4.146049,s0.671029,s254.799508
138_100,s-3.794542,s0.20359,s127.573646
138_101,s2.949522,s3.059873,s1.870195
138_102,s-3.190818,s-2.807344,s111.860962
138_103,s2.166557,s-3.886969,s233.062158
138_104,s1.604399,s3.718656,s1.899259
138_105,s3.307595,s-3.268381,s335.698308
138_106,s1.645038,s-4.24221,s241.577831
138_107,s4.19738,s-1.622345,s189.096833
138_108,s-4.488406,s-1.00708,s1.903808
138_109,s0.427796,s-4.278667,s74.387053
138_110,s4.204913,s2.099693,s327.982217
138_111,s1.949102,s4.221789,s240.957166
138_112,s4.264544,s1.586241,s233.479404
138_113,s-3.941597,s2.467045,s41.203763
138_114,s-1.474721,s-4.251494,s169.124634
138_115,s-0.870357,s-4.771266,s224.063275
138_116,s-3.094592,s-3.403454,s117.049979
138_117,s-2.669466,s4.049253,s174.150919
138_118,s-4.303484,s1.315303,s150.479946
138_119,s3.889615,s-2.897136,s304.29164
138_120,s-0.686363,s4.244868,s329.015739
138_121,s3.567673,s3.059692,s37.142101
138_122,s-3.265704,s3.310239,s57.468548
138_123,s3.071674,s-3.817698,s180.849631
138_124,s-4.991423,s-0.76694,s173.28726
138_125,s4.950407,s1.748134,s203.595737
138_126,s-2.827687,s-3.816633,s187.991472
138_127,s-4.731013,s0.424278,s82.136033
138_128,s3.80096,s-3.400397,s196.751418
138_129,s-0.730063,s4.845308,s55.515236
138_130,s-4.804723,s1.710157,s173.023405
138_131,s-1.953759,s4.439068,s76.916739
138_132,s4.463056,s3.039923,s251.495715
138_133,s1.052164,s-4.169287,s217.990603
138_134,s3.250387,s3.864904,s309.106253
138_135,s-4.753671,s2.228253,s337.761822
138_136,s-4.496772,s-2.29816,s102.110863
138_137,s4.582708,s-2.238032,s286.887177
139_0,s0.0,s0.0,s61.458974
139_1,s-0.087797,s0.492231,s34.479228
139_2,s0.458878,s0.65531,s347.407842
139_3,s0.369948,s-0.2562,s301.022519
139_4,s-0.404414,s-0.294023,s128.840276
139_5,s0.834052,s-0.454816,s262.731028
139_6,s-0.184418,s-0.778454,s224.38473
139_7,s0.819507,s0.480529,s278.525991
139_8,s-0.836532,s0.331986,s27.229171
139_9,s0.973831,s-1.005809,s247.702628
139_10,s-1.028382,s-0.949964,s213.937165
139_11,s-1.046449,s-0.086287,s57.453197
139_12,s0.705015,s1.491795,s17.209855
139_13,s0.254261,s-1.529003,s197.311675
139_14,s-1.353793,s-0.645945,s76.43608
139_15,s-1.456944,s0.661298,s83.771924
139_16,s-0.740772,s1.361527,s111.270673
139_17,s0.97787,s1.001884,s297.463483
139_18,s-0.629273,s1.739688,s1.553225
139_19,s-1.680577,s-1.084278,s101.500223
139_20,s1.623048,s-0.778277,s209.278812
139_21,s-0.833751,s-1.817927,s218.161732
139_22,s-1.916349,s1.179028,s111.169023
139_23,s-1.280872,s1.536023,s66.434036
139_24,s1.613792,s1.638803,s55.371005
139_25,s1.522809,s0.289055,s216.067609
139_26,s0.468313,s2.404825,s40.113282
139_27,s0.69866,s-1.874,s299.844059
139_28,s-1.377234,s-1.650978,s85.32734
139_29,s2.021313,s0.732662,s236.361939
139_30,s-1.197927,s-2.137164,s183.096492
139_31,s-0.802746,s-2.577906,s217.550163
139_32,s0.922671,s-2.269621,s146.629322
139_33,s2.137907,s-0.848146,s297.113569
139_34,s-2.360949,s-0.431182,s73.976505
139_35,s1.488701,s-1.818315,s164.330764
139_36,s-1.012541,s2.285774,s29.456702
139_37,s-2.124458,s1.666337,s88.150672
139_38,s-1.519058,s2.292371,s101.756916
139_39,s2.016567,s1.30133,s0.723876
139_40,s1.10743,s2.296976,s15.110186
139_41,s2.490596,s1.042561,s288.869752
139_42,s-0.484167,s2.554522,s358.622905
139_43,s-2.90154,s0.762278,s3.688647
139_44,s2.109286,s-1.764486,s306.21191
139_45,s-1.886577,s-2.000832,s210.02924
139_46,s1.397116,s2.767321,s326.568391
139_47,s-2.577456,s-1.329181,s167.508644
139_48,s1.969621,s-2.196154,s152.980053
139_49,s2.056015,s2.184674,s24.162355
139_50,s2.829427,s0.341819,s327.874672
139_51,s1.213886,s-2.852452,s111.28805
139_52,s-2.549588,s2.015466,s27.523502
139_53,s2.389854,s1.729479,s318.209469
139_54,s0.298641,s-3.186034,s44.057785
139_55,s-3.148724,s-0.805009,s192.277539
139_56,s3.010275,s1.580584,s308.518319
139_57,s-0.499709,s-3.413618,s104.547263
139_58,s3.134362,s-1.032365,s16.735136
139_59,s-2.080893,s-2.561227,s185.765985
139_60,s2.525674,s-2.200789,s297.958236
139_61,s-2.572826,s-2.222739,s148.980963
139_62,s-3.701542,s-1.058815,s359.141366
139_63,s0.900721,s-3.330346,s173.154876
139_64,s-2.128665,s2.521663,s14.16456
139_65,s1.500152,s-3.162206,s195.526879
139_66,s0.129557,s-3.547635,s129.630534
139_67,s3.239573,s-0.260131,s248.031166
139_68,s-1.362891,s-3.005417,s132.628938
139_69,s-3.074889,s0.393776,s75.084519
139_70,s-3.274326,s-1.723017,s64.665195
139_71,s2.146335,s-2.827675,s150.297604
139_72,s-1.543913,s3.08526,s325.408847
139_73,s2.384008,s3.211932,s58.059383
139_74,s0.954197,s3.263358,s282.436895
139_75,s-3.238542,s1.789371,s171.920817
139_76,s3.528216,s-1.114311,s279.852836
139_77,s0.242373,s3.140662,s5.976925
139_78,s3.165618,s2.445171,s52.380332
139_79,s-0.594792,s3.44909,s335.074057
139_80,s3.790423,s0.674682,s47.746101
139_81,s3.28234,s-1.707701,s257.485009
139_82,s-2.233555,s3.615762,s262.616415
139_83,s0.962294,s3.830991,s316.530336
139_84,s2.507003,s-2.788806,s278.004905
139_85,s-1.071253,s-3.853883,s213.675847
139_86,s-3.63722,s1.100286,s47.100179
139_87,s-2.592469,s3.046162,s92.648657
139_88,s3.297121,s-2.264727,s247.847907
139_89,s2.287782,s-3.341939,s238.776418
139_90,s-3.659059,s-2.061865,s92.429683
139_91,s3.761597,s1.205359,s4.035417
139_92,s-1.722798,s4.048699,s270.930403
139_93,s-2.368359,s-3.40784,s194.435626
139_94,s-3.608204,s2.050211,s354.481168
139_95,s-3.883701,s0.72067,s101.858086
139_96,s3.619644,s2.321245,s334.872717
139_97,s0.790873,s4.429957,s119.390125
139_98,s4.403808,s-0.925459,s353.572996
139_99,s4.146049,s0.671029,s254.799508
139_100,s-3.794542,s0.20359,s127.573646
139_101,s2.949522,s3.059873,s1.870195
139_102,s-3.190818,s-2.807344,s111.860962
139_103,s2.166557,s-3.886969,s233.062158
139_104,s1.604399,s3.718656,s1.899259
139_105,s3.307595,s-3.268381,s335.698308
139_106,s1.645038,s-4.24221,s241.577831
139_107,s4.19738,s-1.622345,s189.096833
139_108,s-4.488406,s-1.00708,s1.903808
139_109,s0.427796,s-4.278667,s74.387053
139_110,s4.204913,s2.099693,s327.982217
139_111,s1.949102,s4.221789,s240.957166
139_112,s4.264544,s1.586241,s233.479404
139_113,s-3.941597,s2.467045,s41.203763
139_114,s-1.474721,s-4.251494,s169.124634
139_115,s-0.870357,s-4.771266,s224.063275
139_116,s-3.094592,s-3.403454,s117.049979
139_117,s-2.669466,s4.049253,s174.150919
139_118,s-4.303484,s1.315303,s150.479946
139_119,s3.889615,s-2.897136,s304.29164
139_120,s-0.686363,s4.244868,s329.015739
139_121,s3.567673,s3.059692,s37.142101
139_122,s-3.265704,s3.310239,s57.468548
139_123,s3.071674,s-3.817698,s180.849631
139_124,s-4.991423,s-0.76694,s173.28726
139_125,s4.950407,s1.748134,s203.595737
139_126,s-2.827687,s-3.816633,s187.991472
139_127,s-4.731013,s0.424278,s82.136033
139_128,s3.80096,s-3.400397,s196.751418
139_129,s-0.730063,s4.845308,s55.515236
139_130,s-4.804723,s1.710157,s173.023405
139_131,s-1.953759,s4.439068,s76.916739
139_132,s4.463056,s3.039923,s251.495715
139_133,s1.052164,s-4.169287,s217.990603
139_134,s3.250387,s3.864904,s309.106253
139_135,s-4.753671,s2.228253,s337.761822
139_136,s-4.496772,s-2.29816,s102.110863
139_137,s4.582708,s-2.238032,s286.887177
139_138,s-2.245938,s-4.411152,s190.317511
140_0,s0.0,s0.0,s61.458974
140_1,s-0.087797,s0.492231,s34.479228
140_2,s0.458878,s0.65531,s347.407842
140_3,s0.369948,s-0.2562,s301.022519
140_4,s-0.404414,s-0.294023,s128.840276
140_5,s0.834052,s-0.454816,s262.731028
140_6,s-0.184418,s-0.778454,s224.38473
140_7,s0.819507,s0.480529,s278.525991
140_8,s-0.836532,s0.331986,s27.229171
140_9,s0.973831,s-1.005809,s247.702628
140_10,s-1.028382,s-0.949964,s213.937165
140_11,s-1.046449,s-0.086287,s57.453197
140_12,s0.705015,s1.491795,s17.209855
140_13,s0.254261,s-1.529003,s197.311675
140_14,s-1.353793,s-0.645945,s76.43608
140_15,s-1.456944,s0.661298,s83.771924
140_16,s-0.740772,s1.361527,s111.270673
140_17,s0.97787,s1.001884,s297.463483
140_18,s-0.629273,s1.739688,s1.553225
140_19,s-1.680577,s-1.084278,s101.500223
140_20,s1.623048,s-0.778277,s209.278812
140_21,s-0.833751,s-1.817927,s218.161732
140_22,s-1.916349,s1.179028,s111.169023
140_23,s-1.280872,s1.536023,s66.434036
140_24,s1.613792,s1.638803,s55.371005
140_25,s1.522809,s0.289055,s216.067609
140_26,s0.468313,s2.404825,s40.113282
140_27,s0.69866,s-1.874,s299.844059
140_28,s-1.377234,s-1.650978,s85.32734
140_29,s2.021313,s0.732662,s236.361939
140_30,s-1.197927,s-2.137164,s183.096492
140_31,s-0.802746,s-2.577906,s217.550163
140_32,s0.922671,s-2.269621,s146.629322
140_33,s2.137907,s-0.848146,s297.113569
140_34,s-2.360949,s-0.431182,s73.976505
140_35,s1.488701,s-1.818315,s164.330764
140_36,s-1.012541,s2.285774,s29.456702
140_37,s-2.124458,s1.666337,s88.150672
140_38,s-1.519058,s2.292371,s101.756916
140_39,s2.016567,s1.30133,s0.723876
140_40,s1.10743,s2.296976,s15.110186
140_41,s2.490596,s1.042561,s288.869752
140_42,s-0.484167,s2.554522,s358.622905
140_43,s-2.90154,s0.762278,s3.688647
140_44,s2.109286,s-1.764486,s306.21191
140_45,s-1.886577,s-2.000832,s210.02924
140_46,s1.397116,s2.767321,s326.568391
140_47,s-2.577456,s-1.329181,s167.508644
140_48,s1.969621,s-2.196154,s152.980053
140_49,s2.056015,s2.184674,s24.162355
140_50,s2.829427,s0.341819,s327.874672
140_51,s1.213886,s-2.852452,s111.28805
140_52,s-2.549588,s2.015466,s27.523502
140_53,s2.389854,s1.729479,s318.209469
140_54,s0.298641,s-3.186034,s44.057785
140_55,s-3.148724,s-0.805009,s192.277539
140_56,s3.010275,s1.580584,s308.518319
140_57,s-0.499709,s-3.413618,s104.547263
140_58,s3.134362,s-1.032365,s16.735136
140_59,s-2.080893,s-2.561227,s185.765985
140_60,s2.525674,s-2.200789,s297.958236
140_61,s-2.572826,s-2.222739,s148.980963
140_62,s-3.701542,s-1.058815,s359.141366
140_63,s0.900721,s-3.330346,s173.154876
140_64,s-2.128665,s2.521663,s14.16456
140_65,s1.500152,s-3.162206,s195.526879
140_66,s0.129557,s-3.547635,s129.630534
140_67,s3.239573,s-0.260131,s248.031166
140_68,s-1.362891,s-3.005417,s132.628938
140_69,s-3.074889,s0.393776,s75.084519
140_70,s-3.274326,s-1.723017,s64.665195
140_71,s2.146335,s-2.827675,s150.297604
140_72,s-1.543913,s3.08526,s325.408847
140_73,s2.384008,s3.211932,s58.059383
140_74,s0.954197,s3.263358,s282.436895
140_75,s-3.238542,s1.789371,s171.920817
140_76,s3.528216,s-1.114311,s279.852836
140_77,s0.242373,s3.140662,s5.976925
140_78,s3.165618,s2.445171,s52.380332
140_79,s-0.594792,s3.44909,s335.074057
140_80,s3.790423,s0.674682,s47.746101
140_81,s3.28234,s-1.707701,s257.485009
140_82,s-2.233555,s3.615762,s262.616415
140_83,s0.962294,s3.830991,s316.530336
140_84,s2.507003,s-2.788806,s278.004905
140_85,s-1.071253,s-3.853883,s213.675847
140_86,s-3.63722,s1.100286,s47.100179
140_87,s-2.592469,s3.046162,s92.648657
140_88,s3.297121,s-2.264727,s247.847907
140_89,s2.287782,s-3.341939,s238.776418
140_90,s-3.659059,s-2.061865,s92.429683
140_91,s3.761597,s1.205359,s4.035417
140_92,s-1.722798,s4.048699,s270.930403
140_93,s-2.368359,s-3.40784,s194.435626
140_94,s-3.608204,s2.050211,s354.481168
140_95,s-3.883701,s0.72067,s101.858086
140_96,s3.619644,s2.321245,s334.872717
140_97,s0.790873,s4.429957,s119.390125
140_98,s4.403808,s-0.925459,s353.572996
140_99,s4.146049,s0.671029,s254.799508
140_100,s-3.794542,s0.20359,s127.573646
140_101,s2.949522,s3.059873,s1.870195
140_102,s-3.190818,s-2.807344,s111.860962
140_103,s2.166557,s-3.886969,s233.062158
140_104,s1.604399,s3.718656,s1.899259
140_105,s3.307595,s-3.268381,s335.698308
140_106,s1.645038,s-4.24221,s241.577831
140_107,s4.19738,s-1.622345,s189.096833
140_108,s-4.488406,s-1.00708,s1.903808
140_109,s0.427796,s-4.278667,s74.387053
140_110,s4.204913,s2.099693,s327.982217
140_111,s1.949102,s4.221789,s240.957166
140_112,s4.264544,s1.586241,s233.479404
140_113,s-3.941597,s2.467045,s41.203763
140_114,s-1.474721,s-4.251494,s169.124634
140_115,s-0.870357,s-4.771266,s224.063275
140_116,s-3.094592,s-3.403454,s117.049979
140_117,s-2.669466,s4.049253,s174.150919
140_118,s-4.303484,s1.315303,s150.479946
140_119,s3.889615,s-2.897136,s304.29164
140_120,s-0.686363,s4.244868,s329.015739
140_121,s3.567673,s3.059692,s37.142101
140_122,s-3.265704,s3.310239,s57.468548
140_123,s3.071674,s-3.817698,s180.849631
140_124,s-4.991423,s-0.76694,s173.28726
140_125,s4.950407,s1.748134,s203.595737
140_126,s-2.827687,s-3.816633,s187.991472
140_127,s-4.731013,s0.424278,s82.136033
140_128,s3.80096,s-3.400397,s196.751418
140_129,s-0.730063,s4.845308,s55.515236
140_130,s-4.804723,s1.710157,s173.023405
140_131,s-1.953759,s4.439068,s76.916739
140_132,s4.463056,s3.039923,s251.495715
140_133,s1.052164,s-4.169287,s217.990603
140_134,s3.250387,s3.864904,s309.106253
140_135,s-4.753671,s2.228253,s337.761822
140_136,s-4.496772,s-2.29816,s102.110863
140_137,s4.582708,s-2.238032,s286.887177
140_138,s-2.245938,s-4.411152,s190.317511
140_139,s1.624321,s-4.887134,s170.79628
141_0,s0.0,s0.0,s61.458974
141_1,s-0.087797,s0.492231,s34.479228
141_2,s0.458878,s0.65531,s347.407842
141_3,s0.369948,s-0.2562,s301.022519
141_4,s-0.404414,s-0.294023,s128.840276
141_5,s0.834052,s-0.454816,s262.731028
141_6,s-0.184418,s-0.778454,s224.38473
141_7,s0.819507,s0.480529,s278.525991
141_8,s-0.836532,s0.331986,s27.229171
141_9,s0.973831,s-1.005809,s247.702628
141_10,s-1.028382,s-0.949964,s213.937165
141_11,s-1.046449,s-0.086287,s57.453197
141_12,s0.705015,s1.491795,s17.209855
141_13,s0.254261,s-1.529003,s197.311675
141_14,s-1.353793,s-0.645945,s76.43608
141_15,s-1.456944,s0.661298,s83.771924
141_16,s-0.740772,s1.361527,s111.270673
141_17,s0.97787,s1.001884,s297.463483
141_18,s-0.629273,s1.739688,s1.553225
141_19,s-1.680577,s-1.084278,s101.500223
141_20,s1.623048,s-0.778277,s209.278812
141_21,s-0.833751,s-1.817927,s218.161732
141_22,s-1.916349,s1.179028,s111.169023
141_23,s-1.280872,s1.536023,s66.434036
141_24,s1.613792,s1.638803,s55.371005
141_25,s1.522809,s0.289055,s216.067609
141_26,s0.468313,s2.404825,s40.113282
141_27,s0.69866,s-1.874,s299.844059
141_28,s-1.377234,s-1.650978,s85.32734
141_29,s2.021313,s0.732662,s236.361939
141_30,s-1.197927,s-2.137164,s183.096492
141_31,s-0.802746,s-2.577906,s217.550163
141_32,s0.922671,s-2.269621,s146.629322
141_33,s2.137907,s-0.848146,s297.113569
141_34,s-2.360949,s-0.431182,s73.976505
141_35,s1.488701,s-1.818315,s164.330764
141_36,s-1.012541,s2.285774,s29.456702
141_37,s-2.124458,s1.666337,s88.150672
141_38,s-1.519058,s2.292371,s101.756916
141_39,s2.016567,s1.30133,s0.723876
141_40,s1.10743,s2.296976,s15.110186
141_41,s2.490596,s1.042561,s288.869752
141_42,s-0.484167,s2.554522,s358.622905
141_43,s-2.90154,s0.762278,s3.688647
141_44,s2.109286,s-1.764486,s306.21191
141_45,s-1.886577,s-2.000832,s210.02924
141_46,s1.397116,s2.767321,s326.568391
141_47,s-2.577456,s-1.329181,s167.508644
141_48,s1.969621,s-2.196154,s152.980053
141_49,s2.056015,s2.184674,s24.162355
141_50,s2.829427,s0.341819,s327.874672
141_51,s1.213886,s-2.852452,s111.28805
141_52,s-2.549588,s2.015466,s27.523502
141_53,s2.389854,s1.729479,s318.209469
141_54,s0.298641,s-3.186034,s44.057785
141_55,s-3.148724,s-0.805009,s192.277539
141_56,s3.010275,s1.580584,s308.518319
141_57,s-0.499709,s-3.413618,s104.547263
141_58,s3.134362,s-1.032365,s16.735136
141_59,s-2.080893,s-2.561227,s185.765985
141_60,s2.525674,s-2.200789,s297.958236
141_61,s-2.572826,s-2.222739,s148.980963
141_62,s-3.701542,s-1.058815,s359.141366
141_63,s0.900721,s-3.330346,s173.154876
141_64,s-2.128665,s2.521663,s14.16456
141_65,s1.500152,s-3.162206,s195.526879
141_66,s0.129557,s-3.547635,s129.630534
141_67,s3.239573,s-0.260131,s248.031166
141_68,s-1.362891,s-3.005417,s132.628938
141_69,s-3.074889,s0.393776,s75.084519
141_70,s-3.274326,s-1.723017,s64.665195
141_71,s2.146335,s-2.827675,s150.297604
141_72,s-1.543913,s3.08526,s325.408847
141_73,s2.384008,s3.211932,s58.059383
141_74,s0.954197,s3.263358,s282.436895
141_75,s-3.238542,s1.789371,s171.920817
141_76,s3.528216,s-1.114311,s279.852836
141_77,s0.242373,s3.140662,s5.976925
141_78,s3.165618,s2.445171,s52.380332
141_79,s-0.594792,s3.44909,s335.074057
141_80,s3.790423,s0.674682,s47.746101
141_81,s3.28234,s-1.707701,s257.485009
141_82,s-2.233555,s3.615762,s262.616415
141_83,s0.962294,s3.830991,s316.530336
141_84,s2.507003,s-2.788806,s278.004905
141_85,s-1.071253,s-3.853883,s213.675847
141_86,s-3.63722,s1.100286,s47.100179
141_87,s-2.592469,s3.046162,s92.648657
141_88,s3.297121,s-2.264727,s247.847907
141_89,s2.287782,s-3.341939,s238.776418
141_90,s-3.659059,s-2.061865,s92.429683
141_91,s3.761597,s1.205359,s4.035417
141_92,s-1.722798,s4.048699,s270.930403
141_93,s-2.368359,s-3.40784,s194.435626
141_94,s-3.608204,s2.050211,s354.481168
141_95,s-3.883701,s0.72067,s101.858086
141_96,s3.619644,s2.321245,s334.872717
141_97,s0.790873,s4.429957,s119.390125
141_98,s4.403808,s-0.925459,s353.572996
141_99,s4.146049,s0.671029,s254.799508
141_100,s-3.794542,s0.20359,s127.573646
141_101,s2.949522,s3.059873,s1.870195
141_102,s-3.190818,s-2.807344,s111.860962
141_103,s2.166557,s-3.886969,s233.062158
141_104,s1.604399,s3.718656,s1.899259
141_105,s3.307595,s-3.268381,s335.698308
141_106,s1.645038,s-4.24221,s241.577831
141_107,s4.19738,s-1.622345,s189.096833
141_108,s-4.488406,s-1.00708,s1.903808
141_109,s0.427796,s-4.278667,s74.387053
141_110,s4.204913,s2.099693,s327.982217
141_111,s1.949102,s4.221789,s240.957166
141_112,s4.264544,s1.586241,s233.479404
141_113,s-3.941597,s2.467045,s41.203763
141_114,s-1.474721,s-4.251494,s169.124634
141_115,s-0.870357,s-4.771266,s224.063275
141_116,s-3.094592,s-3.403454,s117.049979
141_117,s-2.669466,s4.049253,s174.150919
141_118,s-4.303484,s1.315303,s150.479946
141_119,s3.889615,s-2.897136,s304.29164
141_120,s-0.686363,s4.244868,s329.015739
141_121,s3.567673,s3.059692,s37.142101
141_122,s-3.265704,s3.310239,s57.468548
141_123,s3.071674,s-3.817698,s180.849631
141_124,s-4.991423,s-0.76694,s173.28726
141_125,s4.950407,s1.748134,s203.595737
141_126,s-2.827687,s-3.816633,s187.991472
141_127,s-4.731013,s0.424278,s82.136033
141_128,s3.80096,s-3.400397,s196.751418
141_129,s-0.730063,s4.845308,s55.515236
141_130,s-4.804723,s1.710157,s173.023405
141_131,s-1.953759,s4.439068,s76.916739
141_132,s4.463056,s3.039923,s251.495715
141_133,s1.052164,s-4.169287,s217.990603
141_134,s3.250387,s3.864904,s309.106253
141_135,s-4.753671,s2.228253,s337.761822
141_136,s-4.496772,s-2.29816,s102.110863
141_137,s4.582708,s-2.238032,s286.887177
141_138,s-2.245938,s-4.411152,s190.317511
141_139,s1.624321,s-4.887134,s170.79628
141_140,s0.78701,s-4.887035,s73.310976
142_0,s0.0,s0.0,s61.458974
142_1,s-0.087797,s0.492231,s34.479228
142_2,s0.458878,s0.65531,s347.407842
142_3,s0.369948,s-0.2562,s301.022519
142_4,s-0.404414,s-0.294023,s128.840276
142_5,s0.834052,s-0.454816,s262.731028
142_6,s-0.184418,s-0.778454,s224.38473
142_7,s0.819507,s0.480529,s278.525991
142_8,s-0.836532,s0.331986,s27.229171
142_9,s0.973831,s-1.005809,s247.702628
142_10,s-1.028382,s-0.949964,s213.937165
142_11,s-1.046449,s-0.086287,s57.453197
142_12,s0.705015,s1.491795,s17.209855
142_13,s0.254261,s-1.529003,s197.311675
142_14,s-1.353793,s-0.645945,s76.43608
142_15,s-1.456944,s0.661298,s83.771924
142_16,s-0.740772,s1.361527,s111.270673
142_17,s0.97787,s1.001884,s297.463483
142_18,s-0.629273,s1.739688,s1.553225
142_19,s-1.680577,s-1.084278,s101.500223
142_20,s1.623048,s-0.778277,s209.278812
142_21,s-0.833751,s-1.817927,s218.161732
142_22,s-1.916349,s1.179028,s111.169023
142_23,s-1.280872,s1.536023,s66.434036
142_24,s1.613792,s1.638803,s55.371005
142_25,s1.522809,s0.289055,s216.067609
142_26,s0.468313,s2.404825,s40.113282
142_27,s0.69866,s-1.874,s299.844059
142_28,s-1.377234,s-1.650978,s85.32734
142_29,s2.021313,s0.732662,s236.361939
142_30,s-1.197927,s-2.137164,s183.096492
142_31,s-0.802746,s-2.577906,s217.550163
142_32,s0.922671,s-2.269621,s146.629322
142_33,s2.137907,s-0.848146,s297.113569
142_34,s-2.360949,s-0.431182,s73.976505
142_35,s1.488701,s-1.818315,s164.330764
142_36,s-1.012541,s2.285774,s29.456702
142_37,s-2.124458,s1.666337,s88.150672
142_38,s-1.519058,s2.292371,s101.756916
142_39,s2.016567,s1.30133,s0.723876
142_40,s1.10743,s2.296976,s15.110186
142_41,s2.490596,s1.042561,s288.869752
142_42,s-0.484167,s2.554522,s358.622905
142_43,s-2.90154,s0.762278,s3.688647
142_44,s2.109286,s-1.764486,s306.21191
142_45,s-1.886577,s-2.000832,s210.02924
142_46,s1.397116,s2.767321,s326.568391
142_47,s-2.577456,s-1.329181,s167.508644
142_48,s1.969621,s-2.196154,s152.980053
142_49,s2.056015,s2.184674,s24.162355
142_50,s2.829427,s0.341819,s327.874672
142_51,s1.213886,s-2.852452,s111.28805
142_52,s-2.549588,s2.015466,s27.523502
142_53,s2.389854,s1.729479,s318.209469
142_54,s0.298641,s-3.186034,s44.057785
142_55,s-3.148724,s-0.805009,s192.277539
142_56,s3.010275,s1.580584,s308.518319
142_57,s-0.499709,s-3.413618,s104.547263
142_58,s3.134362,s-1.032365,s16.735136
142_59,s-2.080893,s-2.561227,s185.765985
142_60,s2.525674,s-2.200789,s297.958236
142_61,s-2.572826,s-2.222739,s148.980963
142_62,s-3.701542,s-1.058815,s359.141366
142_63,s0.900721,s-3.330346,s173.154876
142_64,s-2.128665,s2.521663,s14.16456
142_65,s1.500152,s-3.162206,s195.526879
142_66,s0.129557,s-3.547635,s129.630534
142_67,s3.239573,s-0.260131,s248.031166
142_68,s-1.362891,s-3.005417,s132.628938
142_69,s-3.074889,s0.393776,s75.084519
142_70,s-3.274326,s-1.723017,s64.665195
142_71,s2.146335,s-2.827675,s150.297604
142_72,s-1.543913,s3.08526,s325.408847
142_73,s2.384008,s3.211932,s58.059383
142_74,s0.954197,s3.263358,s282.436895
142_75,s-3.238542,s1.789371,s171.920817
142_76,s3.528216,s-1.114311,s279.852836
142_77,s0.242373,s3.140662,s5.976925
142_78,s3.165618,s2.445171,s52.380332
142_79,s-0.594792,s3.44909,s335.074057
142_80,s3.790423,s0.674682,s47.746101
142_81,s3.28234,s-1.707701,s257.485009
142_82,s-2.233555,s3.615762,s262.616415
142_83,s0.962294,s3.830991,s316.530336
142_84,s2.507003,s-2.788806,s278.004905
142_85,s-1.071253,s-3.853883,s213.675847
142_86,s-3.63722,s1.100286,s47.100179
142_87,s-2.592469,s3.046162,s92.648657
142_88,s3.297121,s-2.264727,s247.847907
142_89,s2.287782,s-3.341939,s238.776418
142_90,s-3.659059,s-2.061865,s92.429683
142_91,s3.761597,s1.205359,s4.035417
142_92,s-1.722798,s4.048699,s270.930403
142_93,s-2.368359,s-3.40784,s194.435626
142_94,s-3.608204,s2.050211,s354.481168
142_95,s-3.883701,s0.72067,s101.858086
142_96,s3.619644,s2.321245,s334.872717
142_97,s0.790873,s4.429957,s119.390125
142_98,s4.403808,s-0.925459,s353.572996
142_99,s4.146049,s0.671029,s254.799508
142_100,s-3.794542,s0.20359,s127.573646
142_101,s2.949522,s3.059873,s1.870195
142_102,s-3.190818,s-2.807344,s111.860962
142_103,s2.166557,s-3.886969,s233.062158
142_104,s1.604399,s3.718656,s1.899259
142_105,s3.307595,s-3.268381,s335.698308
142_106,s1.645038,s-4.24221,s241.577831
142_107,s4.19738,s-1.622345,s189.096833
142_108,s-4.488406,s-1.00708,s1.903808
142_109,s0.427796,s-4.278667,s74.387053
142_110,s4.204913,s2.099693,s327.982217
142_111,s1.949102,s4.221789,s240.957166
142_112,s4.264544,s1.586241,s233.479404
142_113,s-3.941597,s2.467045,s41.203763
142_114,s-1.474721,s-4.251494,s169.124634
142_115,s-0.870357,s-4.771266,s224.063275
142_116,s-3.094592,s-3.403454,s117.049979
142_117,s-2.669466,s4.049253,s174.150919
142_118,s-4.303484,s1.315303,s150.479946
142_119,s3.889615,s-2.897136,s304.29164
142_120,s-0.686363,s4.244868,s329.015739
142_121,s3.567673,s3.059692,s37.142101
142_122,s-3.265704,s3.310239,s57.468548
142_123,s3.071674,s-3.817698,s180.849631
142_124,s-4.991423,s-0.76694,s173.28726
142_125,s4.950407,s1.748134,s203.595737
142_126,s-2.827687,s-3.816633,s187.991472
142_127,s-4.731013,s0.424278,s82.136033
142_128,s3.80096,s-3.400397,s196.751418
142_129,s-0.730063,s4.845308,s55.515236
142_130,s-4.804723,s1.710157,s173.023405
142_131,s-1.953759,s4.439068,s76.916739
142_132,s4.463056,s3.039923,s251.495715
142_133,s1.052164,s-4.169287,s217.990603
142_134,s3.250387,s3.864904,s309.106253
142_135,s-4.753671,s2.228253,s337.761822
142_136,s-4.496772,s-2.29816,s102.110863
142_137,s4.582708,s-2.238032,s286.887177
142_138,s-2.245938,s-4.411152,s190.317511
142_139,s1.624321,s-4.887134,s170.79628
142_140,s0.78701,s-4.887035,s73.310976
142_141,s-4.208089,s-3.139186,s328.354983
143_0,s0.0,s0.0,s61.458974
143_1,s-0.087797,s0.492231,s34.479228
143_2,s0.458878,s0.65531,s347.407842
143_3,s0.369948,s-0.2562,s301.022519
143_4,s-0.404414,s-0.294023,s128.840276
143_5,s0.834052,s-0.454816,s262.731028
143_6,s-0.184418,s-0.778454,s224.38473
143_7,s0.819507,s0.480529,s278.525991
143_8,s-0.836532,s0.331986,s27.229171
143_9,s0.973831,s-1.005809,s247.702628
143_10,s-1.028382,s-0.949964,s213.937165
143_11,s-1.046449,s-0.086287,s57.453197
143_12,s0.705015,s1.491795,s17.209855
143_13,s0.254261,s-1.529003,s197.311675
143_14,s-1.353793,s-0.645945,s76.43608
143_15,s-1.456944,s0.661298,s83.771924
143_16,s-0.740772,s1.361527,s111.270673
143_17,s0.97787,s1.001884,s297.463483
143_18,s-0.629273,s1.739688,s1.553225
143_19,s-1.680577,s-1.084278,s101.500223
143_20,s1.623048,s-0.778277,s209.278812
143_21,s-0.833751,s-1.817927,s218.161732
143_22,s-1.916349,s1.179028,s111.169023
143_23,s-1.280872,s1.536023,s66.434036
143_24,s1.613792,s1.638803,s55.371005
143_25,s1.522809,s0.289055,s216.067609
143_26,s0.468313,s2.404825,s40.113282
143_27,s0.69866,s-1.874,s299.844059
143_28,s-1.377234,s-1.650978,s85.32734
143_29,s2.021313,s0.732662,s236.361939
143_30,s-1.197927,s-2.137164,s183.096492
143_31,s-0.802746,s-2.577906,s217.550163
143_32,s0.922671,s-2.269621,s146.629322
143_33,s2.137907,s-0.848146,s297.113569
143_34,s-2.360949,s-0.431182,s73.976505
143_35,s1.488701,s-1.818315,s164.330764
143_36,s-1.012541,s2.285774,s29.456702
143_37,s-2.124458,s1.666337,s88.150672
143_38,s-1.519058,s2.292371,s101.756916
143_39,s2.016567,s1.30133,s0.723876
143_40,s1.10743,s2.296976,s15.110186
143_41,s2.490596,s1.042561,s288.869752
143_42,s-0.484167,s2.554522,s358.622905
143_43,s-2.90154,s0.762278,s3.688647
143_44,s2.109286,s-1.764486,s306.21191
143_45,s-1.886577,s-2.000832,s210.02924
143_46,s1.397116,s2.767321,s326.568391
143_47,s-2.577456,s-1.329181,s167.508644
143_48,s1.969621,s-2.196154,s152.980053
143_49,s2.056015,s2.184674,s24.162355
143_50,s2.829427,s0.341819,s327.874672
143_51,s1.213886,s-2.852452,s111.28805
143_52,s-2.549588,s2.015466,s27.523502
143_53,s2.389854,s1.729479,s318.209469
143_54,s0.298641,s-3.186034,s44.057785
143_55,s-3.148724,s-0.805009,s192.277539
143_56,s3.010275,s1.580584,s308.518319
143_57,s-0.499709,s-3.413618,s104.547263
143_58,s3.134362,s-1.032365,s16.735136
143_59,s-2.080893,s-2.561227,s185.765985
143_60,s2.525674,s-2.200789,s297.958236
143_61,s-2.572826,s-2.222739,s148.980963
143_62,s-3.701542,s-1.058815,s359.141366
143_63,s0.900721,s-3.330346,s173.154876
143_64,s-2.128665,s2.521663,s14.16456
143_65,s1.500152,s-3.162206,s195.526879
143_66,s0.129557,s-3.547635,s129.630534
143_67,s3.239573,s-0.260131,s248.031166
143_68,s-1.362891,s-3.005417,s132.628938
143_69,s-3.074889,s0.393776,s75.084519
143_70,s-3.274326,s-1.723017,s64.665195
143_71,s2.146335,s-2.827675,s150.297604
143_72,s-1.543913,s3.08526,s325.408847
143_73,s2.384008,s3.211932,s58.059383
143_74,s0.954197,s3.263358,s282.436895
143_75,s-3.238542,s1.789371,s171.920817
143_76,s3.528216,s-1.114311,s279.852836
143_77,s0.242373,s3.140662,s5.976925
143_78,s3.165618,s2.445171,s52.380332
143_79,s-0.594792,s3.44909,s335.074057
143_80,s3.790423,s0.674682,s47.746101
143_81,s3.28234,s-1.707701,s257.485009
143_82,s-2.233555,s3.615762,s262.616415
143_83,s0.962294,s3.830991,s316.530336
143_84,s2.507003,s-2.788806,s278.004905
143_85,s-1.071253,s-3.853883,s213.675847
143_86,s-3.63722,s1.100286,s47.100179
143_87,s-2.592469,s3.046162,s92.648657
143_88,s3.297121,s-2.264727,s247.847907
143_89,s2.287782,s-3.341939,s238.776418
143_90,s-3.659059,s-2.061865,s92.429683
143_91,s3.761597,s1.205359,s4.035417
143_92,s-1.722798,s4.048699,s270.930403
143_93,s-2.368359,s-3.40784,s194.435626
143_94,s-3.608204,s2.050211,s354.481168
143_95,s-3.883701,s0.72067,s101.858086
143_96,s3.619644,s2.321245,s334.872717
143_97,s0.790873,s4.429957,s119.390125
143_98,s4.403808,s-0.925459,s353.572996
143_99,s4.146049,s0.671029,s254.799508
143_100,s-3.794542,s0.20359,s127.573646
143_101,s2.949522,s3.059873,s1.870195
143_102,s-3.190818,s-2.807344,s111.860962
143_103,s2.166557,s-3.886969,s233.062158
143_104,s1.604399,s3.718656,s1.899259
143_105,s3.307595,s-3.268381,s335.698308
143_106,s1.645038,s-4.24221,s241.577831
143_107,s4.19738,s-1.622345,s189.096833
143_108,s-4.488406,s-1.00708,s1.903808
143_109,s0.427796,s-4.278667,s74.387053
143_110,s4.204913,s2.099693,s327.982217
143_111,s1.949102,s4.221789,s240.957166
143_112,s4.264544,s1.586241,s233.479404
143_113,s-3.941597,s2.467045,s41.203763
143_114,s-1.474721,s-4.251494,s169.124634
143_115,s-0.870357,s-4.771266,s224.063275
143_116,s-3.094592,s-3.403454,s117.049979
143_117,s-2.669466,s4.049253,s174.150919
143_118,s-4.303484,s1.315303,s150.479946
143_119,s3.889615,s-2.897136,s304.29164
143_120,s-0.686363,s4.244868,s329.015739
143_121,s3.567673,s3.059692,s37.142101
143_122,s-3.265704,s3.310239,s57.468548
143_123,s3.071674,s-3.817698,s180.849631
143_124,s-4.991423,s-0.76694,s173.28726
143_125,s4.950407,s1.748134,s203.595737
143_126,s-2.827687,s-3.816633,s187.991472
143_127,s-4.731013,s0.424278,s82.136033
143_128,s3.80096,s-3.400397,s196.751418
143_129,s-0.730063,s4.845308,s55.515236
143_130,s-4.804723,s1.710157,s173.023405
143_131,s-1.953759,s4.439068,s76.916739
143_132,s4.463056,s3.039923,s251.495715
143_133,s1.052164,s-4.169287,s217.990603
143_134,s3.250387,s3.864904,s309.106253
143_135,s-4.753671,s2.228253,s337.761822
143_136,s-4.496772,s-2.29816,s102.110863
143_137,s4.582708,s-2.238032,s286.887177
143_138,s-2.245938,s-4.411152,s190.317511
143_139,s1.624321,s-4.887134,s170.79628
143_140,s0.78701,s-4.887035,s73.310976
143_141,s-4.208089,s-3.139186,s328.354983
143_142,s2.380055,s4.847199,s182.968775
144_0,s0.0,s0.0,s61.458974
144_1,s-0.087797,s0.492231,s34.479228
144_2,s0.458878,s0.65531,s347.407842
144_3,s0.369948,s-0.2562,s301.022519
144_4,s-0.404414,s-0.294023,s128.840276
144_5,s0.834052,s-0.454816,s262.731028
144_6,s-0.184418,s-0.778454,s224.38473
144_7,s0.819507,s0.480529,s278.525991
144_8,s-0.836532,s0.331986,s27.229171
144_9,s0.973831,s-1.005809,s247.702628
144_10,s-1.028382,s-0.949964,s213.937165
144_11,s-1.046449,s-0.086287,s57.453197
144_12,s0.705015,s1.491795,s17.209855
144_13,s0.254261,s-1.529003,s197.311675
144_14,s-1.353793,s-0.645945,s76.43608
144_15,s-1.456944,s0.661298,s83.771924
144_16,s-0.740772,s1.361527,s111.270673
144_17,s0.97787,s1.001884,s297.463483
144_18,s-0.629273,s1.739688,s1.553225
144_19,s-1.680577,s-1.084278,s101.500223
144_20,s1.623048,s-0.778277,s209.278812
144_21,s-0.833751,s-1.817927,s218.161732
144_22,s-1.916349,s1.179028,s111.169023
144_23,s-1.280872,s1.536023,s66.434036
144_24,s1.613792,s1.638803,s55.371005
144_25,s1.522809,s0.289055,s216.067609
144_26,s0.468313,s2.404825,s40.113282
144_27,s0.69866,s-1.874,s299.844059
144_28,s-1.377234,s-1.650978,s85.32734
144_29,s2.021313,s0.732662,s236.361939
144_30,s-1.197927,s-2.137164,s183.096492
144_31,s-0.802746,s-2.577906,s217.550163
144_32,s0.922671,s-2.269621,s146.629322
144_33,s2.137907,s-0.848146,s297.113569
144_34,s-2.360949,s-0.431182,s73.976505
144_35,s1.488701,s-1.818315,s164.330764
144_36,s-1.012541,s2.285774,s29.456702
144_37,s-2.124458,s1.666337,s88.150672
144_38,s-1.519058,s2.292371,s101.756916
144_39,s2.016567,s1.30133,s0.723876
144_40,s1.10743,s2.296976,s15.110186
144_41,s2.490596,s1.042561,s288.869752
144_42,s-0.484167,s2.554522,s358.622905
144_43,s-2.90154,s0.762278,s3.688647
144_44,s2.109286,s-1.764486,s306.21191
144_45,s-1.886577,s-2.000832,s210.02924
144_46,s1.397116,s2.767321,s326.568391
144_47,s-2.577456,s-1.329181,s167.508644
144_48,s1.969621,s-2.196154,s152.980053
144_49,s2.056015,s2.184674,s24.162355
144_50,s2.829427,s0.341819,s327.874672
144_51,s1.213886,s-2.852452,s111.28805
144_52,s-2.549588,s2.015466,s27.523502
144_53,s2.389854,s1.729479,s318.209469
144_54,s0.298641,s-3.186034,s44.057785
144_55,s-3.148724,s-0.805009,s192.277539
144_56,s3.010275,s1.580584,s308.518319
144_57,s-0.499709,s-3.413618,s104.547263
144_58,s3.134362,s-1.032365,s16.735136
144_59,s-2.080893,s-2.561227,s185.765985
144_60,s2.525674,s-2.200789,s297.958236
144_61,s-2.572826,s-2.222739,s148.980963
144_62,s-3.701542,s-1.058815,s359.141366
144_63,s0.900721,s-3.330346,s173.154876
144_64,s-2.128665,s2.521663,s14.16456
144_65,s1.500152,s-3.162206,s195.526879
144_66,s0.129557,s-3.547635,s129.630534
144_67,s3.239573,s-0.260131,s248.031166
144_68,s-1.362891,s-3.005417,s132.628938
144_69,s-3.074889,s0.393776,s75.084519
144_70,s-3.274326,s-1.723017,s64.665195
144_71,s2.146335,s-2.827675,s150.297604
144_72,s-1.543913,s3.08526,s325.408847
144_73,s2.384008,s3.211932,s58.059383
144_74,s0.954197,s3.263358,s282.436895
144_75,s-3.238542,s1.789371,s171.920817
144_76,s3.528216,s-1.114311,s279.852836
144_77,s0.242373,s3.140662,s5.976925
144_78,s3.165618,s2.445171,s52.380332
144_79,s-0.594792,s3.44909,s335.074057
144_80,s3.790423,s0.674682,s47.746101
144_81,s3.28234,s-1.707701,s257.485009
144_82,s-2.233555,s3.615762,s262.616415
144_83,s0.962294,s3.830991,s316.530336
144_84,s2.507003,s-2.788806,s278.004905
144_85,s-1.071253,s-3.853883,s213.675847
144_86,s-3.63722,s1.100286,s47.100179
144_87,s-2.592469,s3.046162,s92.648657
144_88,s3.297121,s-2.264727,s247.847907
144_89,s2.287782,s-3.341939,s238.776418
144_90,s-3.659059,s-2.061865,s92.429683
144_91,s3.761597,s1.205359,s4.035417
144_92,s-1.722798,s4.048699,s270.930403
144_93,s-2.368359,s-3.40784,s194.435626
144_94,s-3.608204,s2.050211,s354.481168
144_95,s-3.883701,s0.72067,s101.858086
144_96,s3.619644,s2.321245,s334.872717
144_97,s0.790873,s4.429957,s119.390125
144_98,s4.403808,s-0.925459,s353.572996
144_99,s4.146049,s0.671029,s254.799508
144_100,s-3.794542,s0.20359,s127.573646
144_101,s2.949522,s3.059873,s1.870195
144_102,s-3.190818,s-2.807344,s111.860962
144_103,s2.166557,s-3.886969,s233.062158
144_104,s1.604399,s3.718656,s1.899259
144_105,s3.307595,s-3.268381,s335.698308
144_106,s1.645038,s-4.24221,s241.577831
144_107,s4.19738,s-1.622345,s189.096833
144_108,s-4.488406,s-1.00708,s1.903808
144_109,s0.427796,s-4.278667,s74.387053
144_110,s4.204913,s2.099693,s327.982217
144_111,s1.949102,s4.221789,s240.957166
144_112,s4.264544,s1.586241,s233.479404
144_113,s-3.941597,s2.467045,s41.203763
144_114,s-1.474721,s-4.251494,s169.124634
144_115,s-0.870357,s-4.771266,s224.063275
144_116,s-3.094592,s-3.403454,s117.049979
144_117,s-2.669466,s4.049253,s174.150919
144_118,s-4.303484,s1.315303,s150.479946
144_119,s3.889615,s-2.897136,s304.29164
144_120,s-0.686363,s4.244868,s329.015739
144_121,s3.567673,s3.059692,s37.142101
144_122,s-3.265704,s3.310239,s57.468548
144_123,s3.071674,s-3.817698,s180.849631
144_124,s-4.991423,s-0.76694,s173.28726
144_125,s4.950407,s1.748134,s203.595737
144_126,s-2.827687,s-3.816633,s187.991472
144_127,s-4.731013,s0.424278,s82.136033
144_128,s3.80096,s-3.400397,s196.751418
144_129,s-0.730063,s4.845308,s55.515236
144_130,s-4.804723,s1.710157,s173.023405
144_131,s-1.953759,s4.439068,s76.916739
144_132,s4.463056,s3.039923,s251.495715
144_133,s1.052164,s-4.169287,s217.990603
144_134,s3.250387,s3.864904,s309.106253
144_135,s-4.753671,s2.228253,s337.761822
144_136,s-4.496772,s-2.29816,s102.110863
144_137,s4.582708,s-2.238032,s286.887177
144_138,s-2.245938,s-4.411152,s190.317511
144_139,s1.624321,s-4.887134,s170.79628
144_140,s0.78701,s-4.887035,s73.310976
144_141,s-4.208089,s-3.139186,s328.354983
144_142,s2.380055,s4.847199,s182.968775
144_143,s1.030458,s-5.249824,s137.212473
145_0,s0.0,s0.0,s61.458974
145_1,s-0.087797,s0.492231,s34.479228
145_2,s0.458878,s0.65531,s347.407842
145_3,s0.369948,s-0.2562,s301.022519
145_4,s-0.404414,s-0.294023,s128.840276
145_5,s0.834052,s-0.454816,s262.731028
145_6,s-0.184418,s-0.778454,s224.38473
145_7,s0.819507,s0.480529,s278.525991
145_8,s-0.836532,s0.331986,s27.229171
145_9,s0.973831,s-1.005809,s247.702628
145_10,s-1.028382,s-0.949964,s213.937165
145_11,s-1.046449,s-0.086287,s57.453197
145_12,s0.705015,s1.491795,s17.209855
145_13,s0.254261,s-1.529003,s197.311675
145_14,s-1.353793,s-0.645945,s76.43608
145_15,s-1.456944,s0.661298,s83.771924
145_16,s-0.740772,s1.361527,s111.270673
145_17,s0.97787,s1.001884,s297.463483
145_18,s-0.629273,s1.739688,s1.553225
145_19,s-1.680577,s-1.084278,s101.500223
145_20,s1.623048,s-0.778277,s209.278812
145_21,s-0.833751,s-1.817927,s218.161732
145_22,s-1.916349,s1.179028,s111.169023
145_23,s-1.280872,s1.536023,s66.434036
145_24,s1.613792,s1.638803,s55.371005
145_25,s1.522809,s0.289055,s216.067609
145_26,s0.468313,s2.404825,s40.113282
145_27,s0.69866,s-1.874,s299.844059
145_28,s-1.377234,s-1.650978,s85.32734
145_29,s2.021313,s0.732662,s236.361939
145_30,s-1.197927,s-2.137164,s183.096492
145_31,s-0.802746,s-2.577906,s217.550163
145_32,s0.922671,s-2.269621,s146.629322
145_33,s2.137907,s-0.848146,s297.113569
145_34,s-2.360949,s-0.431182,s73.976505
145_35,s1.488701,s-1.818315,s164.330764
145_36,s-1.012541,s2.285774,s29.456702
145_37,s-2.124458,s1.666337,s88.150672
145_38,s-1.519058,s2.292371,s101.756916
145_39,s2.016567,s1.30133,s0.723876
145_40,s1.10743,s2.296976,s15.110186
145_41,s2.490596,s1.042561,s288.869752
145_42,s-0.484167,s2.554522,s358.622905
145_43,s-2.90154,s0.762278,s3.688647
145_44,s2.109286,s-1.764486,s306.21191
145_45,s-1.886577,s-2.000832,s210.02924
145_46,s1.397116,s2.767321,s326.568391
145_47,s-2.577456,s-1.329181,s167.508644
145_48,s1.969621,s-2.196154,s152.980053
145_49,s2.056015,s2.184674,s24.162355
145_50,s2.829427,s0.341819,s327.874672
145_51,s1.213886,s-2.852452,s111.28805
145_52,s-2.549588,s2.015466,s27.523502
145_53,s2.389854,s1.729479,s318.209469
145_54,s0.298641,s-3.186034,s44.057785
145_55,s-3.148724,s-0.805009,s192.277539
145_56,s3.010275,s1.580584,s308.518319
145_57,s-0.499709,s-3.413618,s104.547263
145_58,s3.134362,s-1.032365,s16.735136
145_59,s-2.080893,s-2.561227,s185.765985
145_60,s2.525674,s-2.200789,s297.958236
145_61,s-2.572826,s-2.222739,s148.980963
145_62,s-3.701542,s-1.058815,s359.141366
145_63,s0.900721,s-3.330346,s173.154876
145_64,s-2.128665,s2.521663,s14.16456
145_65,s1.500152,s-3.162206,s195.526879
145_66,s0.129557,s-3.547635,s129.630534
145_67,s3.239573,s-0.260131,s248.031166
145_68,s-1.362891,s-3.005417,s132.628938
145_69,s-3.074889,s0.393776,s75.084519
145_70,s-3.274326,s-1.723017,s64.665195
145_71,s2.146335,s-2.827675,s150.297604
145_72,s-1.543913,s3.08526,s325.408847
145_73,s2.384008,s3.211932,s58.059383
145_74,s0.954197,s3.263358,s282.436895
145_75,s-3.238542,s1.789371,s171.920817
145_76,s3.528216,s-1.114311,s279.852836
145_77,s0.242373,s3.140662,s5.976925
145_78,s3.165618,s2.445171,s52.380332
145_79,s-0.594792,s3.44909,s335.074057
145_80,s3.790423,s0.674682,s47.746101
145_81,s3.28234,s-1.707701,s257.485009
145_82,s-2.233555,s3.615762,s262.616415
145_83,s0.962294,s3.830991,s316.530336
145_84,s2.507003,s-2.788806,s278.004905
145_85,s-1.071253,s-3.853883,s213.675847
145_86,s-3.63722,s1.100286,s47.100179
145_87,s-2.592469,s3.046162,s92.648657
145_88,s3.297121,s-2.264727,s247.847907
145_89,s2.287782,s-3.341939,s238.776418
145_90,s-3.659059,s-2.061865,s92.429683
145_91,s3.761597,s1.205359,s4.035417
145_92,s-1.722798,s4.048699,s270.930403
145_93,s-2.368359,s-3.40784,s194.435626
145_94,s-3.608204,s2.050211,s354.481168
145_95,s-3.883701,s0.72067,s101.858086
145_96,s3.619644,s2.321245,s334.872717
145_97,s0.790873,s4.429957,s119.390125
145_98,s4.403808,s-0.925459,s353.572996
145_99,s4.146049,s0.671029,s254.799508
145_100,s-3.794542,s0.20359,s127.573646
145_101,s2.949522,s3.059873,s1.870195
145_102,s-3.190818,s-2.807344,s111.860962
145_103,s2.166557,s-3.886969,s233.062158
145_104,s1.604399,s3.718656,s1.899259
145_105,s3.307595,s-3.268381,s335.698308
145_106,s1.645038,s-4.24221,s241.577831
145_107,s4.19738,s-1.622345,s189.096833
145_108,s-4.488406,s-1.00708,s1.903808
145_109,s0.427796,s-4.278667,s74.387053
145_110,s4.204913,s2.099693,s327.982217
145_111,s1.949102,s4.221789,s240.957166
145_112,s4.264544,s1.586241,s233.479404
145_113,s-3.941597,s2.467045,s41.203763
145_114,s-1.474721,s-4.251494,s169.124634
145_115,s-0.870357,s-4.771266,s224.063275
145_116,s-3.094592,s-3.403454,s117.049979
145_117,s-2.669466,s4.049253,s174.150919
145_118,s-4.303484,s1.315303,s150.479946
145_119,s3.889615,s-2.897136,s304.29164
145_120,s-0.686363,s4.244868,s329.015739
145_121,s3.567673,s3.059692,s37.142101
145_122,s-3.265704,s3.310239,s57.468548
145_123,s3.071674,s-3.817698,s180.849631
145_124,s-4.991423,s-0.76694,s173.28726
145_125,s4.950407,s1.748134,s203.595737
145_126,s-2.827687,s-3.816633,s187.991472
145_127,s-4.731013,s0.424278,s82.136033
145_128,s3.80096,s-3.400397,s196.751418
145_129,s-0.730063,s4.845308,s55.515236
145_130,s-4.804723,s1.710157,s173.023405
145_131,s-1.953759,s4.439068,s76.916739
145_132,s4.463056,s3.039923,s251.495715
145_133,s1.052164,s-4.169287,s217.990603
145_134,s3.250387,s3.864904,s309.106253
145_135,s-4.753671,s2.228253,s337.761822
145_136,s-4.496772,s-2.29816,s102.110863
145_137,s4.582708,s-2.238032,s286.887177
145_138,s-2.245938,s-4.411152,s190.317511
145_139,s1.624321,s-4.887134,s170.79628
145_140,s0.78701,s-4.887035,s73.310976
145_141,s-4.208089,s-3.139186,s328.354983
145_142,s2.380055,s4.847199,s182.968775
145_143,s1.030458,s-5.249824,s137.212473
145_144,s3.703032,s3.721566,s264.726646
146_0,s0.0,s0.0,s61.458974
146_1,s-0.087797,s0.492231,s34.479228
146_2,s0.458878,s0.65531,s347.407842
146_3,s0.369948,s-0.2562,s301.022519
146_4,s-0.404414,s-0.294023,s128.840276
146_5,s0.834052,s-0.454816,s262.731028
146_6,s-0.184418,s-0.778454,s224.38473
146_7,s0.819507,s0.480529,s278.525991
146_8,s-0.836532,s0.331986,s27.229171
146_9,s0.973831,s-1.005809,s247.702628
146_10,s-1.028382,s-0.949964,s213.937165
146_11,s-1.046449,s-0.086287,s57.453197
146_12,s0.705015,s1.491795,s17.209855
146_13,s0.254261,s-1.529003,s197.311675
146_14,s-1.353793,s-0.645945,s76.43608
146_15,s-1.456944,s0.661298,s83.771924
146_16,s-0.740772,s1.361527,s111.270673
146_17,s0.97787,s1.001884,s297.463483
146_18,s-0.629273,s1.739688,s1.553225
146_19,s-1.680577,s-1.084278,s101.500223
146_20,s1.623048,s-0.778277,s209.278812
146_21,s-0.833751,s-1.817927,s218.161732
146_22,s-1.916349,s1.179028,s111.169023
146_23,s-1.280872,s1.536023,s66.434036
146_24,s1.613792,s1.638803,s55.371005
146_25,s1.522809,s0.289055,s216.067609
146_26,s0.468313,s2.404825,s40.113282
146_27,s0.69866,s-1.874,s299.844059
146_28,s-1.377234,s-1.650978,s85.32734
146_29,s2.021313,s0.732662,s236.361939
146_30,s-1.197927,s-2.137164,s183.096492
146_31,s-0.802746,s-2.577906,s217.550163
146_32,s0.922671,s-2.269621,s146.629322
146_33,s2.137907,s-0.848146,s297.113569
146_34,s-2.360949,s-0.431182,s73.976505
146_35,s1.488701,s-1.818315,s164.330764
146_36,s-1.012541,s2.285774,s29.456702
146_37,s-2.124458,s1.666337,s88.150672
146_38,s-1.519058,s2.292371,s101.756916
146_39,s2.016567,s1.30133,s0.723876
146_40,s1.10743,s2.296976,s15.110186
146_41,s2.490596,s1.042561,s288.869752
146_42,s-0.484167,s2.554522,s358.622905
146_43,s-2.90154,s0.762278,s3.688647
146_44,s2.109286,s-1.764486,s306.21191
146_45,s-1.886577,s-2.000832,s210.02924
146_46,s1.397116,s2.767321,s326.568391
146_47,s-2.577456,s-1.329181,s167.508644
146_48,s1.969621,s-2.196154,s152.980053
146_49,s2.056015,s2.184674,s24.162355
146_50,s2.829427,s0.341819,s327.874672
146_51,s1.213886,s-2.852452,s111.28805
146_52,s-2.549588,s2.015466,s27.523502
146_53,s2.389854,s1.729479,s318.209469
146_54,s0.298641,s-3.186034,s44.057785
146_55,s-3.148724,s-0.805009,s192.277539
146_56,s3.010275,s1.580584,s308.518319
146_57,s-0.499709,s-3.413618,s104.547263
146_58,s3.134362,s-1.032365,s16.735136
146_59,s-2.080893,s-2.561227,s185.765985
146_60,s2.525674,s-2.200789,s297.958236
146_61,s-2.572826,s-2.222739,s148.980963
146_62,s-3.701542,s-1.058815,s359.141366
146_63,s0.900721,s-3.330346,s173.154876
146_64,s-2.128665,s2.521663,s14.16456
146_65,s1.500152,s-3.162206,s195.526879
146_66,s0.129557,s-3.547635,s129.630534
146_67,s3.239573,s-0.260131,s248.031166
146_68,s-1.362891,s-3.005417,s132.628938
146_69,s-3.074889,s0.393776,s75.084519
146_70,s-3.274326,s-1.723017,s64.665195
146_71,s2.146335,s-2.827675,s150.297604
146_72,s-1.543913,s3.08526,s325.408847
146_73,s2.384008,s3.211932,s58.059383
146_74,s0.954197,s3.263358,s282.436895
146_75,s-3.238542,s1.789371,s171.920817
146_76,s3.528216,s-1.114311,s279.852836
146_77,s0.242373,s3.140662,s5.976925
146_78,s3.165618,s2.445171,s52.380332
146_79,s-0.594792,s3.44909,s335.074057
146_80,s3.790423,s0.674682,s47.746101
146_81,s3.28234,s-1.707701,s257.485009
146_82,s-2.233555,s3.615762,s262.616415
146_83,s0.962294,s3.830991,s316.530336
146_84,s2.507003,s-2.788806,s278.004905
146_85,s-1.071253,s-3.853883,s213.675847
146_86,s-3.63722,s1.100286,s47.100179
146_87,s-2.592469,s3.046162,s92.648657
146_88,s3.297121,s-2.264727,s247.847907
146_89,s2.287782,s-3.341939,s238.776418
146_90,s-3.659059,s-2.061865,s92.429683
146_91,s3.761597,s1.205359,s4.035417
146_92,s-1.722798,s4.048699,s270.930403
146_93,s-2.368359,s-3.40784,s194.435626
146_94,s-3.608204,s2.050211,s354.481168
146_95,s-3.883701,s0.72067,s101.858086
146_96,s3.619644,s2.321245,s334.872717
146_97,s0.790873,s4.429957,s119.390125
146_98,s4.403808,s-0.925459,s353.572996
146_99,s4.146049,s0.671029,s254.799508
146_100,s-3.794542,s0.20359,s127.573646
146_101,s2.949522,s3.059873,s1.870195
146_102,s-3.190818,s-2.807344,s111.860962
146_103,s2.166557,s-3.886969,s233.062158
146_104,s1.604399,s3.718656,s1.899259
146_105,s3.307595,s-3.268381,s335.698308
146_106,s1.645038,s-4.24221,s241.577831
146_107,s4.19738,s-1.622345,s189.096833
146_108,s-4.488406,s-1.00708,s1.903808
146_109,s0.427796,s-4.278667,s74.387053
146_110,s4.204913,s2.099693,s327.982217
146_111,s1.949102,s4.221789,s240.957166
146_112,s4.264544,s1.586241,s233.479404
146_113,s-3.941597,s2.467045,s41.203763
146_114,s-1.474721,s-4.251494,s169.124634
146_115,s-0.870357,s-4.771266,s224.063275
146_116,s-3.094592,s-3.403454,s117.049979
146_117,s-2.669466,s4.049253,s174.150919
146_118,s-4.303484,s1.315303,s150.479946
146_119,s3.889615,s-2.897136,s304.29164
146_120,s-0.686363,s4.244868,s329.015739
146_121,s3.567673,s3.059692,s37.142101
146_122,s-3.265704,s3.310239,s57.468548
146_123,s3.071674,s-3.817698,s180.849631
146_124,s-4.991423,s-0.76694,s173.28726
146_125,s4.950407,s1.748134,s203.595737
146_126,s-2.827687,s-3.816633,s187.991472
146_127,s-4.731013,s0.424278,s82.136033
146_128,s3.80096,s-3.400397,s196.751418
146_129,s-0.730063,s4.845308,s55.515236
146_130,s-4.804723,s1.710157,s173.023405
146_131,s-1.953759,s4.439068,s76.916739
146_132,s4.463056,s3.039923,s251.495715
146_133,s1.052164,s-4.169287,s217.990603
146_134,s3.250387,s3.864904,s309.106253
146_135,s-4.753671,s2.228253,s337.761822
146_136,s-4.496772,s-2.29816,s102.110863
146_137,s4.582708,s-2.238032,s286.887177
146_138,s-2.245938,s-4.411152,s190.317511
146_139,s1.624321,s-4.887134,s170.79628
146_140,s0.78701,s-4.887035,s73.310976
146_141,s-4.208089,s-3.139186,s328.354983
146_142,s2.380055,s4.847199,s182.968775
146_143,s1.030458,s-5.249824,s137.212473
146_144,s3.703032,s3.721566,s264.726646
146_145,s-3.22781,s3.948575,s40.495142
147_0,s0.0,s0.0,s61.458974
147_1,s-0.087797,s0.492231,s34.479228
147_2,s0.458878,s0.65531,s347.407842
147_3,s0.369948,s-0.2562,s301.022519
147_4,s-0.404414,s-0.294023,s128.840276
147_5,s0.834052,s-0.454816,s262.731028
147_6,s-0.184418,s-0.778454,s224.38473
147_7,s0.819507,s0.480529,s278.525991
147_8,s-0.836532,s0.331986,s27.229171
147_9,s0.973831,s-1.005809,s247.702628
147_10,s-1.028382,s-0.949964,s213.937165
147_11,s-1.046449,s-0.086287,s57.453197
147_12,s0.705015,s1.491795,s17.209855
147_13,s0.254261,s-1.529003,s197.311675
147_14,s-1.353793,s-0.645945,s76.43608
147_15,s-1.456944,s0.661298,s83.771924
147_16,s-0.740772,s1.361527,s111.270673
147_17,s0.97787,s1.001884,s297.463483
147_18,s-0.629273,s1.739688,s1.553225
147_19,s-1.680577,s-1.084278,s101.500223
147_20,s1.623048,s-0.778277,s209.278812
147_21,s-0.833751,s-1.817927,s218.161732
147_22,s-1.916349,s1.179028,s111.169023
147_23,s-1.280872,s1.536023,s66.434036
147_24,s1.613792,s1.638803,s55.371005
147_25,s1.522809,s0.289055,s216.067609
147_26,s0.468313,s2.404825,s40.113282
147_27,s0.69866,s-1.874,s299.844059
147_28,s-1.377234,s-1.650978,s85.32734
147_29,s2.021313,s0.732662,s236.361939
147_30,s-1.197927,s-2.137164,s183.096492
147_31,s-0.802746,s-2.577906,s217.550163
147_32,s0.922671,s-2.269621,s146.629322
147_33,s2.137907,s-0.848146,s297.113569
147_34,s-2.360949,s-0.431182,s73.976505
147_35,s1.488701,s-1.818315,s164.330764
147_36,s-1.012541,s2.285774,s29.456702
147_37,s-2.124458,s1.666337,s88.150672
147_38,s-1.519058,s2.292371,s101.756916
147_39,s2.016567,s1.30133,s0.723876
147_40,s1.10743,s2.296976,s15.110186
147_41,s2.490596,s1.042561,s288.869752
147_42,s-0.484167,s2.554522,s358.622905
147_43,s-2.90154,s0.762278,s3.688647
147_44,s2.109286,s-1.764486,s306.21191
147_45,s-1.886577,s-2.000832,s210.02924
147_46,s1.397116,s2.767321,s326.568391
147_47,s-2.577456,s-1.329181,s167.508644
147_48,s1.969621,s-2.196154,s152.980053
147_49,s2.056015,s2.184674,s24.162355
147_50,s2.829427,s0.341819,s327.874672
147_51,s1.213886,s-2.852452,s111.28805
147_52,s-2.549588,s2.015466,s27.523502
147_53,s2.389854,s1.729479,s318.209469
147_54,s0.298641,s-3.186034,s44.057785
147_55,s-3.148724,s-0.805009,s192.277539
147_56,s3.010275,s1.580584,s308.518319
147_57,s-0.499709,s-3.413618,s104.547263
147_58,s3.134362,s-1.032365,s16.735136
147_59,s-2.080893,s-2.561227,s185.765985
147_60,s2.525674,s-2.200789,s297.958236
147_61,s-2.572826,s-2.222739,s148.980963
147_62,s-3.701542,s-1.058815,s359.141366
147_63,s0.900721,s-3.330346,s173.154876
147_64,s-2.128665,s2.521663,s14.16456
147_65,s1.500152,s-3.162206,s195.526879
147_66,s0.129557,s-3.547635,s129.630534
147_67,s3.239573,s-0.260131,s248.031166
147_68,s-1.362891,s-3.005417,s132.628938
147_69,s-3.074889,s0.393776,s75.084519
147_70,s-3.274326,s-1.723017,s64.665195
147_71,s2.146335,s-2.827675,s150.297604
147_72,s-1.543913,s3.08526,s325.408847
147_73,s2.384008,s3.211932,s58.059383
147_74,s0.954197,s3.263358,s282.436895
147_75,s-3.238542,s1.789371,s171.920817
147_76,s3.528216,s-1.114311,s279.852836
147_77,s0.242373,s3.140662,s5.976925
147_78,s3.165618,s2.445171,s52.380332
147_79,s-0.594792,s3.44909,s335.074057
147_80,s3.790423,s0.674682,s47.746101
147_81,s3.28234,s-1.707701,s257.485009
147_82,s-2.233555,s3.615762,s262.616415
147_83,s0.962294,s3.830991,s316.530336
147_84,s2.507003,s-2.788806,s278.004905
147_85,s-1.071253,s-3.853883,s213.675847
147_86,s-3.63722,s1.100286,s47.100179
147_87,s-2.592469,s3.046162,s92.648657
147_88,s3.297121,s-2.264727,s247.847907
147_89,s2.287782,s-3.341939,s238.776418
147_90,s-3.659059,s-2.061865,s92.429683
147_91,s3.761597,s1.205359,s4.035417
147_92,s-1.722798,s4.048699,s270.930403
147_93,s-2.368359,s-3.40784,s194.435626
147_94,s-3.608204,s2.050211,s354.481168
147_95,s-3.883701,s0.72067,s101.858086
147_96,s3.619644,s2.321245,s334.872717
147_97,s0.790873,s4.429957,s119.390125
147_98,s4.403808,s-0.925459,s353.572996
147_99,s4.146049,s0.671029,s254.799508
147_100,s-3.794542,s0.20359,s127.573646
147_101,s2.949522,s3.059873,s1.870195
147_102,s-3.190818,s-2.807344,s111.860962
147_103,s2.166557,s-3.886969,s233.062158
147_104,s1.604399,s3.718656,s1.899259
147_105,s3.307595,s-3.268381,s335.698308
147_106,s1.645038,s-4.24221,s241.577831
147_107,s4.19738,s-1.622345,s189.096833
147_108,s-4.488406,s-1.00708,s1.903808
147_109,s0.427796,s-4.278667,s74.387053
147_110,s4.204913,s2.099693,s327.982217
147_111,s1.949102,s4.221789,s240.957166
147_112,s4.264544,s1.586241,s233.479404
147_113,s-3.941597,s2.467045,s41.203763
147_114,s-1.474721,s-4.251494,s169.124634
147_115,s-0.870357,s-4.771266,s224.063275
147_116,s-3.094592,s-3.403454,s117.049979
147_117,s-2.669466,s4.049253,s174.150919
147_118,s-4.303484,s1.315303,s150.479946
147_119,s3.889615,s-2.897136,s304.29164
147_120,s-0.686363,s4.244868,s329.015739
147_121,s3.567673,s3.059692,s37.142101
147_122,s-3.265704,s3.310239,s57.468548
147_123,s3.071674,s-3.817698,s180.849631
147_124,s-4.991423,s-0.76694,s173.28726
147_125,s4.950407,s1.748134,s203.595737
147_126,s-2.827687,s-3.816633,s187.991472
147_127,s-4.731013,s0.424278,s82.136033
147_128,s3.80096,s-3.400397,s196.751418
147_129,s-0.730063,s4.845308,s55.515236
147_130,s-4.804723,s1.710157,s173.023405
147_131,s-1.953759,s4.439068,s76.916739
147_132,s4.463056,s3.039923,s251.495715
147_133,s1.052164,s-4.169287,s217.990603
147_134,s3.250387,s3.864904,s309.106253
147_135,s-4.753671,s2.228253,s337.761822
147_136,s-4.496772,s-2.29816,s102.110863
147_137,s4.582708,s-2.238032,s286.887177
147_138,s-2.245938,s-4.411152,s190.317511
147_139,s1.624321,s-4.887134,s170.79628
147_140,s0.78701,s-4.887035,s73.310976
147_141,s-4.208089,s-3.139186,s328.354983
147_142,s2.380055,s4.847199,s182.968775
147_143,s1.030458,s-5.249824,s137.212473
147_144,s3.703032,s3.721566,s264.726646
147_145,s-3.22781,s3.948575,s40.495142
147_146,s-4.933281,s-1.795895,s129.347804
148_0,s0.0,s0.0,s61.458974
148_1,s-0.087797,s0.492231,s34.479228
148_2,s0.458878,s0.65531,s347.407842
148_3,s0.369948,s-0.2562,s301.022519
148_4,s-0.404414,s-0.294023,s128.840276
148_5,s0.834052,s-0.454816,s262.731028
148_6,s-0.184418,s-0.778454,s224.38473
148_7,s0.819507,s0.480529,s278.525991
148_8,s-0.836532,s0.331986,s27.229171
148_9,s0.973831,s-1.005809,s247.702628
148_10,s-1.028382,s-0.949964,s213.937165
148_11,s-1.046449,s-0.086287,s57.453197
148_12,s0.705015,s1.491795,s17.209855
148_13,s0.254261,s-1.529003,s197.311675
148_14,s-1.353793,s-0.645945,s76.43608
148_15,s-1.456944,s0.661298,s83.771924
148_16,s-0.740772,s1.361527,s111.270673
148_17,s0.97787,s1.001884,s297.463483
148_18,s-0.629273,s1.739688,s1.553225
148_19,s-1.680577,s-1.084278,s101.500223
148_20,s1.623048,s-0.778277,s209.278812
148_21,s-0.833751,s-1.817927,s218.161732
148_22,s-1.916349,s1.179028,s111.169023
148_23,s-1.280872,s1.536023,s66.434036
148_24,s1.613792,s1.638803,s55.371005
148_25,s1.522809,s0.289055,s216.067609
148_26,s0.468313,s2.404825,s40.113282
148_27,s0.69866,s-1.874,s299.844059
148_28,s-1.377234,s-1.650978,s85.32734
148_29,s2.021313,s0.732662,s236.361939
148_30,s-1.197927,s-2.137164,s183.096492
148_31,s-0.802746,s-2.577906,s217.550163
148_32,s0.922671,s-2.269621,s146.629322
148_33,s2.137907,s-0.848146,s297.113569
148_34,s-2.360949,s-0.431182,s73.976505
148_35,s1.488701,s-1.818315,s164.330764
148_36,s-1.012541,s2.285774,s29.456702
148_37,s-2.124458,s1.666337,s88.150672
148_38,s-1.519058,s2.292371,s101.756916
148_39,s2.016567,s1.30133,s0.723876
148_40,s1.10743,s2.296976,s15.110186
148_41,s2.490596,s1.042561,s288.869752
148_42,s-0.484167,s2.554522,s358.622905
148_43,s-2.90154,s0.762278,s3.688647
148_44,s2.109286,s-1.764486,s306.21191
148_45,s-1.886577,s-2.000832,s210.02924
148_46,s1.397116,s2.767321,s326.568391
148_47,s-2.577456,s-1.329181,s167.508644
148_48,s1.969621,s-2.196154,s152.980053
148_49,s2.056015,s2.184674,s24.162355
148_50,s2.829427,s0.341819,s327.874672
148_51,s1.213886,s-2.852452,s111.28805
148_52,s-2.549588,s2.015466,s27.523502
148_53,s2.389854,s1.729479,s318.209469
148_54,s0.298641,s-3.186034,s44.057785
148_55,s-3.148724,s-0.805009,s192.277539
148_56,s3.010275,s1.580584,s308.518319
148_57,s-0.499709,s-3.413618,s104.547263
148_58,s3.134362,s-1.032365,s16.735136
148_59,s-2.080893,s-2.561227,s185.765985
148_60,s2.525674,s-2.200789,s297.958236
148_61,s-2.572826,s-2.222739,s148.980963
148_62,s-3.701542,s-1.058815,s359.141366
148_63,s0.900721,s-3.330346,s173.154876
148_64,s-2.128665,s2.521663,s14.16456
148_65,s1.500152,s-3.162206,s195.526879
148_66,s0.129557,s-3.547635,s129.630534
148_67,s3.239573,s-0.260131,s248.031166
148_68,s-1.362891,s-3.005417,s132.628938
148_69,s-3.074889,s0.393776,s75.084519
148_70,s-3.274326,s-1.723017,s64.665195
148_71,s2.146335,s-2.827675,s150.297604
148_72,s-1.543913,s3.08526,s325.408847
148_73,s2.384008,s3.211932,s58.059383
148_74,s0.954197,s3.263358,s282.436895
148_75,s-3.238542,s1.789371,s171.920817
148_76,s3.528216,s-1.114311,s279.852836
148_77,s0.242373,s3.140662,s5.976925
148_78,s3.165618,s2.445171,s52.380332
148_79,s-0.594792,s3.44909,s335.074057
148_80,s3.790423,s0.674682,s47.746101
148_81,s3.28234,s-1.707701,s257.485009
148_82,s-2.233555,s3.615762,s262.616415
148_83,s0.962294,s3.830991,s316.530336
148_84,s2.507003,s-2.788806,s278.004905
148_85,s-1.071253,s-3.853883,s213.675847
148_86,s-3.63722,s1.100286,s47.100179
148_87,s-2.592469,s3.046162,s92.648657
148_88,s3.297121,s-2.264727,s247.847907
148_89,s2.287782,s-3.341939,s238.776418
148_90,s-3.659059,s-2.061865,s92.429683
148_91,s3.761597,s1.205359,s4.035417
148_92,s-1.722798,s4.048699,s270.930403
148_93,s-2.368359,s-3.40784,s194.435626
148_94,s-3.608204,s2.050211,s354.481168
148_95,s-3.883701,s0.72067,s101.858086
148_96,s3.619644,s2.321245,s334.872717
148_97,s0.790873,s4.429957,s119.390125
148_98,s4.403808,s-0.925459,s353.572996
148_99,s4.146049,s0.671029,s254.799508
148_100,s-3.794542,s0.20359,s127.573646
148_101,s2.949522,s3.059873,s1.870195
148_102,s-3.190818,s-2.807344,s111.860962
148_103,s2.166557,s-3.886969,s233.062158
148_104,s1.604399,s3.718656,s1.899259
148_105,s3.307595,s-3.268381,s335.698308
148_106,s1.645038,s-4.24221,s241.577831
148_107,s4.19738,s-1.622345,s189.096833
148_108,s-4.488406,s-1.00708,s1.903808
148_109,s0.427796,s-4.278667,s74.387053
148_110,s4.204913,s2.099693,s327.982217
148_111,s1.949102,s4.221789,s240.957166
148_112,s4.264544,s1.586241,s233.479404
148_113,s-3.941597,s2.467045,s41.203763
148_114,s-1.474721,s-4.251494,s169.124634
148_115,s-0.870357,s-4.771266,s224.063275
148_116,s-3.094592,s-3.403454,s117.049979
148_117,s-2.669466,s4.049253,s174.150919
148_118,s-4.303484,s1.315303,s150.479946
148_119,s3.889615,s-2.897136,s304.29164
148_120,s-0.686363,s4.244868,s329.015739
148_121,s3.567673,s3.059692,s37.142101
148_122,s-3.265704,s3.310239,s57.468548
148_123,s3.071674,s-3.817698,s180.849631
148_124,s-4.991423,s-0.76694,s173.28726
148_125,s4.950407,s1.748134,s203.595737
148_126,s-2.827687,s-3.816633,s187.991472
148_127,s-4.731013,s0.424278,s82.136033
148_128,s3.80096,s-3.400397,s196.751418
148_129,s-0.730063,s4.845308,s55.515236
148_130,s-4.804723,s1.710157,s173.023405
148_131,s-1.953759,s4.439068,s76.916739
148_132,s4.463056,s3.039923,s251.495715
148_133,s1.052164,s-4.169287,s217.990603
148_134,s3.250387,s3.864904,s309.106253
148_135,s-4.753671,s2.228253,s337.761822
148_136,s-4.496772,s-2.29816,s102.110863
148_137,s4.582708,s-2.238032,s286.887177
148_138,s-2.245938,s-4.411152,s190.317511
148_139,s1.624321,s-4.887134,s170.79628
148_140,s0.78701,s-4.887035,s73.310976
148_141,s-4.208089,s-3.139186,s328.354983
148_142,s2.380055,s4.847199,s182.968775
148_143,s1.030458,s-5.249824,s137.212473
148_144,s3.703032,s3.721566,s264.726646
148_145,s-3.22781,s3.948575,s40.495142
148_146,s-4.933281,s-1.795895,s129.347804
148_147,s-4.43477,s-3.580896,s36.097881
149_0,s0.0,s0.0,s61.458974
149_1,s-0.087797,s0.492231,s34.479228
149_2,s0.458878,s0.65531,s347.407842
149_3,s0.369948,s-0.2562,s301.022519
149_4,s-0.404414,s-0.294023,s128.840276
149_5,s0.834052,s-0.454816,s262.731028
149_6,s-0.184418,s-0.778454,s224.38473
149_7,s0.819507,s0.480529,s278.525991
149_8,s-0.836532,s0.331986,s27.229171
149_9,s0.973831,s-1.005809,s247.702628
149_10,s-1.028382,s-0.949964,s213.937165
149_11,s-1.046449,s-0.086287,s57.453197
149_12,s0.705015,s1.491795,s17.209855
149_13,s0.254261,s-1.529003,s197.311675
149_14,s-1.353793,s-0.645945,s76.43608
149_15,s-1.456944,s0.661298,s83.771924
149_16,s-0.740772,s1.361527,s111.270673
149_17,s0.97787,s1.001884,s297.463483
149_18,s-0.629273,s1.739688,s1.553225
149_19,s-1.680577,s-1.084278,s101.500223
149_20,s1.623048,s-0.778277,s209.278812
149_21,s-0.833751,s-1.817927,s218.161732
149_22,s-1.916349,s1.179028,s111.169023
149_23,s-1.280872,s1.536023,s66.434036
149_24,s1.613792,s1.638803,s55.371005
149_25,s1.522809,s0.289055,s216.067609
149_26,s0.468313,s2.404825,s40.113282
149_27,s0.69866,s-1.874,s299.844059
149_28,s-1.377234,s-1.650978,s85.32734
149_29,s2.021313,s0.732662,s236.361939
149_30,s-1.197927,s-2.137164,s183.096492
149_31,s-0.802746,s-2.577906,s217.550163
149_32,s0.922671,s-2.269621,s146.629322
149_33,s2.137907,s-0.848146,s297.113569
149_34,s-2.360949,s-0.431182,s73.976505
149_35,s1.488701,s-1.818315,s164.330764
149_36,s-1.012541,s2.285774,s29.456702
149_37,s-2.124458,s1.666337,s88.150672
149_38,s-1.519058,s2.292371,s101.756916
149_39,s2.016567,s1.30133,s0.723876
149_40,s1.10743,s2.296976,s15.110186
149_41,s2.490596,s1.042561,s288.869752
149_42,s-0.484167,s2.554522,s358.622905
149_43,s-2.90154,s0.762278,s3.688647
149_44,s2.109286,s-1.764486,s306.21191
149_45,s-1.886577,s-2.000832,s210.02924
149_46,s1.397116,s2.767321,s326.568391
149_47,s-2.577456,s-1.329181,s167.508644
149_48,s1.969621,s-2.196154,s152.980053
149_49,s2.056015,s2.184674,s24.162355
149_50,s2.829427,s0.341819,s327.874672
149_51,s1.213886,s-2.852452,s111.28805
149_52,s-2.549588,s2.015466,s27.523502
149_53,s2.389854,s1.729479,s318.209469
149_54,s0.298641,s-3.186034,s44.057785
149_55,s-3.148724,s-0.805009,s192.277539
149_56,s3.010275,s1.580584,s308.518319
149_57,s-0.499709,s-3.413618,s104.547263
149_58,s3.134362,s-1.032365,s16.735136
149_59,s-2.080893,s-2.561227,s185.765985
149_60,s2.525674,s-2.200789,s297.958236
149_61,s-2.572826,s-2.222739,s148.980963
149_62,s-3.701542,s-1.058815,s359.141366
149_63,s0.900721,s-3.330346,s173.154876
149_64,s-2.128665,s2.521663,s14.16456
149_65,s1.500152,s-3.162206,s195.526879
149_66,s0.129557,s-3.547635,s129.630534
149_67,s3.239573,s-0.260131,s248.031166
149_68,s-1.362891,s-3.005417,s132.628938
149_69,s-3.074889,s0.393776,s75.084519
149_70,s-3.274326,s-1.723017,s64.665195
149_71,s2.146335,s-2.827675,s150.297604
149_72,s-1.543913,s3.08526,s325.408847
149_73,s2.384008,s3.211932,s58.059383
149_74,s0.954197,s3.263358,s282.436895
149_75,s-3.238542,s1.789371,s171.920817
149_76,s3.528216,s-1.114311,s279.852836
149_77,s0.242373,s3.140662,s5.976925
149_78,s3.165618,s2.445171,s52.380332
149_79,s-0.594792,s3.44909,s335.074057
149_80,s3.790423,s0.674682,s47.746101
149_81,s3.28234,s-1.707701,s257.485009
149_82,s-2.233555,s3.615762,s262.616415
149_83,s0.962294,s3.830991,s316.530336
149_84,s2.507003,s-2.788806,s278.004905
149_85,s-1.071253,s-3.853883,s213.675847
149_86,s-3.63722,s1.100286,s47.100179
149_87,s-2.592469,s3.046162,s92.648657
149_88,s3.297121,s-2.264727,s247.847907
149_89,s2.287782,s-3.341939,s238.776418
149_90,s-3.659059,s-2.061865,s92.429683
149_91,s3.761597,s1.205359,s4.035417
149_92,s-1.722798,s4.048699,s270.930403
149_93,s-2.368359,s-3.40784,s194.435626
149_94,s-3.608204,s2.050211,s354.481168
149_95,s-3.883701,s0.72067,s101.858086
149_96,s3.619644,s2.321245,s334.872717
149_97,s0.790873,s4.429957,s119.390125
149_98,s4.403808,s-0.925459,s353.572996
149_99,s4.146049,s0.671029,s254.799508
149_100,s-3.794542,s0.20359,s127.573646
149_101,s2.949522,s3.059873,s1.870195
149_102,s-3.190818,s-2.807344,s111.860962
149_103,s2.166557,s-3.886969,s233.062158
149_104,s1.604399,s3.718656,s1.899259
149_105,s3.307595,s-3.268381,s335.698308
149_106,s1.645038,s-4.24221,s241.577831
149_107,s4.19738,s-1.622345,s189.096833
149_108,s-4.488406,s-1.00708,s1.903808
149_109,s0.427796,s-4.278667,s74.387053
149_110,s4.204913,s2.099693,s327.982217
149_111,s1.949102,s4.221789,s240.957166
149_112,s4.264544,s1.586241,s233.479404
149_113,s-3.941597,s2.467045,s41.203763
149_114,s-1.474721,s-4.251494,s169.124634
149_115,s-0.870357,s-4.771266,s224.063275
149_116,s-3.094592,s-3.403454,s117.049979
149_117,s-2.669466,s4.049253,s174.150919
149_118,s-4.303484,s1.315303,s150.479946
149_119,s3.889615,s-2.897136,s304.29164
149_120,s-0.686363,s4.244868,s329.015739
149_121,s3.567673,s3.059692,s37.142101
149_122,s-3.265704,s3.310239,s57.468548
149_123,s3.071674,s-3.817698,s180.849631
149_124,s-4.991423,s-0.76694,s173.28726
149_125,s4.950407,s1.748134,s203.595737
149_126,s-2.827687,s-3.816633,s187.991472
149_127,s-4.731013,s0.424278,s82.136033
149_128,s3.80096,s-3.400397,s196.751418
149_129,s-0.730063,s4.845308,s55.515236
149_130,s-4.804723,s1.710157,s173.023405
149_131,s-1.953759,s4.439068,s76.916739
149_132,s4.463056,s3.039923,s251.495715
149_133,s1.052164,s-4.169287,s217.990603
149_134,s3.250387,s3.864904,s309.106253
149_135,s-4.753671,s2.228253,s337.761822
149_136,s-4.496772,s-2.29816,s102.110863
149_137,s4.582708,s-2.238032,s286.887177
149_138,s-2.245938,s-4.411152,s190.317511
149_139,s1.624321,s-4.887134,s170.79628
149_140,s0.78701,s-4.887035,s73.310976
149_141,s-4.208089,s-3.139186,s328.354983
149_142,s2.380055,s4.847199,s182.968775
149_143,s1.030458,s-5.249824,s137.212473
149_144,s3.703032,s3.721566,s264.726646
149_145,s-3.22781,s3.948575,s40.495142
149_146,s-4.933281,s-1.795895,s129.347804
149_147,s-4.43477,s-3.580896,s36.097881
149_148,s2.755784,s4.172008,s301.866943
150_0,s0.0,s0.0,s61.458974
150_1,s-0.087797,s0.492231,s34.479228
150_2,s0.458878,s0.65531,s347.407842
150_3,s0.369948,s-0.2562,s301.022519
150_4,s-0.404414,s-0.294023,s128.840276
150_5,s0.834052,s-0.454816,s262.731028
150_6,s-0.184418,s-0.778454,s224.38473
150_7,s0.819507,s0.480529,s278.525991
150_8,s-0.836532,s0.331986,s27.229171
150_9,s0.973831,s-1.005809,s247.702628
150_10,s-1.028382,s-0.949964,s213.937165
150_11,s-1.046449,s-0.086287,s57.453197
150_12,s0.705015,s1.491795,s17.209855
150_13,s0.254261,s-1.529003,s197.311675
150_14,s-1.353793,s-0.645945,s76.43608
150_15,s-1.456944,s0.661298,s83.771924
150_16,s-0.740772,s1.361527,s111.270673
150_17,s0.97787,s1.001884,s297.463483
150_18,s-0.629273,s1.739688,s1.553225
150_19,s-1.680577,s-1.084278,s101.500223
150_20,s1.623048,s-0.778277,s209.278812
150_21,s-0.833751,s-1.817927,s218.161732
150_22,s-1.916349,s1.179028,s111.169023
150_23,s-1.280872,s1.536023,s66.434036
150_24,s1.613792,s1.638803,s55.371005
150_25,s1.522809,s0.289055,s216.067609
150_26,s0.468313,s2.404825,s40.113282
150_27,s0.69866,s-1.874,s299.844059
150_28,s-1.377234,s-1.650978,s85.32734
150_29,s2.021313,s0.732662,s236.361939
150_30,s-1.197927,s-2.137164,s183.096492
150_31,s-0.802746,s-2.577906,s217.550163
150_32,s0.922671,s-2.269621,s146.629322
150_33,s2.137907,s-0.848146,s297.113569
150_34,s-2.360949,s-0.431182,s73.976505
150_35,s1.488701,s-1.818315,s164.330764
150_36,s-1.012541,s2.285774,s29.456702
150_37,s-2.124458,s1.666337,s88.150672
150_38,s-1.519058,s2.292371,s101.756916
150_39,s2.016567,s1.30133,s0.723876
150_40,s1.10743,s2.296976,s15.110186
150_41,s2.490596,s1.042561,s288.869752
150_42,s-0.484167,s2.554522,s358.622905
150_43,s-2.90154,s0.762278,s3.688647
150_44,s2.109286,s-1.764486,s306.21191
150_45,s-1.886577,s-2.000832,s210.02924
150_46,s1.397116,s2.767321,s326.568391
150_47,s-2.577456,s-1.329181,s167.508644
150_48,s1.969621,s-2.196154,s152.980053
150_49,s2.056015,s2.184674,s24.162355
150_50,s2.829427,s0.341819,s327.874672
150_51,s1.213886,s-2.852452,s111.28805
150_52,s-2.549588,s2.015466,s27.523502
150_53,s2.389854,s1.729479,s318.209469
150_54,s0.298641,s-3.186034,s44.057785
150_55,s-3.148724,s-0.805009,s192.277539
150_56,s3.010275,s1.580584,s308.518319
150_57,s-0.499709,s-3.413618,s104.547263
150_58,s3.134362,s-1.032365,s16.735136
150_59,s-2.080893,s-2.561227,s185.765985
150_60,s2.525674,s-2.200789,s297.958236
150_61,s-2.572826,s-2.222739,s148.980963
150_62,s-3.701542,s-1.058815,s359.141366
150_63,s0.900721,s-3.330346,s173.154876
150_64,s-2.128665,s2.521663,s14.16456
150_65,s1.500152,s-3.162206,s195.526879
150_66,s0.129557,s-3.547635,s129.630534
150_67,s3.239573,s-0.260131,s248.031166
150_68,s-1.362891,s-3.005417,s132.628938
150_69,s-3.074889,s0.393776,s75.084519
150_70,s-3.274326,s-1.723017,s64.665195
150_71,s2.146335,s-2.827675,s150.297604
150_72,s-1.543913,s3.08526,s325.408847
150_73,s2.384008,s3.211932,s58.059383
150_74,s0.954197,s3.263358,s282.436895
150_75,s-3.238542,s1.789371,s171.920817
150_76,s3.528216,s-1.114311,s279.852836
150_77,s0.242373,s3.140662,s5.976925
150_78,s3.165618,s2.445171,s52.380332
150_79,s-0.594792,s3.44909,s335.074057
150_80,s3.790423,s0.674682,s47.746101
150_81,s3.28234,s-1.707701,s257.485009
150_82,s-2.233555,s3.615762,s262.616415
150_83,s0.962294,s3.830991,s316.530336
150_84,s2.507003,s-2.788806,s278.004905
150_85,s-1.071253,s-3.853883,s213.675847
150_86,s-3.63722,s1.100286,s47.100179
150_87,s-2.592469,s3.046162,s92.648657
150_88,s3.297121,s-2.264727,s247.847907
150_89,s2.287782,s-3.341939,s238.776418
150_90,s-3.659059,s-2.061865,s92.429683
150_91,s3.761597,s1.205359,s4.035417
150_92,s-1.722798,s4.048699,s270.930403
150_93,s-2.368359,s-3.40784,s194.435626
150_94,s-3.608204,s2.050211,s354.481168
150_95,s-3.883701,s0.72067,s101.858086
150_96,s3.619644,s2.321245,s334.872717
150_97,s0.790873,s4.429957,s119.390125
150_98,s4.403808,s-0.925459,s353.572996
150_99,s4.146049,s0.671029,s254.799508
150_100,s-3.794542,s0.20359,s127.573646
150_101,s2.949522,s3.059873,s1.870195
150_102,s-3.190818,s-2.807344,s111.860962
150_103,s2.166557,s-3.886969,s233.062158
150_104,s1.604399,s3.718656,s1.899259
150_105,s3.307595,s-3.268381,s335.698308
150_106,s1.645038,s-4.24221,s241.577831
150_107,s4.19738,s-1.622345,s189.096833
150_108,s-4.488406,s-1.00708,s1.903808
150_109,s0.427796,s-4.278667,s74.387053
150_110,s4.204913,s2.099693,s327.982217
150_111,s1.949102,s4.221789,s240.957166
150_112,s4.264544,s1.586241,s233.479404
150_113,s-3.941597,s2.467045,s41.203763
150_114,s-1.474721,s-4.251494,s169.124634
150_115,s-0.870357,s-4.771266,s224.063275
150_116,s-3.094592,s-3.403454,s117.049979
150_117,s-2.669466,s4.049253,s174.150919
150_118,s-4.303484,s1.315303,s150.479946
150_119,s3.889615,s-2.897136,s304.29164
150_120,s-0.686363,s4.244868,s329.015739
150_121,s3.567673,s3.059692,s37.142101
150_122,s-3.265704,s3.310239,s57.468548
150_123,s3.071674,s-3.817698,s180.849631
150_124,s-4.991423,s-0.76694,s173.28726
150_125,s4.950407,s1.748134,s203.595737
150_126,s-2.827687,s-3.816633,s187.991472
150_127,s-4.731013,s0.424278,s82.136033
150_128,s3.80096,s-3.400397,s196.751418
150_129,s-0.730063,s4.845308,s55.515236
150_130,s-4.804723,s1.710157,s173.023405
150_131,s-1.953759,s4.439068,s76.916739
150_132,s4.463056,s3.039923,s251.495715
150_133,s1.052164,s-4.169287,s217.990603
150_134,s3.250387,s3.864904,s309.106253
150_135,s-4.753671,s2.228253,s337.761822
150_136,s-4.496772,s-2.29816,s102.110863
150_137,s4.582708,s-2.238032,s286.887177
150_138,s-2.245938,s-4.411152,s190.317511
150_139,s1.624321,s-4.887134,s170.79628
150_140,s0.78701,s-4.887035,s73.310976
150_141,s-4.208089,s-3.139186,s328.354983
150_142,s2.380055,s4.847199,s182.968775
150_143,s1.030458,s-5.249824,s137.212473
150_144,s3.703032,s3.721566,s264.726646
150_145,s-3.22781,s3.948575,s40.495142
150_146,s-4.933281,s-1.795895,s129.347804
150_147,s-4.43477,s-3.580896,s36.097881
150_148,s2.755784,s4.172008,s301.866943
150_149,s2.920698,s4.894847,s254.557573
151_0,s0.0,s0.0,s61.458974
151_1,s-0.087797,s0.492231,s34.479228
151_2,s0.458878,s0.65531,s347.407842
151_3,s0.369948,s-0.2562,s301.022519
151_4,s-0.404414,s-0.294023,s128.840276
151_5,s0.834052,s-0.454816,s262.731028
151_6,s-0.184418,s-0.778454,s224.38473
151_7,s0.819507,s0.480529,s278.525991
151_8,s-0.836532,s0.331986,s27.229171
151_9,s0.973831,s-1.005809,s247.702628
151_10,s-1.028382,s-0.949964,s213.937165
151_11,s-1.046449,s-0.086287,s57.453197
151_12,s0.705015,s1.491795,s17.209855
151_13,s0.254261,s-1.529003,s197.311675
151_14,s-1.353793,s-0.645945,s76.43608
151_15,s-1.456944,s0.661298,s83.771924
151_16,s-0.740772,s1.361527,s111.270673
151_17,s0.97787,s1.001884,s297.463483
151_18,s-0.629273,s1.739688,s1.553225
151_19,s-1.680577,s-1.084278,s101.500223
151_20,s1.623048,s-0.778277,s209.278812
151_21,s-0.833751,s-1.817927,s218.161732
151_22,s-1.916349,s1.179028,s111.169023
151_23,s-1.280872,s1.536023,s66.434036
151_24,s1.613792,s1.638803,s55.371005
151_25,s1.522809,s0.289055,s216.067609
151_26,s0.468313,s2.404825,s40.113282
151_27,s0.69866,s-1.874,s299.844059
151_28,s-1.377234,s-1.650978,s85.32734
151_29,s2.021313,s0.732662,s236.361939
151_30,s-1.197927,s-2.137164,s183.096492
151_31,s-0.802746,s-2.577906,s217.550163
151_32,s0.922671,s-2.269621,s146.629322
151_33,s2.137907,s-0.848146,s297.113569
151_34,s-2.360949,s-0.431182,s73.976505
151_35,s1.488701,s-1.818315,s164.330764
151_36,s-1.012541,s2.285774,s29.456702
151_37,s-2.124458,s1.666337,s88.150672
151_38,s-1.519058,s2.292371,s101.756916
151_39,s2.016567,s1.30133,s0.723876
151_40,s1.10743,s2.296976,s15.110186
151_41,s2.490596,s1.042561,s288.869752
151_42,s-0.484167,s2.554522,s358.622905
151_43,s-2.90154,s0.762278,s3.688647
151_44,s2.109286,s-1.764486,s306.21191
151_45,s-1.886577,s-2.000832,s210.02924
151_46,s1.397116,s2.767321,s326.568391
151_47,s-2.577456,s-1.329181,s167.508644
151_48,s1.969621,s-2.196154,s152.980053
151_49,s2.056015,s2.184674,s24.162355
151_50,s2.829427,s0.341819,s327.874672
151_51,s1.213886,s-2.852452,s111.28805
151_52,s-2.549588,s2.015466,s27.523502
151_53,s2.389854,s1.729479,s318.209469
151_54,s0.298641,s-3.186034,s44.057785
151_55,s-3.148724,s-0.805009,s192.277539
151_56,s3.010275,s1.580584,s308.518319
151_57,s-0.499709,s-3.413618,s104.547263
151_58,s3.134362,s-1.032365,s16.735136
151_59,s-2.080893,s-2.561227,s185.765985
151_60,s2.525674,s-2.200789,s297.958236
151_61,s-2.572826,s-2.222739,s148.980963
151_62,s-3.701542,s-1.058815,s359.141366
151_63,s0.900721,s-3.330346,s173.154876
151_64,s-2.128665,s2.521663,s14.16456
151_65,s1.500152,s-3.162206,s195.526879
151_66,s0.129557,s-3.547635,s129.630534
151_67,s3.239573,s-0.260131,s248.031166
151_68,s-1.362891,s-3.005417,s132.628938
151_69,s-3.074889,s0.393776,s75.084519
151_70,s-3.274326,s-1.723017,s64.665195
151_71,s2.146335,s-2.827675,s150.297604
151_72,s-1.543913,s3.08526,s325.408847
151_73,s2.384008,s3.211932,s58.059383
151_74,s0.954197,s3.263358,s282.436895
151_75,s-3.238542,s1.789371,s171.920817
151_76,s3.528216,s-1.114311,s279.852836
151_77,s0.242373,s3.140662,s5.976925
151_78,s3.165618,s2.445171,s52.380332
151_79,s-0.594792,s3.44909,s335.074057
151_80,s3.790423,s0.674682,s47.746101
151_81,s3.28234,s-1.707701,s257.485009
151_82,s-2.233555,s3.615762,s262.616415
151_83,s0.962294,s3.830991,s316.530336
151_84,s2.507003,s-2.788806,s278.004905
151_85,s-1.071253,s-3.853883,s213.675847
151_86,s-3.63722,s1.100286,s47.100179
151_87,s-2.592469,s3.046162,s92.648657
151_88,s3.297121,s-2.264727,s247.847907
151_89,s2.287782,s-3.341939,s238.776418
151_90,s-3.659059,s-2.061865,s92.429683
151_91,s3.761597,s1.205359,s4.035417
151_92,s-1.722798,s4.048699,s270.930403
151_93,s-2.368359,s-3.40784,s194.435626
151_94,s-3.608204,s2.050211,s354.481168
151_95,s-3.883701,s0.72067,s101.858086
151_96,s3.619644,s2.321245,s334.872717
151_97,s0.790873,s4.429957,s119.390125
151_98,s4.403808,s-0.925459,s353.572996
151_99,s4.146049,s0.671029,s254.799508
151_100,s-3.794542,s0.20359,s127.573646
151_101,s2.949522,s3.059873,s1.870195
151_102,s-3.190818,s-2.807344,s111.860962
151_103,s2.166557,s-3.886969,s233.062158
151_104,s1.604399,s3.718656,s1.899259
151_105,s3.307595,s-3.268381,s335.698308
151_106,s1.645038,s-4.24221,s241.577831
151_107,s4.19738,s-1.622345,s189.096833
151_108,s-4.488406,s-1.00708,s1.903808
151_109,s0.427796,s-4.278667,s74.387053
151_110,s4.204913,s2.099693,s327.982217
151_111,s1.949102,s4.221789,s240.957166
151_112,s4.264544,s1.586241,s233.479404
151_113,s-3.941597,s2.467045,s41.203763
151_114,s-1.474721,s-4.251494,s169.124634
151_115,s-0.870357,s-4.771266,s224.063275
151_116,s-3.094592,s-3.403454,s117.049979
151_117,s-2.669466,s4.049253,s174.150919
151_118,s-4.303484,s1.315303,s150.479946
151_119,s3.889615,s-2.897136,s304.29164
151_120,s-0.686363,s4.244868,s329.015739
151_121,s3.567673,s3.059692,s37.142101
151_122,s-3.265704,s3.310239,s57.468548
151_123,s3.071674,s-3.817698,s180.849631
151_124,s-4.991423,s-0.76694,s173.28726
151_125,s4.950407,s1.748134,s203.595737
151_126,s-2.827687,s-3.816633,s187.991472
151_127,s-4.731013,s0.424278,s82.136033
151_128,s3.80096,s-3.400397,s196.751418
151_129,s-0.730063,s4.845308,s55.515236
151_130,s-4.804723,s1.710157,s173.023405
151_131,s-1.953759,s4.439068,s76.916739
151_132,s4.463056,s3.039923,s251.495715
151_133,s1.052164,s-4.169287,s217.990603
151_134,s3.250387,s3.864904,s309.106253
151_135,s-4.753671,s2.228253,s337.761822
151_136,s-4.496772,s-2.29816,s102.110863
151_137,s4.582708,s-2.238032,s286.887177
151_138,s-2.245938,s-4.411152,s190.317511
151_139,s1.624321,s-4.887134,s170.79628
151_140,s0.78701,s-4.887035,s73.310976
151_141,s-4.208089,s-3.139186,s328.354983
151_142,s2.380055,s4.847199,s182.968775
151_143,s1.030458,s-5.249824,s137.212473
151_144,s3.703032,s3.721566,s264.726646
151_145,s-3.22781,s3.948575,s40.495142
151_146,s-4.933281,s-1.795895,s129.347804
151_147,s-4.43477,s-3.580896,s36.097881
151_148,s2.755784,s4.172008,s301.866943
151_149,s2.920698,s4.894847,s254.557573
151_150,s-5.202169,s1.013626,s52.240126
152_0,s0.0,s0.0,s61.458974
152_1,s-0.087797,s0.492231,s34.479228
152_2,s0.458878,s0.65531,s347.407842
152_3,s0.369948,s-0.2562,s301.022519
152_4,s-0.404414,s-0.294023,s128.840276
152_5,s0.834052,s-0.454816,s262.731028
152_6,s-0.184418,s-0.778454,s224.38473
152_7,s0.819507,s0.480529,s278.525991
152_8,s-0.836532,s0.331986,s27.229171
152_9,s0.973831,s-1.005809,s247.702628
152_10,s-1.028382,s-0.949964,s213.937165
152_11,s-1.046449,s-0.086287,s57.453197
152_12,s0.705015,s1.491795,s17.209855
152_13,s0.254261,s-1.529003,s197.311675
152_14,s-1.353793,s-0.645945,s76.43608
152_15,s-1.456944,s0.661298,s83.771924
152_16,s-0.740772,s1.361527,s111.270673
152_17,s0.97787,s1.001884,s297.463483
152_18,s-0.629273,s1.739688,s1.553225
152_19,s-1.680577,s-1.084278,s101.500223
152_20,s1.623048,s-0.778277,s209.278812
152_21,s-0.833751,s-1.817927,s218.161732
152_22,s-1.916349,s1.179028,s111.169023
152_23,s-1.280872,s1.536023,s66.434036
152_24,s1.613792,s1.638803,s55.371005
152_25,s1.522809,s0.289055,s216.067609
152_26,s0.468313,s2.404825,s40.113282
152_27,s0.69866,s-1.874,s299.844059
152_28,s-1.377234,s-1.650978,s85.32734
152_29,s2.021313,s0.732662,s236.361939
152_30,s-1.197927,s-2.137164,s183.096492
152_31,s-0.802746,s-2.577906,s217.550163
152_32,s0.922671,s-2.269621,s146.629322
152_33,s2.137907,s-0.848146,s297.113569
152_34,s-2.360949,s-0.431182,s73.976505
152_35,s1.488701,s-1.818315,s164.330764
152_36,s-1.012541,s2.285774,s29.456702
152_37,s-2.124458,s1.666337,s88.150672
152_38,s-1.519058,s2.292371,s101.756916
152_39,s2.016567,s1.30133,s0.723876
152_40,s1.10743,s2.296976,s15.110186
152_41,s2.490596,s1.042561,s288.869752
152_42,s-0.484167,s2.554522,s358.622905
152_43,s-2.90154,s0.762278,s3.688647
152_44,s2.109286,s-1.764486,s306.21191
152_45,s-1.886577,s-2.000832,s210.02924
152_46,s1.397116,s2.767321,s326.568391
152_47,s-2.577456,s-1.329181,s167.508644
152_48,s1.969621,s-2.196154,s152.980053
152_49,s2.056015,s2.184674,s24.162355
152_50,s2.829427,s0.341819,s327.874672
152_51,s1.213886,s-2.852452,s111.28805
152_52,s-2.549588,s2.015466,s27.523502
152_53,s2.389854,s1.729479,s318.209469
152_54,s0.298641,s-3.186034,s44.057785
152_55,s-3.148724,s-0.805009,s192.277539
152_56,s3.010275,s1.580584,s308.518319
152_57,s-0.499709,s-3.413618,s104.547263
152_58,s3.134362,s-1.032365,s16.735136
152_59,s-2.080893,s-2.561227,s185.765985
152_60,s2.525674,s-2.200789,s297.958236
152_61,s-2.572826,s-2.222739,s148.980963
152_62,s-3.701542,s-1.058815,s359.141366
152_63,s0.900721,s-3.330346,s173.154876
152_64,s-2.128665,s2.521663,s14.16456
152_65,s1.500152,s-3.162206,s195.526879
152_66,s0.129557,s-3.547635,s129.630534
152_67,s3.239573,s-0.260131,s248.031166
152_68,s-1.362891,s-3.005417,s132.628938
152_69,s-3.074889,s0.393776,s75.084519
152_70,s-3.274326,s-1.723017,s64.665195
152_71,s2.146335,s-2.827675,s150.297604
152_72,s-1.543913,s3.08526,s325.408847
152_73,s2.384008,s3.211932,s58.059383
152_74,s0.954197,s3.263358,s282.436895
152_75,s-3.238542,s1.789371,s171.920817
152_76,s3.528216,s-1.114311,s279.852836
152_77,s0.242373,s3.140662,s5.976925
152_78,s3.165618,s2.445171,s52.380332
152_79,s-0.594792,s3.44909,s335.074057
152_80,s3.790423,s0.674682,s47.746101
152_81,s3.28234,s-1.707701,s257.485009
152_82,s-2.233555,s3.615762,s262.616415
152_83,s0.962294,s3.830991,s316.530336
152_84,s2.507003,s-2.788806,s278.004905
152_85,s-1.071253,s-3.853883,s213.675847
152_86,s-3.63722,s1.100286,s47.100179
152_87,s-2.592469,s3.046162,s92.648657
152_88,s3.297121,s-2.264727,s247.847907
152_89,s2.287782,s-3.341939,s238.776418
152_90,s-3.659059,s-2.061865,s92.429683
152_91,s3.761597,s1.205359,s4.035417
152_92,s-1.722798,s4.048699,s270.930403
152_93,s-2.368359,s-3.40784,s194.435626
152_94,s-3.608204,s2.050211,s354.481168
152_95,s-3.883701,s0.72067,s101.858086
152_96,s3.619644,s2.321245,s334.872717
152_97,s0.790873,s4.429957,s119.390125
152_98,s4.403808,s-0.925459,s353.572996
152_99,s4.146049,s0.671029,s254.799508
152_100,s-3.794542,s0.20359,s127.573646
152_101,s2.949522,s3.059873,s1.870195
152_102,s-3.190818,s-2.807344,s111.860962
152_103,s2.166557,s-3.886969,s233.062158
152_104,s1.604399,s3.718656,s1.899259
152_105,s3.307595,s-3.268381,s335.698308
152_106,s1.645038,s-4.24221,s241.577831
152_107,s4.19738,s-1.622345,s189.096833
152_108,s-4.488406,s-1.00708,s1.903808
152_109,s0.427796,s-4.278667,s74.387053
152_110,s4.204913,s2.099693,s327.982217
152_111,s1.949102,s4.221789,s240.957166
152_112,s4.264544,s1.586241,s233.479404
152_113,s-3.941597,s2.467045,s41.203763
152_114,s-1.474721,s-4.251494,s169.124634
152_115,s-0.870357,s-4.771266,s224.063275
152_116,s-3.094592,s-3.403454,s117.049979
152_117,s-2.669466,s4.049253,s174.150919
152_118,s-4.303484,s1.315303,s150.479946
152_119,s3.889615,s-2.897136,s304.29164
152_120,s-0.686363,s4.244868,s329.015739
152_121,s3.567673,s3.059692,s37.142101
152_122,s-3.265704,s3.310239,s57.468548
152_123,s3.071674,s-3.817698,s180.849631
152_124,s-4.991423,s-0.76694,s173.28726
152_125,s4.950407,s1.748134,s203.595737
152_126,s-2.827687,s-3.816633,s187.991472
152_127,s-4.731013,s0.424278,s82.136033
152_128,s3.80096,s-3.400397,s196.751418
152_129,s-0.730063,s4.845308,s55.515236
152_130,s-4.804723,s1.710157,s173.023405
152_131,s-1.953759,s4.439068,s76.916739
152_132,s4.463056,s3.039923,s251.495715
152_133,s1.052164,s-4.169287,s217.990603
152_134,s3.250387,s3.864904,s309.106253
152_135,s-4.753671,s2.228253,s337.761822
152_136,s-4.496772,s-2.29816,s102.110863
152_137,s4.582708,s-2.238032,s286.887177
152_138,s-2.245938,s-4.411152,s190.317511
152_139,s1.624321,s-4.887134,s170.79628
152_140,s0.78701,s-4.887035,s73.310976
152_141,s-4.208089,s-3.139186,s328.354983
152_142,s2.380055,s4.847199,s182.968775
152_143,s1.030458,s-5.249824,s137.212473
152_144,s3.703032,s3.721566,s264.726646
152_145,s-3.22781,s3.948575,s40.495142
152_146,s-4.933281,s-1.795895,s129.347804
152_147,s-4.43477,s-3.580896,s36.097881
152_148,s2.755784,s4.172008,s301.866943
152_149,s2.920698,s4.894847,s254.557573
152_150,s-5.202169,s1.013626,s52.240126
152_151,s4.893457,s-0.253142,s187.408777
153_0,s0.0,s0.0,s61.458974
153_1,s-0.087797,s0.492231,s34.479228
153_2,s0.458878,s0.65531,s347.407842
153_3,s0.369948,s-0.2562,s301.022519
153_4,s-0.404414,s-0.294023,s128.840276
153_5,s0.834052,s-0.454816,s262.731028
153_6,s-0.184418,s-0.778454,s224.38473
153_7,s0.819507,s0.480529,s278.525991
153_8,s-0.836532,s0.331986,s27.229171
153_9,s0.973831,s-1.005809,s247.702628
153_10,s-1.028382,s-0.949964,s213.937165
153_11,s-1.046449,s-0.086287,s57.453197
153_12,s0.705015,s1.491795,s17.209855
153_13,s0.254261,s-1.529003,s197.311675
153_14,s-1.353793,s-0.645945,s76.43608
153_15,s-1.456944,s0.661298,s83.771924
153_16,s-0.740772,s1.361527,s111.270673
153_17,s0.97787,s1.001884,s297.463483
153_18,s-0.629273,s1.739688,s1.553225
153_19,s-1.680577,s-1.084278,s101.500223
153_20,s1.623048,s-0.778277,s209.278812
153_21,s-0.833751,s-1.817927,s218.161732
153_22,s-1.916349,s1.179028,s111.169023
153_23,s-1.280872,s1.536023,s66.434036
153_24,s1.613792,s1.638803,s55.371005
153_25,s1.522809,s0.289055,s216.067609
153_26,s0.468313,s2.404825,s40.113282
153_27,s0.69866,s-1.874,s299.844059
153_28,s-1.377234,s-1.650978,s85.32734
153_29,s2.021313,s0.732662,s236.361939
153_30,s-1.197927,s-2.137164,s183.096492
153_31,s-0.802746,s-2.577906,s217.550163
153_32,s0.922671,s-2.269621,s146.629322
153_33,s2.137907,s-0.848146,s297.113569
153_34,s-2.360949,s-0.431182,s73.976505
153_35,s1.488701,s-1.818315,s164.330764
153_36,s-1.012541,s2.285774,s29.456702
153_37,s-2.124458,s1.666337,s88.150672
153_38,s-1.519058,s2.292371,s101.756916
153_39,s2.016567,s1.30133,s0.723876
153_40,s1.10743,s2.296976,s15.110186
153_41,s2.490596,s1.042561,s288.869752
153_42,s-0.484167,s2.554522,s358.622905
153_43,s-2.90154,s0.762278,s3.688647
153_44,s2.109286,s-1.764486,s306.21191
153_45,s-1.886577,s-2.000832,s210.02924
153_46,s1.397116,s2.767321,s326.568391
153_47,s-2.577456,s-1.329181,s167.508644
153_48,s1.969621,s-2.196154,s152.980053
153_49,s2.056015,s2.184674,s24.162355
153_50,s2.829427,s0.341819,s327.874672
153_51,s1.213886,s-2.852452,s111.28805
153_52,s-2.549588,s2.015466,s27.523502
153_53,s2.389854,s1.729479,s318.209469
153_54,s0.298641,s-3.186034,s44.057785
153_55,s-3.148724,s-0.805009,s192.277539
153_56,s3.010275,s1.580584,s308.518319
153_57,s-0.499709,s-3.413618,s104.547263
153_58,s3.134362,s-1.032365,s16.735136
153_59,s-2.080893,s-2.561227,s185.765985
153_60,s2.525674,s-2.200789,s297.958236
153_61,s-2.572826,s-2.222739,s148.980963
153_62,s-3.701542,s-1.058815,s359.141366
153_63,s0.900721,s-3.330346,s173.154876
153_64,s-2.128665,s2.521663,s14.16456
153_65,s1.500152,s-3.162206,s195.526879
153_66,s0.129557,s-3.547635,s129.630534
153_67,s3.239573,s-0.260131,s248.031166
153_68,s-1.362891,s-3.005417,s132.628938
153_69,s-3.074889,s0.393776,s75.084519
153_70,s-3.274326,s-1.723017,s64.665195
153_71,s2.146335,s-2.827675,s150.297604
153_72,s-1.543913,s3.08526,s325.408847
153_73,s2.384008,s3.211932,s58.059383
153_74,s0.954197,s3.263358,s282.436895
153_75,s-3.238542,s1.789371,s171.920817
153_76,s3.528216,s-1.114311,s279.852836
153_77,s0.242373,s3.140662,s5.976925
153_78,s3.165618,s2.445171,s52.380332
153_79,s-0.594792,s3.44909,s335.074057
153_80,s3.790423,s0.674682,s47.746101
153_81,s3.28234,s-1.707701,s257.485009
153_82,s-2.233555,s3.615762,s262.616415
153_83,s0.962294,s3.830991,s316.530336
153_84,s2.507003,s-2.788806,s278.004905
153_85,s-1.071253,s-3.853883,s213.675847
153_86,s-3.63722,s1.100286,s47.100179
153_87,s-2.592469,s3.046162,s92.648657
153_88,s3.297121,s-2.264727,s247.847907
153_89,s2.287782,s-3.341939,s238.776418
153_90,s-3.659059,s-2.061865,s92.429683
153_91,s3.761597,s1.205359,s4.035417
153_92,s-1.722798,s4.048699,s270.930403
153_93,s-2.368359,s-3.40784,s194.435626
153_94,s-3.608204,s2.050211,s354.481168
153_95,s-3.883701,s0.72067,s101.858086
153_96,s3.619644,s2.321245,s334.872717
153_97,s0.790873,s4.429957,s119.390125
153_98,s4.403808,s-0.925459,s353.572996
153_99,s4.146049,s0.671029,s254.799508
153_100,s-3.794542,s0.20359,s127.573646
153_101,s2.949522,s3.059873,s1.870195
153_102,s-3.190818,s-2.807344,s111.860962
153_103,s2.166557,s-3.886969,s233.062158
153_104,s1.604399,s3.718656,s1.899259
153_105,s3.307595,s-3.268381,s335.698308
153_106,s1.645038,s-4.24221,s241.577831
153_107,s4.19738,s-1.622345,s189.096833
153_108,s-4.488406,s-1.00708,s1.903808
153_109,s0.427796,s-4.278667,s74.387053
153_110,s4.204913,s2.099693,s327.982217
153_111,s1.949102,s4.221789,s240.957166
153_112,s4.264544,s1.586241,s233.479404
153_113,s-3.941597,s2.467045,s41.203763
153_114,s-1.474721,s-4.251494,s169.124634
153_115,s-0.870357,s-4.771266,s224.063275
153_116,s-3.094592,s-3.403454,s117.049979
153_117,s-2.669466,s4.049253,s174.150919
153_118,s-4.303484,s1.315303,s150.479946
153_119,s3.889615,s-2.897136,s304.29164
153_120,s-0.686363,s4.244868,s329.015739
153_121,s3.567673,s3.059692,s37.142101
153_122,s-3.265704,s3.310239,s57.468548
153_123,s3.071674,s-3.817698,s180.849631
153_124,s-4.991423,s-0.76694,s173.28726
153_125,s4.950407,s1.748134,s203.595737
153_126,s-2.827687,s-3.816633,s187.991472
153_127,s-4.731013,s0.424278,s82.136033
153_128,s3.80096,s-3.400397,s196.751418
153_129,s-0.730063,s4.845308,s55.515236
153_130,s-4.804723,s1.710157,s173.023405
153_131,s-1.953759,s4.439068,s76.916739
153_132,s4.463056,s3.039923,s251.495715
153_133,s1.052164,s-4.169287,s217.990603
153_134,s3.250387,s3.864904,s309.106253
153_135,s-4.753671,s2.228253,s337.761822
153_136,s-4.496772,s-2.29816,s102.110863
153_137,s4.582708,s-2.238032,s286.887177
153_138,s-2.245938,s-4.411152,s190.317511
153_139,s1.624321,s-4.887134,s170.79628
153_140,s0.78701,s-4.887035,s73.310976
153_141,s-4.208089,s-3.139186,s328.354983
153_142,s2.380055,s4.847199,s182.968775
153_143,s1.030458,s-5.249824,s137.212473
153_144,s3.703032,s3.721566,s264.726646
153_145,s-3.22781,s3.948575,s40.495142
153_146,s-4.933281,s-1.795895,s129.347804
153_147,s-4.43477,s-3.580896,s36.097881
153_148,s2.755784,s4.172008,s301.866943
153_149,s2.920698,s4.894847,s254.557573
153_150,s-5.202169,s1.013626,s52.240126
153_151,s4.893457,s-0.253142,s187.408777
153_152,s-4.629107,s3.151407,s18.690016
154_0,s0.0,s0.0,s61.458974
154_1,s-0.087797,s0.492231,s34.479228
154_2,s0.458878,s0.65531,s347.407842
154_3,s0.369948,s-0.2562,s301.022519
154_4,s-0.404414,s-0.294023,s128.840276
154_5,s0.834052,s-0.454816,s262.731028
154_6,s-0.184418,s-0.778454,s224.38473
154_7,s0.819507,s0.480529,s278.525991
154_8,s-0.836532,s0.331986,s27.229171
154_9,s0.973831,s-1.005809,s247.702628
154_10,s-1.028382,s-0.949964,s213.937165
154_11,s-1.046449,s-0.086287,s57.453197
154_12,s0.705015,s1.491795,s17.209855
154_13,s0.254261,s-1.529003,s197.311675
154_14,s-1.353793,s-0.645945,s76.43608
154_15,s-1.456944,s0.661298,s83.771924
154_16,s-0.740772,s1.361527,s111.270673
154_17,s0.97787,s1.001884,s297.463483
154_18,s-0.629273,s1.739688,s1.553225
154_19,s-1.680577,s-1.084278,s101.500223
154_20,s1.623048,s-0.778277,s209.278812
154_21,s-0.833751,s-1.817927,s218.161732
154_22,s-1.916349,s1.179028,s111.169023
154_23,s-1.280872,s1.536023,s66.434036
154_24,s1.613792,s1.638803,s55.371005
154_25,s1.522809,s0.289055,s216.067609
154_26,s0.468313,s2.404825,s40.113282
154_27,s0.69866,s-1.874,s299.844059
154_28,s-1.377234,s-1.650978,s85.32734
154_29,s2.021313,s0.732662,s236.361939
154_30,s-1.197927,s-2.137164,s183.096492
154_31,s-0.802746,s-2.577906,s217.550163
154_32,s0.922671,s-2.269621,s146.629322
154_33,s2.137907,s-0.848146,s297.113569
154_34,s-2.360949,s-0.431182,s73.976505
154_35,s1.488701,s-1.818315,s164.330764
154_36,s-1.012541,s2.285774,s29.456702
154_37,s-2.124458,s1.666337,s88.150672
154_38,s-1.519058,s2.292371,s101.756916
154_39,s2.016567,s1.30133,s0.723876
154_40,s1.10743,s2.296976,s15.110186
154_41,s2.490596,s1.042561,s288.869752
154_42,s-0.484167,s2.554522,s358.622905
154_43,s-2.90154,s0.762278,s3.688647
154_44,s2.109286,s-1.764486,s306.21191
154_45,s-1.886577,s-2.000832,s210.02924
154_46,s1.397116,s2.767321,s326.568391
154_47,s-2.577456,s-1.329181,s167.508644
154_48,s1.969621,s-2.196154,s152.980053
154_49,s2.056015,s2.184674,s24.162355
154_50,s2.829427,s0.341819,s327.874672
154_51,s1.213886,s-2.852452,s111.28805
154_52,s-2.549588,s2.015466,s27.523502
154_53,s2.389854,s1.729479,s318.209469
154_54,s0.298641,s-3.186034,s44.057785
154_55,s-3.148724,s-0.805009,s192.277539
154_56,s3.010275,s1.580584,s308.518319
154_57,s-0.499709,s-3.413618,s104.547263
154_58,s3.134362,s-1.032365,s16.735136
154_59,s-2.080893,s-2.561227,s185.765985
154_60,s2.525674,s-2.200789,s297.958236
154_61,s-2.572826,s-2.222739,s148.980963
154_62,s-3.701542,s-1.058815,s359.141366
154_63,s0.900721,s-3.330346,s173.154876
154_64,s-2.128665,s2.521663,s14.16456
154_65,s1.500152,s-3.162206,s195.526879
154_66,s0.129557,s-3.547635,s129.630534
154_67,s3.239573,s-0.260131,s248.031166
154_68,s-1.362891,s-3.005417,s132.628938
154_69,s-3.074889,s0.393776,s75.084519
154_70,s-3.274326,s-1.723017,s64.665195
154_71,s2.146335,s-2.827675,s150.297604
154_72,s-1.543913,s3.08526,s325.408847
154_73,s2.384008,s3.211932,s58.059383
154_74,s0.954197,s3.263358,s282.436895
154_75,s-3.238542,s1.789371,s171.920817
154_76,s3.528216,s-1.114311,s279.852836
154_77,s0.242373,s3.140662,s5.976925
154_78,s3.165618,s2.445171,s52.380332
154_79,s-0.594792,s3.44909,s335.074057
154_80,s3.790423,s0.674682,s47.746101
154_81,s3.28234,s-1.707701,s257.485009
154_82,s-2.233555,s3.615762,s262.616415
154_83,s0.962294,s3.830991,s316.530336
154_84,s2.507003,s-2.788806,s278.004905
154_85,s-1.071253,s-3.853883,s213.675847
154_86,s-3.63722,s1.100286,s47.100179
154_87,s-2.592469,s3.046162,s92.648657
154_88,s3.297121,s-2.264727,s247.847907
154_89,s2.287782,s-3.341939,s238.776418
154_90,s-3.659059,s-2.061865,s92.429683
154_91,s3.761597,s1.205359,s4.035417
154_92,s-1.722798,s4.048699,s270.930403
154_93,s-2.368359,s-3.40784,s194.435626
154_94,s-3.608204,s2.050211,s354.481168
154_95,s-3.883701,s0.72067,s101.858086
154_96,s3.619644,s2.321245,s334.872717
154_97,s0.790873,s4.429957,s119.390125
154_98,s4.403808,s-0.925459,s353.572996
154_99,s4.146049,s0.671029,s254.799508
154_100,s-3.794542,s0.20359,s127.573646
154_101,s2.949522,s3.059873,s1.870195
154_102,s-3.190818,s-2.807344,s111.860962
154_103,s2.166557,s-3.886969,s233.062158
154_104,s1.604399,s3.718656,s1.899259
154_105,s3.307595,s-3.268381,s335.698308
154_106,s1.645038,s-4.24221,s241.577831
154_107,s4.19738,s-1.622345,s189.096833
154_108,s-4.488406,s-1.00708,s1.903808
154_109,s0.427796,s-4.278667,s74.387053
154_110,s4.204913,s2.099693,s327.982217
154_111,s1.949102,s4.221789,s240.957166
154_112,s4.264544,s1.586241,s233.479404
154_113,s-3.941597,s2.467045,s41.203763
154_114,s-1.474721,s-4.251494,s169.124634
154_115,s-0.870357,s-4.771266,s224.063275
154_116,s-3.094592,s-3.403454,s117.049979
154_117,s-2.669466,s4.049253,s174.150919
154_118,s-4.303484,s1.315303,s150.479946
154_119,s3.889615,s-2.897136,s304.29164
154_120,s-0.686363,s4.244868,s329.015739
154_121,s3.567673,s3.059692,s37.142101
154_122,s-3.265704,s3.310239,s57.468548
154_123,s3.071674,s-3.817698,s180.849631
154_124,s-4.991423,s-0.76694,s173.28726
154_125,s4.950407,s1.748134,s203.595737
154_126,s-2.827687,s-3.816633,s187.991472
154_127,s-4.731013,s0.424278,s82.136033
154_128,s3.80096,s-3.400397,s196.751418
154_129,s-0.730063,s4.845308,s55.515236
154_130,s-4.804723,s1.710157,s173.023405
154_131,s-1.953759,s4.439068,s76.916739
154_132,s4.463056,s3.039923,s251.495715
154_133,s1.052164,s-4.169287,s217.990603
154_134,s3.250387,s3.864904,s309.106253
154_135,s-4.753671,s2.228253,s337.761822
154_136,s-4.496772,s-2.29816,s102.110863
154_137,s4.582708,s-2.238032,s286.887177
154_138,s-2.245938,s-4.411152,s190.317511
154_139,s1.624321,s-4.887134,s170.79628
154_140,s0.78701,s-4.887035,s73.310976
154_141,s-4.208089,s-3.139186,s328.354983
154_142,s2.380055,s4.847199,s182.968775
154_143,s1.030458,s-5.249824,s137.212473
154_144,s3.703032,s3.721566,s264.726646
154_145,s-3.22781,s3.948575,s40.495142
154_146,s-4.933281,s-1.795895,s129.347804
154_147,s-4.43477,s-3.580896,s36.097881
154_148,s2.755784,s4.172008,s301.866943
154_149,s2.920698,s4.894847,s254.557573
154_150,s-5.202169,s1.013626,s52.240126
154_151,s4.893457,s-0.253142,s187.408777
154_152,s-4.629107,s3.151407,s18.690016
154_153,s5.488161,s-0.826189,s12.311594
155_0,s0.0,s0.0,s61.458974
155_1,s-0.087797,s0.492231,s34.479228
155_2,s0.458878,s0.65531,s347.407842
155_3,s0.369948,s-0.2562,s301.022519
155_4,s-0.404414,s-0.294023,s128.840276
155_5,s0.834052,s-0.454816,s262.731028
155_6,s-0.184418,s-0.778454,s224.38473
155_7,s0.819507,s0.480529,s278.525991
155_8,s-0.836532,s0.331986,s27.229171
155_9,s0.973831,s-1.005809,s247.702628
155_10,s-1.028382,s-0.949964,s213.937165
155_11,s-1.046449,s-0.086287,s57.453197
155_12,s0.705015,s1.491795,s17.209855
155_13,s0.254261,s-1.529003,s197.311675
155_14,s-1.353793,s-0.645945,s76.43608
155_15,s-1.456944,s0.661298,s83.771924
155_16,s-0.740772,s1.361527,s111.270673
155_17,s0.97787,s1.001884,s297.463483
155_18,s-0.629273,s1.739688,s1.553225
155_19,s-1.680577,s-1.084278,s101.500223
155_20,s1.623048,s-0.778277,s209.278812
155_21,s-0.833751,s-1.817927,s218.161732
155_22,s-1.916349,s1.179028,s111.169023
155_23,s-1.280872,s1.536023,s66.434036
155_24,s1.613792,s1.638803,s55.371005
155_25,s1.522809,s0.289055,s216.067609
155_26,s0.468313,s2.404825,s40.113282
155_27,s0.69866,s-1.874,s299.844059
155_28,s-1.377234,s-1.650978,s85.32734
155_29,s2.021313,s0.732662,s236.361939
155_30,s-1.197927,s-2.137164,s183.096492
155_31,s-0.802746,s-2.577906,s217.550163
155_32,s0.922671,s-2.269621,s146.629322
155_33,s2.137907,s-0.848146,s297.113569
155_34,s-2.360949,s-0.431182,s73.976505
155_35,s1.488701,s-1.818315,s164.330764
155_36,s-1.012541,s2.285774,s29.456702
155_37,s-2.124458,s1.666337,s88.150672
155_38,s-1.519058,s2.292371,s101.756916
155_39,s2.016567,s1.30133,s0.723876
155_40,s1.10743,s2.296976,s15.110186
155_41,s2.490596,s1.042561,s288.869752
155_42,s-0.484167,s2.554522,s358.622905
155_43,s-2.90154,s0.762278,s3.688647
155_44,s2.109286,s-1.764486,s306.21191
155_45,s-1.886577,s-2.000832,s210.02924
155_46,s1.397116,s2.767321,s326.568391
155_47,s-2.577456,s-1.329181,s167.508644
155_48,s1.969621,s-2.196154,s152.980053
155_49,s2.056015,s2.184674,s24.162355
155_50,s2.829427,s0.341819,s327.874672
155_51,s1.213886,s-2.852452,s111.28805
155_52,s-2.549588,s2.015466,s27.523502
155_53,s2.389854,s1.729479,s318.209469
155_54,s0.298641,s-3.186034,s44.057785
155_55,s-3.148724,s-0.805009,s192.277539
155_56,s3.010275,s1.580584,s308.518319
155_57,s-0.499709,s-3.413618,s104.547263
155_58,s3.134362,s-1.032365,s16.735136
155_59,s-2.080893,s-2.561227,s185.765985
155_60,s2.525674,s-2.200789,s297.958236
155_61,s-2.572826,s-2.222739,s148.980963
155_62,s-3.701542,s-1.058815,s359.141366
155_63,s0.900721,s-3.330346,s173.154876
155_64,s-2.128665,s2.521663,s14.16456
155_65,s1.500152,s-3.162206,s195.526879
155_66,s0.129557,s-3.547635,s129.630534
155_67,s3.239573,s-0.260131,s248.031166
155_68,s-1.362891,s-3.005417,s132.628938
155_69,s-3.074889,s0.393776,s75.084519
155_70,s-3.274326,s-1.723017,s64.665195
155_71,s2.146335,s-2.827675,s150.297604
155_72,s-1.543913,s3.08526,s325.408847
155_73,s2.384008,s3.211932,s58.059383
155_74,s0.954197,s3.263358,s282.436895
155_75,s-3.238542,s1.789371,s171.920817
155_76,s3.528216,s-1.114311,s279.852836
155_77,s0.242373,s3.140662,s5.976925
155_78,s3.165618,s2.445171,s52.380332
155_79,s-0.594792,s3.44909,s335.074057
155_80,s3.790423,s0.674682,s47.746101
155_81,s3.28234,s-1.707701,s257.485009
155_82,s-2.233555,s3.615762,s262.616415
155_83,s0.962294,s3.830991,s316.530336
155_84,s2.507003,s-2.788806,s278.004905
155_85,s-1.071253,s-3.853883,s213.675847
155_86,s-3.63722,s1.100286,s47.100179
155_87,s-2.592469,s3.046162,s92.648657
155_88,s3.297121,s-2.264727,s247.847907
155_89,s2.287782,s-3.341939,s238.776418
155_90,s-3.659059,s-2.061865,s92.429683
155_91,s3.761597,s1.205359,s4.035417
155_92,s-1.722798,s4.048699,s270.930403
155_93,s-2.368359,s-3.40784,s194.435626
155_94,s-3.608204,s2.050211,s354.481168
155_95,s-3.883701,s0.72067,s101.858086
155_96,s3.619644,s2.321245,s334.872717
155_97,s0.790873,s4.429957,s119.390125
155_98,s4.403808,s-0.925459,s353.572996
155_99,s4.146049,s0.671029,s254.799508
155_100,s-3.794542,s0.20359,s127.573646
155_101,s2.949522,s3.059873,s1.870195
155_102,s-3.190818,s-2.807344,s111.860962
155_103,s2.166557,s-3.886969,s233.062158
155_104,s1.604399,s3.718656,s1.899259
155_105,s3.307595,s-3.268381,s335.698308
155_106,s1.645038,s-4.24221,s241.577831
155_107,s4.19738,s-1.622345,s189.096833
155_108,s-4.488406,s-1.00708,s1.903808
155_109,s0.427796,s-4.278667,s74.387053
155_110,s4.204913,s2.099693,s327.982217
155_111,s1.949102,s4.221789,s240.957166
155_112,s4.264544,s1.586241,s233.479404
155_113,s-3.941597,s2.467045,s41.203763
155_114,s-1.474721,s-4.251494,s169.124634
155_115,s-0.870357,s-4.771266,s224.063275
155_116,s-3.094592,s-3.403454,s117.049979
155_117,s-2.669466,s4.049253,s174.150919
155_118,s-4.303484,s1.315303,s150.479946
155_119,s3.889615,s-2.897136,s304.29164
155_120,s-0.686363,s4.244868,s329.015739
155_121,s3.567673,s3.059692,s37.142101
155_122,s-3.265704,s3.310239,s57.468548
155_123,s3.071674,s-3.817698,s180.849631
155_124,s-4.991423,s-0.76694,s173.28726
155_125,s4.950407,s1.748134,s203.595737
155_126,s-2.827687,s-3.816633,s187.991472
155_127,s-4.731013,s0.424278,s82.136033
155_128,s3.80096,s-3.400397,s196.751418
155_129,s-0.730063,s4.845308,s55.515236
155_130,s-4.804723,s1.710157,s173.023405
155_131,s-1.953759,s4.439068,s76.916739
155_132,s4.463056,s3.039923,s251.495715
155_133,s1.052164,s-4.169287,s217.990603
155_134,s3.250387,s3.864904,s309.106253
155_135,s-4.753671,s2.228253,s337.761822
155_136,s-4.496772,s-2.29816,s102.110863
155_137,s4.582708,s-2.238032,s286.887177
155_138,s-2.245938,s-4.411152,s190.317511
155_139,s1.624321,s-4.887134,s170.79628
155_140,s0.78701,s-4.887035,s73.310976
155_141,s-4.208089,s-3.139186,s328.354983
155_142,s2.380055,s4.847199,s182.968775
155_143,s1.030458,s-5.249824,s137.212473
155_144,s3.703032,s3.721566,s264.726646
155_145,s-3.22781,s3.948575,s40.495142
155_146,s-4.933281,s-1.795895,s129.347804
155_147,s-4.43477,s-3.580896,s36.097881
155_148,s2.755784,s4.172008,s301.866943
155_149,s2.920698,s4.894847,s254.557573
155_150,s-5.202169,s1.013626,s52.240126
155_151,s4.893457,s-0.253142,s187.408777
155_152,s-4.629107,s3.151407,s18.690016
155_153,s5.488161,s-0.826189,s12.311594
155_154,s1.752472,s4.736174,s23.668878
156_0,s0.0,s0.0,s61.458974
156_1,s-0.087797,s0.492231,s34.479228
156_2,s0.458878,s0.65531,s347.407842
156_3,s0.369948,s-0.2562,s301.022519
156_4,s-0.404414,s-0.294023,s128.840276
156_5,s0.834052,s-0.454816,s262.731028
156_6,s-0.184418,s-0.778454,s224.38473
156_7,s0.819507,s0.480529,s278.525991
156_8,s-0.836532,s0.331986,s27.229171
156_9,s0.973831,s-1.005809,s247.702628
156_10,s-1.028382,s-0.949964,s213.937165
156_11,s-1.046449,s-0.086287,s57.453197
156_12,s0.705015,s1.491795,s17.209855
156_13,s0.254261,s-1.529003,s197.311675
156_14,s-1.353793,s-0.645945,s76.43608
156_15,s-1.456944,s0.661298,s83.771924
156_16,s-0.740772,s1.361527,s111.270673
156_17,s0.97787,s1.001884,s297.463483
156_18,s-0.629273,s1.739688,s1.553225
156_19,s-1.680577,s-1.084278,s101.500223
156_20,s1.623048,s-0.778277,s209.278812
156_21,s-0.833751,s-1.817927,s218.161732
156_22,s-1.916349,s1.179028,s111.169023
156_23,s-1.280872,s1.536023,s66.434036
156_24,s1.613792,s1.638803,s55.371005
156_25,s1.522809,s0.289055,s216.067609
156_26,s0.468313,s2.404825,s40.113282
156_27,s0.69866,s-1.874,s299.844059
156_28,s-1.377234,s-1.650978,s85.32734
156_29,s2.021313,s0.732662,s236.361939
156_30,s-1.197927,s-2.137164,s183.096492
156_31,s-0.802746,s-2.577906,s217.550163
156_32,s0.922671,s-2.269621,s146.629322
156_33,s2.137907,s-0.848146,s297.113569
156_34,s-2.360949,s-0.431182,s73.976505
156_35,s1.488701,s-1.818315,s164.330764
156_36,s-1.012541,s2.285774,s29.456702
156_37,s-2.124458,s1.666337,s88.150672
156_38,s-1.519058,s2.292371,s101.756916
156_39,s2.016567,s1.30133,s0.723876
156_40,s1.10743,s2.296976,s15.110186
156_41,s2.490596,s1.042561,s288.869752
156_42,s-0.484167,s2.554522,s358.622905
156_43,s-2.90154,s0.762278,s3.688647
156_44,s2.109286,s-1.764486,s306.21191
156_45,s-1.886577,s-2.000832,s210.02924
156_46,s1.397116,s2.767321,s326.568391
156_47,s-2.577456,s-1.329181,s167.508644
156_48,s1.969621,s-2.196154,s152.980053
156_49,s2.056015,s2.184674,s24.162355
156_50,s2.829427,s0.341819,s327.874672
156_51,s1.213886,s-2.852452,s111.28805
156_52,s-2.549588,s2.015466,s27.523502
156_53,s2.389854,s1.729479,s318.209469
156_54,s0.298641,s-3.186034,s44.057785
156_55,s-3.148724,s-0.805009,s192.277539
156_56,s3.010275,s1.580584,s308.518319
156_57,s-0.499709,s-3.413618,s104.547263
156_58,s3.134362,s-1.032365,s16.735136
156_59,s-2.080893,s-2.561227,s185.765985
156_60,s2.525674,s-2.200789,s297.958236
156_61,s-2.572826,s-2.222739,s148.980963
156_62,s-3.701542,s-1.058815,s359.141366
156_63,s0.900721,s-3.330346,s173.154876
156_64,s-2.128665,s2.521663,s14.16456
156_65,s1.500152,s-3.162206,s195.526879
156_66,s0.129557,s-3.547635,s129.630534
156_67,s3.239573,s-0.260131,s248.031166
156_68,s-1.362891,s-3.005417,s132.628938
156_69,s-3.074889,s0.393776,s75.084519
156_70,s-3.274326,s-1.723017,s64.665195
156_71,s2.146335,s-2.827675,s150.297604
156_72,s-1.543913,s3.08526,s325.408847
156_73,s2.384008,s3.211932,s58.059383
156_74,s0.954197,s3.263358,s282.436895
156_75,s-3.238542,s1.789371,s171.920817
156_76,s3.528216,s-1.114311,s279.852836
156_77,s0.242373,s3.140662,s5.976925
156_78,s3.165618,s2.445171,s52.380332
156_79,s-0.594792,s3.44909,s335.074057
156_80,s3.790423,s0.674682,s47.746101
156_81,s3.28234,s-1.707701,s257.485009
156_82,s-2.233555,s3.615762,s262.616415
156_83,s0.962294,s3.830991,s316.530336
156_84,s2.507003,s-2.788806,s278.004905
156_85,s-1.071253,s-3.853883,s213.675847
156_86,s-3.63722,s1.100286,s47.100179
156_87,s-2.592469,s3.046162,s92.648657
156_88,s3.297121,s-2.264727,s247.847907
156_89,s2.287782,s-3.341939,s238.776418
156_90,s-3.659059,s-2.061865,s92.429683
156_91,s3.761597,s1.205359,s4.035417
156_92,s-1.722798,s4.048699,s270.930403
156_93,s-2.368359,s-3.40784,s194.435626
156_94,s-3.608204,s2.050211,s354.481168
156_95,s-3.883701,s0.72067,s101.858086
156_96,s3.619644,s2.321245,s334.872717
156_97,s0.790873,s4.429957,s119.390125
156_98,s4.403808,s-0.925459,s353.572996
156_99,s4.146049,s0.671029,s254.799508
156_100,s-3.794542,s0.20359,s127.573646
156_101,s2.949522,s3.059873,s1.870195
156_102,s-3.190818,s-2.807344,s111.860962
156_103,s2.166557,s-3.886969,s233.062158
156_104,s1.604399,s3.718656,s1.899259
156_105,s3.307595,s-3.268381,s335.698308
156_106,s1.645038,s-4.24221,s241.577831
156_107,s4.19738,s-1.622345,s189.096833
156_108,s-4.488406,s-1.00708,s1.903808
156_109,s0.427796,s-4.278667,s74.387053
156_110,s4.204913,s2.099693,s327.982217
156_111,s1.949102,s4.221789,s240.957166
156_112,s4.264544,s1.586241,s233.479404
156_113,s-3.941597,s2.467045,s41.203763
156_114,s-1.474721,s-4.251494,s169.124634
156_115,s-0.870357,s-4.771266,s224.063275
156_116,s-3.094592,s-3.403454,s117.049979
156_117,s-2.669466,s4.049253,s174.150919
156_118,s-4.303484,s1.315303,s150.479946
156_119,s3.889615,s-2.897136,s304.29164
156_120,s-0.686363,s4.244868,s329.015739
156_121,s3.567673,s3.059692,s37.142101
156_122,s-3.265704,s3.310239,s57.468548
156_123,s3.071674,s-3.817698,s180.849631
156_124,s-4.991423,s-0.76694,s173.28726
156_125,s4.950407,s1.748134,s203.595737
156_126,s-2.827687,s-3.816633,s187.991472
156_127,s-4.731013,s0.424278,s82.136033
156_128,s3.80096,s-3.400397,s196.751418
156_129,s-0.730063,s4.845308,s55.515236
156_130,s-4.804723,s1.710157,s173.023405
156_131,s-1.953759,s4.439068,s76.916739
156_132,s4.463056,s3.039923,s251.495715
156_133,s1.052164,s-4.169287,s217.990603
156_134,s3.250387,s3.864904,s309.106253
156_135,s-4.753671,s2.228253,s337.761822
156_136,s-4.496772,s-2.29816,s102.110863
156_137,s4.582708,s-2.238032,s286.887177
156_138,s-2.245938,s-4.411152,s190.317511
156_139,s1.624321,s-4.887134,s170.79628
156_140,s0.78701,s-4.887035,s73.310976
156_141,s-4.208089,s-3.139186,s328.354983
156_142,s2.380055,s4.847199,s182.968775
156_143,s1.030458,s-5.249824,s137.212473
156_144,s3.703032,s3.721566,s264.726646
156_145,s-3.22781,s3.948575,s40.495142
156_146,s-4.933281,s-1.795895,s129.347804
156_147,s-4.43477,s-3.580896,s36.097881
156_148,s2.755784,s4.172008,s301.866943
156_149,s2.920698,s4.894847,s254.557573
156_150,s-5.202169,s1.013626,s52.240126
156_151,s4.893457,s-0.253142,s187.408777
156_152,s-4.629107,s3.151407,s18.690016
156_153,s5.488161,s-0.826189,s12.311594
156_154,s1.752472,s4.736174,s23.668878
156_155,s5.827439,s0.513282,s153.853309
157_0,s0.0,s0.0,s61.458974
157_1,s-0.087797,s0.492231,s34.479228
157_2,s0.458878,s0.65531,s347.407842
157_3,s0.369948,s-0.2562,s301.022519
157_4,s-0.404414,s-0.294023,s128.840276
157_5,s0.834052,s-0.454816,s262.731028
157_6,s-0.184418,s-0.778454,s224.38473
157_7,s0.819507,s0.480529,s278.525991
157_8,s-0.836532,s0.331986,s27.229171
157_9,s0.973831,s-1.005809,s247.702628
157_10,s-1.028382,s-0.949964,s213.937165
157_11,s-1.046449,s-0.086287,s57.453197
157_12,s0.705015,s1.491795,s17.209855
157_13,s0.254261,s-1.529003,s197.311675
157_14,s-1.353793,s-0.645945,s76.43608
157_15,s-1.456944,s0.661298,s83.771924
157_16,s-0.740772,s1.361527,s111.270673
157_17,s0.97787,s1.001884,s297.463483
157_18,s-0.629273,s1.739688,s1.553225
157_19,s-1.680577,s-1.084278,s101.500223
157_20,s1.623048,s-0.778277,s209.278812
157_21,s-0.833751,s-1.817927,s218.161732
157_22,s-1.916349,s1.179028,s111.169023
157_23,s-1.280872,s1.536023,s66.434036
157_24,s1.613792,s1.638803,s55.371005
157_25,s1.522809,s0.289055,s216.067609
157_26,s0.468313,s2.404825,s40.113282
157_27,s0.69866,s-1.874,s299.844059
157_28,s-1.377234,s-1.650978,s85.32734
157_29,s2.021313,s0.732662,s236.361939
157_30,s-1.197927,s-2.137164,s183.096492
157_31,s-0.802746,s-2.577906,s217.550163
157_32,s0.922671,s-2.269621,s146.629322
157_33,s2.137907,s-0.848146,s297.113569
157_34,s-2.360949,s-0.431182,s73.976505
157_35,s1.488701,s-1.818315,s164.330764
157_36,s-1.012541,s2.285774,s29.456702
157_37,s-2.124458,s1.666337,s88.150672
157_38,s-1.519058,s2.292371,s101.756916
157_39,s2.016567,s1.30133,s0.723876
157_40,s1.10743,s2.296976,s15.110186
157_41,s2.490596,s1.042561,s288.869752
157_42,s-0.484167,s2.554522,s358.622905
157_43,s-2.90154,s0.762278,s3.688647
157_44,s2.109286,s-1.764486,s306.21191
157_45,s-1.886577,s-2.000832,s210.02924
157_46,s1.397116,s2.767321,s326.568391
157_47,s-2.577456,s-1.329181,s167.508644
157_48,s1.969621,s-2.196154,s152.980053
157_49,s2.056015,s2.184674,s24.162355
157_50,s2.829427,s0.341819,s327.874672
157_51,s1.213886,s-2.852452,s111.28805
157_52,s-2.549588,s2.015466,s27.523502
157_53,s2.389854,s1.729479,s318.209469
157_54,s0.298641,s-3.186034,s44.057785
157_55,s-3.148724,s-0.805009,s192.277539
157_56,s3.010275,s1.580584,s308.518319
157_57,s-0.499709,s-3.413618,s104.547263
157_58,s3.134362,s-1.032365,s16.735136
157_59,s-2.080893,s-2.561227,s185.765985
157_60,s2.525674,s-2.200789,s297.958236
157_61,s-2.572826,s-2.222739,s148.980963
157_62,s-3.701542,s-1.058815,s359.141366
157_63,s0.900721,s-3.330346,s173.154876
157_64,s-2.128665,s2.521663,s14.16456
157_65,s1.500152,s-3.162206,s195.526879
157_66,s0.129557,s-3.547635,s129.630534
157_67,s3.239573,s-0.260131,s248.031166
157_68,s-1.362891,s-3.005417,s132.628938
157_69,s-3.074889,s0.393776,s75.084519
157_70,s-3.274326,s-1.723017,s64.665195
157_71,s2.146335,s-2.827675,s150.297604
157_72,s-1.543913,s3.08526,s325.408847
157_73,s2.384008,s3.211932,s58.059383
157_74,s0.954197,s3.263358,s282.436895
157_75,s-3.238542,s1.789371,s171.920817
157_76,s3.528216,s-1.114311,s279.852836
157_77,s0.242373,s3.140662,s5.976925
157_78,s3.165618,s2.445171,s52.380332
157_79,s-0.594792,s3.44909,s335.074057
157_80,s3.790423,s0.674682,s47.746101
157_81,s3.28234,s-1.707701,s257.485009
157_82,s-2.233555,s3.615762,s262.616415
157_83,s0.962294,s3.830991,s316.530336
157_84,s2.507003,s-2.788806,s278.004905
157_85,s-1.071253,s-3.853883,s213.675847
157_86,s-3.63722,s1.100286,s47.100179
157_87,s-2.592469,s3.046162,s92.648657
157_88,s3.297121,s-2.264727,s247.847907
157_89,s2.287782,s-3.341939,s238.776418
157_90,s-3.659059,s-2.061865,s92.429683
157_91,s3.761597,s1.205359,s4.035417
157_92,s-1.722798,s4.048699,s270.930403
157_93,s-2.368359,s-3.40784,s194.435626
157_94,s-3.608204,s2.050211,s354.481168
157_95,s-3.883701,s0.72067,s101.858086
157_96,s3.619644,s2.321245,s334.872717
157_97,s0.790873,s4.429957,s119.390125
157_98,s4.403808,s-0.925459,s353.572996
157_99,s4.146049,s0.671029,s254.799508
157_100,s-3.794542,s0.20359,s127.573646
157_101,s2.949522,s3.059873,s1.870195
157_102,s-3.190818,s-2.807344,s111.860962
157_103,s2.166557,s-3.886969,s233.062158
157_104,s1.604399,s3.718656,s1.899259
157_105,s3.307595,s-3.268381,s335.698308
157_106,s1.645038,s-4.24221,s241.577831
157_107,s4.19738,s-1.622345,s189.096833
157_108,s-4.488406,s-1.00708,s1.903808
157_109,s0.427796,s-4.278667,s74.387053
157_110,s4.204913,s2.099693,s327.982217
157_111,s1.949102,s4.221789,s240.957166
157_112,s4.264544,s1.586241,s233.479404
157_113,s-3.941597,s2.467045,s41.203763
157_114,s-1.474721,s-4.251494,s169.124634
157_115,s-0.870357,s-4.771266,s224.063275
157_116,s-3.094592,s-3.403454,s117.049979
157_117,s-2.669466,s4.049253,s174.150919
157_118,s-4.303484,s1.315303,s150.479946
157_119,s3.889615,s-2.897136,s304.29164
157_120,s-0.686363,s4.244868,s329.015739
157_121,s3.567673,s3.059692,s37.142101
157_122,s-3.265704,s3.310239,s57.468548
157_123,s3.071674,s-3.817698,s180.849631
157_124,s-4.991423,s-0.76694,s173.28726
157_125,s4.950407,s1.748134,s203.595737
157_126,s-2.827687,s-3.816633,s187.991472
157_127,s-4.731013,s0.424278,s82.136033
157_128,s3.80096,s-3.400397,s196.751418
157_129,s-0.730063,s4.845308,s55.515236
157_130,s-4.804723,s1.710157,s173.023405
157_131,s-1.953759,s4.439068,s76.916739
157_132,s4.463056,s3.039923,s251.495715
157_133,s1.052164,s-4.169287,s217.990603
157_134,s3.250387,s3.864904,s309.106253
157_135,s-4.753671,s2.228253,s337.761822
157_136,s-4.496772,s-2.29816,s102.110863
157_137,s4.582708,s-2.238032,s286.887177
157_138,s-2.245938,s-4.411152,s190.317511
157_139,s1.624321,s-4.887134,s170.79628
157_140,s0.78701,s-4.887035,s73.310976
157_141,s-4.208089,s-3.139186,s328.354983
157_142,s2.380055,s4.847199,s182.968775
157_143,s1.030458,s-5.249824,s137.212473
157_144,s3.703032,s3.721566,s264.726646
157_145,s-3.22781,s3.948575,s40.495142
157_146,s-4.933281,s-1.795895,s129.347804
157_147,s-4.43477,s-3.580896,s36.097881
157_148,s2.755784,s4.172008,s301.866943
157_149,s2.920698,s4.894847,s254.557573
157_150,s-5.202169,s1.013626,s52.240126
157_151,s4.893457,s-0.253142,s187.408777
157_152,s-4.629107,s3.151407,s18.690016
157_153,s5.488161,s-0.826189,s12.311594
157_154,s1.752472,s4.736174,s23.668878
157_155,s5.827439,s0.513282,s153.853309
157_156,s2.710172,s-4.785913,s88.603284
158_0,s0.0,s0.0,s61.458974
158_1,s-0.087797,s0.492231,s34.479228
158_2,s0.458878,s0.65531,s347.407842
158_3,s0.369948,s-0.2562,s301.022519
158_4,s-0.404414,s-0.294023,s128.840276
158_5,s0.834052,s-0.454816,s262.731028
158_6,s-0.184418,s-0.778454,s224.38473
158_7,s0.819507,s0.480529,s278.525991
158_8,s-0.836532,s0.331986,s27.229171
158_9,s0.973831,s-1.005809,s247.702628
158_10,s-1.028382,s-0.949964,s213.937165
158_11,s-1.046449,s-0.086287,s57.453197
158_12,s0.705015,s1.491795,s17.209855
158_13,s0.254261,s-1.529003,s197.311675
158_14,s-1.353793,s-0.645945,s76.43608
158_15,s-1.456944,s0.661298,s83.771924
158_16,s-0.740772,s1.361527,s111.270673
158_17,s0.97787,s1.001884,s297.463483
158_18,s-0.629273,s1.739688,s1.553225
158_19,s-1.680577,s-1.084278,s101.500223
158_20,s1.623048,s-0.778277,s209.278812
158_21,s-0.833751,s-1.817927,s218.161732
158_22,s-1.916349,s1.179028,s111.169023
158_23,s-1.280872,s1.536023,s66.434036
158_24,s1.613792,s1.638803,s55.371005
158_25,s1.522809,s0.289055,s216.067609
158_26,s0.468313,s2.404825,s40.113282
158_27,s0.69866,s-1.874,s299.844059
158_28,s-1.377234,s-1.650978,s85.32734
158_29,s2.021313,s0.732662,s236.361939
158_30,s-1.197927,s-2.137164,s183.096492
158_31,s-0.802746,s-2.577906,s217.550163
158_32,s0.922671,s-2.269621,s146.629322
158_33,s2.137907,s-0.848146,s297.113569
158_34,s-2.360949,s-0.431182,s73.976505
158_35,s1.488701,s-1.818315,s164.330764
158_36,s-1.012541,s2.285774,s29.456702
158_37,s-2.124458,s1.666337,s88.150672
158_38,s-1.519058,s2.292371,s101.756916
158_39,s2.016567,s1.30133,s0.723876
158_40,s1.10743,s2.296976,s15.110186
158_41,s2.490596,s1.042561,s288.869752
158_42,s-0.484167,s2.554522,s358.622905
158_43,s-2.90154,s0.762278,s3.688647
158_44,s2.109286,s-1.764486,s306.21191
158_45,s-1.886577,s-2.000832,s210.02924
158_46,s1.397116,s2.767321,s326.568391
158_47,s-2.577456,s-1.329181,s167.508644
158_48,s1.969621,s-2.196154,s152.980053
158_49,s2.056015,s2.184674,s24.162355
158_50,s2.829427,s0.341819,s327.874672
158_51,s1.213886,s-2.852452,s111.28805
158_52,s-2.549588,s2.015466,s27.523502
158_53,s2.389854,s1.729479,s318.209469
158_54,s0.298641,s-3.186034,s44.057785
158_55,s-3.148724,s-0.805009,s192.277539
158_56,s3.010275,s1.580584,s308.518319
158_57,s-0.499709,s-3.413618,s104.547263
158_58,s3.134362,s-1.032365,s16.735136
158_59,s-2.080893,s-2.561227,s185.765985
158_60,s2.525674,s-2.200789,s297.958236
158_61,s-2.572826,s-2.222739,s148.980963
158_62,s-3.701542,s-1.058815,s359.141366
158_63,s0.900721,s-3.330346,s173.154876
158_64,s-2.128665,s2.521663,s14.16456
158_65,s1.500152,s-3.162206,s195.526879
158_66,s0.129557,s-3.547635,s129.630534
158_67,s3.239573,s-0.260131,s248.031166
158_68,s-1.362891,s-3.005417,s132.628938
158_69,s-3.074889,s0.393776,s75.084519
158_70,s-3.274326,s-1.723017,s64.665195
158_71,s2.146335,s-2.827675,s150.297604
158_72,s-1.543913,s3.08526,s325.408847
158_73,s2.384008,s3.211932,s58.059383
158_74,s0.954197,s3.263358,s282.436895
158_75,s-3.238542,s1.789371,s171.920817
158_76,s3.528216,s-1.114311,s279.852836
158_77,s0.242373,s3.140662,s5.976925
158_78,s3.165618,s2.445171,s52.380332
158_79,s-0.594792,s3.44909,s335.074057
158_80,s3.790423,s0.674682,s47.746101
158_81,s3.28234,s-1.707701,s257.485009
158_82,s-2.233555,s3.615762,s262.616415
158_83,s0.962294,s3.830991,s316.530336
158_84,s2.507003,s-2.788806,s278.004905
158_85,s-1.071253,s-3.853883,s213.675847
158_86,s-3.63722,s1.100286,s47.100179
158_87,s-2.592469,s3.046162,s92.648657
158_88,s3.297121,s-2.264727,s247.847907
158_89,s2.287782,s-3.341939,s238.776418
158_90,s-3.659059,s-2.061865,s92.429683
158_91,s3.761597,s1.205359,s4.035417
158_92,s-1.722798,s4.048699,s270.930403
158_93,s-2.368359,s-3.40784,s194.435626
158_94,s-3.608204,s2.050211,s354.481168
158_95,s-3.883701,s0.72067,s101.858086
158_96,s3.619644,s2.321245,s334.872717
158_97,s0.790873,s4.429957,s119.390125
158_98,s4.403808,s-0.925459,s353.572996
158_99,s4.146049,s0.671029,s254.799508
158_100,s-3.794542,s0.20359,s127.573646
158_101,s2.949522,s3.059873,s1.870195
158_102,s-3.190818,s-2.807344,s111.860962
158_103,s2.166557,s-3.886969,s233.062158
158_104,s1.604399,s3.718656,s1.899259
158_105,s3.307595,s-3.268381,s335.698308
158_106,s1.645038,s-4.24221,s241.577831
158_107,s4.19738,s-1.622345,s189.096833
158_108,s-4.488406,s-1.00708,s1.903808
158_109,s0.427796,s-4.278667,s74.387053
158_110,s4.204913,s2.099693,s327.982217
158_111,s1.949102,s4.221789,s240.957166
158_112,s4.264544,s1.586241,s233.479404
158_113,s-3.941597,s2.467045,s41.203763
158_114,s-1.474721,s-4.251494,s169.124634
158_115,s-0.870357,s-4.771266,s224.063275
158_116,s-3.094592,s-3.403454,s117.049979
158_117,s-2.669466,s4.049253,s174.150919
158_118,s-4.303484,s1.315303,s150.479946
158_119,s3.889615,s-2.897136,s304.29164
158_120,s-0.686363,s4.244868,s329.015739
158_121,s3.567673,s3.059692,s37.142101
158_122,s-3.265704,s3.310239,s57.468548
158_123,s3.071674,s-3.817698,s180.849631
158_124,s-4.991423,s-0.76694,s173.28726
158_125,s4.950407,s1.748134,s203.595737
158_126,s-2.827687,s-3.816633,s187.991472
158_127,s-4.731013,s0.424278,s82.136033
158_128,s3.80096,s-3.400397,s196.751418
158_129,s-0.730063,s4.845308,s55.515236
158_130,s-4.804723,s1.710157,s173.023405
158_131,s-1.953759,s4.439068,s76.916739
158_132,s4.463056,s3.039923,s251.495715
158_133,s1.052164,s-4.169287,s217.990603
158_134,s3.250387,s3.864904,s309.106253
158_135,s-4.753671,s2.228253,s337.761822
158_136,s-4.496772,s-2.29816,s102.110863
158_137,s4.582708,s-2.238032,s286.887177
158_138,s-2.245938,s-4.411152,s190.317511
158_139,s1.624321,s-4.887134,s170.79628
158_140,s0.78701,s-4.887035,s73.310976
158_141,s-4.208089,s-3.139186,s328.354983
158_142,s2.380055,s4.847199,s182.968775
158_143,s1.030458,s-5.249824,s137.212473
158_144,s3.703032,s3.721566,s264.726646
158_145,s-3.22781,s3.948575,s40.495142
158_146,s-4.933281,s-1.795895,s129.347804
158_147,s-4.43477,s-3.580896,s36.097881
158_148,s2.755784,s4.172008,s301.866943
158_149,s2.920698,s4.894847,s254.557573
158_150,s-5.202169,s1.013626,s52.240126
158_151,s4.893457,s-0.253142,s187.408777
158_152,s-4.629107,s3.151407,s18.690016
158_153,s5.488161,s-0.826189,s12.311594
158_154,s1.752472,s4.736174,s23.668878
158_155,s5.827439,s0.513282,s153.853309
158_156,s2.710172,s-4.785913,s88.603284
158_157,s-2.56428,s-5.202352,s26.348536
159_0,s0.0,s0.0,s61.458974
159_1,s-0.087797,s0.492231,s34.479228
159_2,s0.458878,s0.65531,s347.407842
159_3,s0.369948,s-0.2562,s301.022519
159_4,s-0.404414,s-0.294023,s128.840276
159_5,s0.834052,s-0.454816,s262.731028
159_6,s-0.184418,s-0.778454,s224.38473
159_7,s0.819507,s0.480529,s278.525991
159_8,s-0.836532,s0.331986,s27.229171
159_9,s0.973831,s-1.005809,s247.702628
159_10,s-1.028382,s-0.949964,s213.937165
159_11,s-1.046449,s-0.086287,s57.453197
159_12,s0.705015,s1.491795,s17.209855
159_13,s0.254261,s-1.529003,s197.311675
159_14,s-1.353793,s-0.645945,s76.43608
159_15,s-1.456944,s0.661298,s83.771924
159_16,s-0.740772,s1.361527,s111.270673
159_17,s0.97787,s1.001884,s297.463483
159_18,s-0.629273,s1.739688,s1.553225
159_19,s-1.680577,s-1.084278,s101.500223
159_20,s1.623048,s-0.778277,s209.278812
159_21,s-0.833751,s-1.817927,s218.161732
159_22,s-1.916349,s1.179028,s111.169023
159_23,s-1.280872,s1.536023,s66.434036
159_24,s1.613792,s1.638803,s55.371005
159_25,s1.522809,s0.289055,s216.067609
159_26,s0.468313,s2.404825,s40.113282
159_27,s0.69866,s-1.874,s299.844059
159_28,s-1.377234,s-1.650978,s85.32734
159_29,s2.021313,s0.732662,s236.361939
159_30,s-1.197927,s-2.137164,s183.096492
159_31,s-0.802746,s-2.577906,s217.550163
159_32,s0.922671,s-2.269621,s146.629322
159_33,s2.137907,s-0.848146,s297.113569
159_34,s-2.360949,s-0.431182,s73.976505
159_35,s1.488701,s-1.818315,s164.330764
159_36,s-1.012541,s2.285774,s29.456702
159_37,s-2.124458,s1.666337,s88.150672
159_38,s-1.519058,s2.292371,s101.756916
159_39,s2.016567,s1.30133,s0.723876
159_40,s1.10743,s2.296976,s15.110186
159_41,s2.490596,s1.042561,s288.869752
159_42,s-0.484167,s2.554522,s358.622905
159_43,s-2.90154,s0.762278,s3.688647
159_44,s2.109286,s-1.764486,s306.21191
159_45,s-1.886577,s-2.000832,s210.02924
159_46,s1.397116,s2.767321,s326.568391
159_47,s-2.577456,s-1.329181,s167.508644
159_48,s1.969621,s-2.196154,s152.980053
159_49,s2.056015,s2.184674,s24.162355
159_50,s2.829427,s0.341819,s327.874672
159_51,s1.213886,s-2.852452,s111.28805
159_52,s-2.549588,s2.015466,s27.523502
159_53,s2.389854,s1.729479,s318.209469
159_54,s0.298641,s-3.186034,s44.057785
159_55,s-3.148724,s-0.805009,s192.277539
159_56,s3.010275,s1.580584,s308.518319
159_57,s-0.499709,s-3.413618,s104.547263
159_58,s3.134362,s-1.032365,s16.735136
159_59,s-2.080893,s-2.561227,s185.765985
159_60,s2.525674,s-2.200789,s297.958236
159_61,s-2.572826,s-2.222739,s148.980963
159_62,s-3.701542,s-1.058815,s359.141366
159_63,s0.900721,s-3.330346,s173.154876
159_64,s-2.128665,s2.521663,s14.16456
159_65,s1.500152,s-3.162206,s195.526879
159_66,s0.129557,s-3.547635,s129.630534
159_67,s3.239573,s-0.260131,s248.031166
159_68,s-1.362891,s-3.005417,s132.628938
159_69,s-3.074889,s0.393776,s75.084519
159_70,s-3.274326,s-1.723017,s64.665195
159_71,s2.146335,s-2.827675,s150.297604
159_72,s-1.543913,s3.08526,s325.408847
159_73,s2.384008,s3.211932,s58.059383
159_74,s0.954197,s3.263358,s282.436895
159_75,s-3.238542,s1.789371,s171.920817
159_76,s3.528216,s-1.114311,s279.852836
159_77,s0.242373,s3.140662,s5.976925
159_78,s3.165618,s2.445171,s52.380332
159_79,s-0.594792,s3.44909,s335.074057
159_80,s3.790423,s0.674682,s47.746101
159_81,s3.28234,s-1.707701,s257.485009
159_82,s-2.233555,s3.615762,s262.616415
159_83,s0.962294,s3.830991,s316.530336
159_84,s2.507003,s-2.788806,s278.004905
159_85,s-1.071253,s-3.853883,s213.675847
159_86,s-3.63722,s1.100286,s47.100179
159_87,s-2.592469,s3.046162,s92.648657
159_88,s3.297121,s-2.264727,s247.847907
159_89,s2.287782,s-3.341939,s238.776418
159_90,s-3.659059,s-2.061865,s92.429683
159_91,s3.761597,s1.205359,s4.035417
159_92,s-1.722798,s4.048699,s270.930403
159_93,s-2.368359,s-3.40784,s194.435626
159_94,s-3.608204,s2.050211,s354.481168
159_95,s-3.883701,s0.72067,s101.858086
159_96,s3.619644,s2.321245,s334.872717
159_97,s0.790873,s4.429957,s119.390125
159_98,s4.403808,s-0.925459,s353.572996
159_99,s4.146049,s0.671029,s254.799508
159_100,s-3.794542,s0.20359,s127.573646
159_101,s2.949522,s3.059873,s1.870195
159_102,s-3.190818,s-2.807344,s111.860962
159_103,s2.166557,s-3.886969,s233.062158
159_104,s1.604399,s3.718656,s1.899259
159_105,s3.307595,s-3.268381,s335.698308
159_106,s1.645038,s-4.24221,s241.577831
159_107,s4.19738,s-1.622345,s189.096833
159_108,s-4.488406,s-1.00708,s1.903808
159_109,s0.427796,s-4.278667,s74.387053
159_110,s4.204913,s2.099693,s327.982217
159_111,s1.949102,s4.221789,s240.957166
159_112,s4.264544,s1.586241,s233.479404
159_113,s-3.941597,s2.467045,s41.203763
159_114,s-1.474721,s-4.251494,s169.124634
159_115,s-0.870357,s-4.771266,s224.063275
159_116,s-3.094592,s-3.403454,s117.049979
159_117,s-2.669466,s4.049253,s174.150919
159_118,s-4.303484,s1.315303,s150.479946
159_119,s3.889615,s-2.897136,s304.29164
159_120,s-0.686363,s4.244868,s329.015739
159_121,s3.567673,s3.059692,s37.142101
159_122,s-3.265704,s3.310239,s57.468548
159_123,s3.071674,s-3.817698,s180.849631
159_124,s-4.991423,s-0.76694,s173.28726
159_125,s4.950407,s1.748134,s203.595737
159_126,s-2.827687,s-3.816633,s187.991472
159_127,s-4.731013,s0.424278,s82.136033
159_128,s3.80096,s-3.400397,s196.751418
159_129,s-0.730063,s4.845308,s55.515236
159_130,s-4.804723,s1.710157,s173.023405
159_131,s-1.953759,s4.439068,s76.916739
159_132,s4.463056,s3.039923,s251.495715
159_133,s1.052164,s-4.169287,s217.990603
159_134,s3.250387,s3.864904,s309.106253
159_135,s-4.753671,s2.228253,s337.761822
159_136,s-4.496772,s-2.29816,s102.110863
159_137,s4.582708,s-2.238032,s286.887177
159_138,s-2.245938,s-4.411152,s190.317511
159_139,s1.624321,s-4.887134,s170.79628
159_140,s0.78701,s-4.887035,s73.310976
159_141,s-4.208089,s-3.139186,s328.354983
159_142,s2.380055,s4.847199,s182.968775
159_143,s1.030458,s-5.249824,s137.212473
159_144,s3.703032,s3.721566,s264.726646
159_145,s-3.22781,s3.948575,s40.495142
159_146,s-4.933281,s-1.795895,s129.347804
159_147,s-4.43477,s-3.580896,s36.097881
159_148,s2.755784,s4.172008,s301.866943
159_149,s2.920698,s4.894847,s254.557573
159_150,s-5.202169,s1.013626,s52.240126
159_151,s4.893457,s-0.253142,s187.408777
159_152,s-4.629107,s3.151407,s18.690016
159_153,s5.488161,s-0.826189,s12.311594
159_154,s1.752472,s4.736174,s23.668878
159_155,s5.827439,s0.513282,s153.853309
159_156,s2.710172,s-4.785913,s88.603284
159_157,s-2.56428,s-5.202352,s26.348536
159_158,s-1.042775,s-5.34931,s213.691996
160_0,s0.0,s0.0,s61.458974
160_1,s-0.087797,s0.492231,s34.479228
160_2,s0.458878,s0.65531,s347.407842
160_3,s0.369948,s-0.2562,s301.022519
160_4,s-0.404414,s-0.294023,s128.840276
160_5,s0.834052,s-0.454816,s262.731028
160_6,s-0.184418,s-0.778454,s224.38473
160_7,s0.819507,s0.480529,s278.525991
160_8,s-0.836532,s0.331986,s27.229171
160_9,s0.973831,s-1.005809,s247.702628
160_10,s-1.028382,s-0.949964,s213.937165
160_11,s-1.046449,s-0.086287,s57.453197
160_12,s0.705015,s1.491795,s17.209855
160_13,s0.254261,s-1.529003,s197.311675
160_14,s-1.353793,s-0.645945,s76.43608
160_15,s-1.456944,s0.661298,s83.771924
160_16,s-0.740772,s1.361527,s111.270673
160_17,s0.97787,s1.001884,s297.463483
160_18,s-0.629273,s1.739688,s1.553225
160_19,s-1.680577,s-1.084278,s101.500223
160_20,s1.623048,s-0.778277,s209.278812
160_21,s-0.833751,s-1.817927,s218.161732
160_22,s-1.916349,s1.179028,s111.169023
160_23,s-1.280872,s1.536023,s66.434036
160_24,s1.613792,s1.638803,s55.371005
160_25,s1.522809,s0.289055,s216.067609
160_26,s0.468313,s2.404825,s40.113282
160_27,s0.69866,s-1.874,s299.844059
160_28,s-1.377234,s-1.650978,s85.32734
160_29,s2.021313,s0.732662,s236.361939
160_30,s-1.197927,s-2.137164,s183.096492
160_31,s-0.802746,s-2.577906,s217.550163
160_32,s0.922671,s-2.269621,s146.629322
160_33,s2.137907,s-0.848146,s297.113569
160_34,s-2.360949,s-0.431182,s73.976505
160_35,s1.488701,s-1.818315,s164.330764
160_36,s-1.012541,s2.285774,s29.456702
160_37,s-2.124458,s1.666337,s88.150672
160_38,s-1.519058,s2.292371,s101.756916
160_39,s2.016567,s1.30133,s0.723876
160_40,s1.10743,s2.296976,s15.110186
160_41,s2.490596,s1.042561,s288.869752
160_42,s-0.484167,s2.554522,s358.622905
160_43,s-2.90154,s0.762278,s3.688647
160_44,s2.109286,s-1.764486,s306.21191
160_45,s-1.886577,s-2.000832,s210.02924
160_46,s1.397116,s2.767321,s326.568391
160_47,s-2.577456,s-1.329181,s167.508644
160_48,s1.969621,s-2.196154,s152.980053
160_49,s2.056015,s2.184674,s24.162355
160_50,s2.829427,s0.341819,s327.874672
160_51,s1.213886,s-2.852452,s111.28805
160_52,s-2.549588,s2.015466,s27.523502
160_53,s2.389854,s1.729479,s318.209469
160_54,s0.298641,s-3.186034,s44.057785
160_55,s-3.148724,s-0.805009,s192.277539
160_56,s3.010275,s1.580584,s308.518319
160_57,s-0.499709,s-3.413618,s104.547263
160_58,s3.134362,s-1.032365,s16.735136
160_59,s-2.080893,s-2.561227,s185.765985
160_60,s2.525674,s-2.200789,s297.958236
160_61,s-2.572826,s-2.222739,s148.980963
160_62,s-3.701542,s-1.058815,s359.141366
160_63,s0.900721,s-3.330346,s173.154876
160_64,s-2.128665,s2.521663,s14.16456
160_65,s1.500152,s-3.162206,s195.526879
160_66,s0.129557,s-3.547635,s129.630534
160_67,s3.239573,s-0.260131,s248.031166
160_68,s-1.362891,s-3.005417,s132.628938
160_69,s-3.074889,s0.393776,s75.084519
160_70,s-3.274326,s-1.723017,s64.665195
160_71,s2.146335,s-2.827675,s150.297604
160_72,s-1.543913,s3.08526,s325.408847
160_73,s2.384008,s3.211932,s58.059383
160_74,s0.954197,s3.263358,s282.436895
160_75,s-3.238542,s1.789371,s171.920817
160_76,s3.528216,s-1.114311,s279.852836
160_77,s0.242373,s3.140662,s5.976925
160_78,s3.165618,s2.445171,s52.380332
160_79,s-0.594792,s3.44909,s335.074057
160_80,s3.790423,s0.674682,s47.746101
160_81,s3.28234,s-1.707701,s257.485009
160_82,s-2.233555,s3.615762,s262.616415
160_83,s0.962294,s3.830991,s316.530336
160_84,s2.507003,s-2.788806,s278.004905
160_85,s-1.071253,s-3.853883,s213.675847
160_86,s-3.63722,s1.100286,s47.100179
160_87,s-2.592469,s3.046162,s92.648657
160_88,s3.297121,s-2.264727,s247.847907
160_89,s2.287782,s-3.341939,s238.776418
160_90,s-3.659059,s-2.061865,s92.429683
160_91,s3.761597,s1.205359,s4.035417
160_92,s-1.722798,s4.048699,s270.930403
160_93,s-2.368359,s-3.40784,s194.435626
160_94,s-3.608204,s2.050211,s354.481168
160_95,s-3.883701,s0.72067,s101.858086
160_96,s3.619644,s2.321245,s334.872717
160_97,s0.790873,s4.429957,s119.390125
160_98,s4.403808,s-0.925459,s353.572996
160_99,s4.146049,s0.671029,s254.799508
160_100,s-3.794542,s0.20359,s127.573646
160_101,s2.949522,s3.059873,s1.870195
160_102,s-3.190818,s-2.807344,s111.860962
160_103,s2.166557,s-3.886969,s233.062158
160_104,s1.604399,s3.718656,s1.899259
160_105,s3.307595,s-3.268381,s335.698308
160_106,s1.645038,s-4.24221,s241.577831
160_107,s4.19738,s-1.622345,s189.096833
160_108,s-4.488406,s-1.00708,s1.903808
160_109,s0.427796,s-4.278667,s74.387053
160_110,s4.204913,s2.099693,s327.982217
160_111,s1.949102,s4.221789,s240.957166
160_112,s4.264544,s1.586241,s233.479404
160_113,s-3.941597,s2.467045,s41.203763
160_114,s-1.474721,s-4.251494,s169.124634
160_115,s-0.870357,s-4.771266,s224.063275
160_116,s-3.094592,s-3.403454,s117.049979
160_117,s-2.669466,s4.049253,s174.150919
160_118,s-4.303484,s1.315303,s150.479946
160_119,s3.889615,s-2.897136,s304.29164
160_120,s-0.686363,s4.244868,s329.015739
160_121,s3.567673,s3.059692,s37.142101
160_122,s-3.265704,s3.310239,s57.468548
160_123,s3.071674,s-3.817698,s180.849631
160_124,s-4.991423,s-0.76694,s173.28726
160_125,s4.950407,s1.748134,s203.595737
160_126,s-2.827687,s-3.816633,s187.991472
160_127,s-4.731013,s0.424278,s82.136033
160_128,s3.80096,s-3.400397,s196.751418
160_129,s-0.730063,s4.845308,s55.515236
160_130,s-4.804723,s1.710157,s173.023405
160_131,s-1.953759,s4.439068,s76.916739
160_132,s4.463056,s3.039923,s251.495715
160_133,s1.052164,s-4.169287,s217.990603
160_134,s3.250387,s3.864904,s309.106253
160_135,s-4.753671,s2.228253,s337.761822
160_136,s-4.496772,s-2.29816,s102.110863
160_137,s4.582708,s-2.238032,s286.887177
160_138,s-2.245938,s-4.411152,s190.317511
160_139,s1.624321,s-4.887134,s170.79628
160_140,s0.78701,s-4.887035,s73.310976
160_141,s-4.208089,s-3.139186,s328.354983
160_142,s2.380055,s4.847199,s182.968775
160_143,s1.030458,s-5.249824,s137.212473
160_144,s3.703032,s3.721566,s264.726646
160_145,s-3.22781,s3.948575,s40.495142
160_146,s-4.933281,s-1.795895,s129.347804
160_147,s-4.43477,s-3.580896,s36.097881
160_148,s2.755784,s4.172008,s301.866943
160_149,s2.920698,s4.894847,s254.557573
160_150,s-5.202169,s1.013626,s52.240126
160_151,s4.893457,s-0.253142,s187.408777
160_152,s-4.629107,s3.151407,s18.690016
160_153,s5.488161,s-0.826189,s12.311594
160_154,s1.752472,s4.736174,s23.668878
160_155,s5.827439,s0.513282,s153.853309
160_156,s2.710172,s-4.785913,s88.603284
160_157,s-2.56428,s-5.202352,s26.348536
160_158,s-1.042775,s-5.34931,s213.691996
160_159,s-3.166937,s-4.187244,s142.019122
161_0,s0.0,s0.0,s61.458974
161_1,s-0.087797,s0.492231,s34.479228
161_2,s0.458878,s0.65531,s347.407842
161_3,s0.369948,s-0.2562,s301.022519
161_4,s-0.404414,s-0.294023,s128.840276
161_5,s0.834052,s-0.454816,s262.731028
161_6,s-0.184418,s-0.778454,s224.38473
161_7,s0.819507,s0.480529,s278.525991
161_8,s-0.836532,s0.331986,s27.229171
161_9,s0.973831,s-1.005809,s247.702628
161_10,s-1.028382,s-0.949964,s213.937165
161_11,s-1.046449,s-0.086287,s57.453197
161_12,s0.705015,s1.491795,s17.209855
161_13,s0.254261,s-1.529003,s197.311675
161_14,s-1.353793,s-0.645945,s76.43608
161_15,s-1.456944,s0.661298,s83.771924
161_16,s-0.740772,s1.361527,s111.270673
161_17,s0.97787,s1.001884,s297.463483
161_18,s-0.629273,s1.739688,s1.553225
161_19,s-1.680577,s-1.084278,s101.500223
161_20,s1.623048,s-0.778277,s209.278812
161_21,s-0.833751,s-1.817927,s218.161732
161_22,s-1.916349,s1.179028,s111.169023
161_23,s-1.280872,s1.536023,s66.434036
161_24,s1.613792,s1.638803,s55.371005
161_25,s1.522809,s0.289055,s216.067609
161_26,s0.468313,s2.404825,s40.113282
161_27,s0.69866,s-1.874,s299.844059
161_28,s-1.377234,s-1.650978,s85.32734
161_29,s2.021313,s0.732662,s236.361939
161_30,s-1.197927,s-2.137164,s183.096492
161_31,s-0.802746,s-2.577906,s217.550163
161_32,s0.922671,s-2.269621,s146.629322
161_33,s2.137907,s-0.848146,s297.113569
161_34,s-2.360949,s-0.431182,s73.976505
161_35,s1.488701,s-1.818315,s164.330764
161_36,s-1.012541,s2.285774,s29.456702
161_37,s-2.124458,s1.666337,s88.150672
161_38,s-1.519058,s2.292371,s101.756916
161_39,s2.016567,s1.30133,s0.723876
161_40,s1.10743,s2.296976,s15.110186
161_41,s2.490596,s1.042561,s288.869752
161_42,s-0.484167,s2.554522,s358.622905
161_43,s-2.90154,s0.762278,s3.688647
161_44,s2.109286,s-1.764486,s306.21191
161_45,s-1.886577,s-2.000832,s210.02924
161_46,s1.397116,s2.767321,s326.568391
161_47,s-2.577456,s-1.329181,s167.508644
161_48,s1.969621,s-2.196154,s152.980053
161_49,s2.056015,s2.184674,s24.162355
161_50,s2.829427,s0.341819,s327.874672
161_51,s1.213886,s-2.852452,s111.28805
161_52,s-2.549588,s2.015466,s27.523502
161_53,s2.389854,s1.729479,s318.209469
161_54,s0.298641,s-3.186034,s44.057785
161_55,s-3.148724,s-0.805009,s192.277539
161_56,s3.010275,s1.580584,s308.518319
161_57,s-0.499709,s-3.413618,s104.547263
161_58,s3.134362,s-1.032365,s16.735136
161_59,s-2.080893,s-2.561227,s185.765985
161_60,s2.525674,s-2.200789,s297.958236
161_61,s-2.572826,s-2.222739,s148.980963
161_62,s-3.701542,s-1.058815,s359.141366
161_63,s0.900721,s-3.330346,s173.154876
161_64,s-2.128665,s2.521663,s14.16456
161_65,s1.500152,s-3.162206,s195.526879
161_66,s0.129557,s-3.547635,s129.630534
161_67,s3.239573,s-0.260131,s248.031166
161_68,s-1.362891,s-3.005417,s132.628938
161_69,s-3.074889,s0.393776,s75.084519
161_70,s-3.274326,s-1.723017,s64.665195
161_71,s2.146335,s-2.827675,s150.297604
161_72,s-1.543913,s3.08526,s325.408847
161_73,s2.384008,s3.211932,s58.059383
161_74,s0.954197,s3.263358,s282.436895
161_75,s-3.238542,s1.789371,s171.920817
161_76,s3.528216,s-1.114311,s279.852836
161_77,s0.242373,s3.140662,s5.976925
161_78,s3.165618,s2.445171,s52.380332
161_79,s-0.594792,s3.44909,s335.074057
161_80,s3.790423,s0.674682,s47.746101
161_81,s3.28234,s-1.707701,s257.485009
161_82,s-2.233555,s3.615762,s262.616415
161_83,s0.962294,s3.830991,s316.530336
161_84,s2.507003,s-2.788806,s278.004905
161_85,s-1.071253,s-3.853883,s213.675847
161_86,s-3.63722,s1.100286,s47.100179
161_87,s-2.592469,s3.046162,s92.648657
161_88,s3.297121,s-2.264727,s247.847907
161_89,s2.287782,s-3.341939,s238.776418
161_90,s-3.659059,s-2.061865,s92.429683
161_91,s3.761597,s1.205359,s4.035417
161_92,s-1.722798,s4.048699,s270.930403
161_93,s-2.368359,s-3.40784,s194.435626
161_94,s-3.608204,s2.050211,s354.481168
161_95,s-3.883701,s0.72067,s101.858086
161_96,s3.619644,s2.321245,s334.872717
161_97,s0.790873,s4.429957,s119.390125
161_98,s4.403808,s-0.925459,s353.572996
161_99,s4.146049,s0.671029,s254.799508
161_100,s-3.794542,s0.20359,s127.573646
161_101,s2.949522,s3.059873,s1.870195
161_102,s-3.190818,s-2.807344,s111.860962
161_103,s2.166557,s-3.886969,s233.062158
161_104,s1.604399,s3.718656,s1.899259
161_105,s3.307595,s-3.268381,s335.698308
161_106,s1.645038,s-4.24221,s241.577831
161_107,s4.19738,s-1.622345,s189.096833
161_108,s-4.488406,s-1.00708,s1.903808
161_109,s0.427796,s-4.278667,s74.387053
161_110,s4.204913,s2.099693,s327.982217
161_111,s1.949102,s4.221789,s240.957166
161_112,s4.264544,s1.586241,s233.479404
161_113,s-3.941597,s2.467045,s41.203763
161_114,s-1.474721,s-4.251494,s169.124634
161_115,s-0.870357,s-4.771266,s224.063275
161_116,s-3.094592,s-3.403454,s117.049979
161_117,s-2.669466,s4.049253,s174.150919
161_118,s-4.303484,s1.315303,s150.479946
161_119,s3.889615,s-2.897136,s304.29164
161_120,s-0.686363,s4.244868,s329.015739
161_121,s3.567673,s3.059692,s37.142101
161_122,s-3.265704,s3.310239,s57.468548
161_123,s3.071674,s-3.817698,s180.849631
161_124,s-4.991423,s-0.76694,s173.28726
161_125,s4.950407,s1.748134,s203.595737
161_126,s-2.827687,s-3.816633,s187.991472
161_127,s-4.731013,s0.424278,s82.136033
161_128,s3.80096,s-3.400397,s196.751418
161_129,s-0.730063,s4.845308,s55.515236
161_130,s-4.804723,s1.710157,s173.023405
161_131,s-1.953759,s4.439068,s76.916739
161_132,s4.463056,s3.039923,s251.495715
161_133,s1.052164,s-4.169287,s217.990603
161_134,s3.250387,s3.864904,s309.106253
161_135,s-4.753671,s2.228253,s337.761822
161_136,s-4.496772,s-2.29816,s102.110863
161_137,s4.582708,s-2.238032,s286.887177
161_138,s-2.245938,s-4.411152,s190.317511
161_139,s1.624321,s-4.887134,s170.79628
161_140,s0.78701,s-4.887035,s73.310976
161_141,s-4.208089,s-3.139186,s328.354983
161_142,s2.380055,s4.847199,s182.968775
161_143,s1.030458,s-5.249824,s137.212473
161_144,s3.703032,s3.721566,s264.726646
161_145,s-3.22781,s3.948575,s40.495142
161_146,s-4.933281,s-1.795895,s129.347804
161_147,s-4.43477,s-3.580896,s36.097881
161_148,s2.755784,s4.172008,s301.866943
161_149,s2.920698,s4.894847,s254.557573
161_150,s-5.202169,s1.013626,s52.240126
161_151,s4.893457,s-0.253142,s187.408777
161_152,s-4.629107,s3.151407,s18.690016
161_153,s5.488161,s-0.826189,s12.311594
161_154,s1.752472,s4.736174,s23.668878
161_155,s5.827439,s0.513282,s153.853309
161_156,s2.710172,s-4.785913,s88.603284
161_157,s-2.56428,s-5.202352,s26.348536
161_158,s-1.042775,s-5.34931,s213.691996
161_159,s-3.166937,s-4.187244,s142.019122
161_160,s3.628548,s-4.066465,s159.940911
162_0,s0.0,s0.0,s61.458974
162_1,s-0.087797,s0.492231,s34.479228
162_2,s0.458878,s0.65531,s347.407842
162_3,s0.369948,s-0.2562,s301.022519
162_4,s-0.404414,s-0.294023,s128.840276
162_5,s0.834052,s-0.454816,s262.731028
162_6,s-0.184418,s-0.778454,s224.38473
162_7,s0.819507,s0.480529,s278.525991
162_8,s-0.836532,s0.331986,s27.229171
162_9,s0.973831,s-1.005809,s247.702628
162_10,s-1.028382,s-0.949964,s213.937165
162_11,s-1.046449,s-0.086287,s57.453197
162_12,s0.705015,s1.491795,s17.209855
162_13,s0.254261,s-1.529003,s197.311675
162_14,s-1.353793,s-0.645945,s76.43608
162_15,s-1.456944,s0.661298,s83.771924
162_16,s-0.740772,s1.361527,s111.270673
162_17,s0.97787,s1.001884,s297.463483
162_18,s-0.629273,s1.739688,s1.553225
162_19,s-1.680577,s-1.084278,s101.500223
162_20,s1.623048,s-0.778277,s209.278812
162_21,s-0.833751,s-1.817927,s218.161732
162_22,s-1.916349,s1.179028,s111.169023
162_23,s-1.280872,s1.536023,s66.434036
162_24,s1.613792,s1.638803,s55.371005
162_25,s1.522809,s0.289055,s216.067609
162_26,s0.468313,s2.404825,s40.113282
162_27,s0.69866,s-1.874,s299.844059
162_28,s-1.377234,s-1.650978,s85.32734
162_29,s2.021313,s0.732662,s236.361939
162_30,s-1.197927,s-2.137164,s183.096492
162_31,s-0.802746,s-2.577906,s217.550163
162_32,s0.922671,s-2.269621,s146.629322
162_33,s2.137907,s-0.848146,s297.113569
162_34,s-2.360949,s-0.431182,s73.976505
162_35,s1.488701,s-1.818315,s164.330764
162_36,s-1.012541,s2.285774,s29.456702
162_37,s-2.124458,s1.666337,s88.150672
162_38,s-1.519058,s2.292371,s101.756916
162_39,s2.016567,s1.30133,s0.723876
162_40,s1.10743,s2.296976,s15.110186
162_41,s2.490596,s1.042561,s288.869752
162_42,s-0.484167,s2.554522,s358.622905
162_43,s-2.90154,s0.762278,s3.688647
162_44,s2.109286,s-1.764486,s306.21191
162_45,s-1.886577,s-2.000832,s210.02924
162_46,s1.397116,s2.767321,s326.568391
162_47,s-2.577456,s-1.329181,s167.508644
162_48,s1.969621,s-2.196154,s152.980053
162_49,s2.056015,s2.184674,s24.162355
162_50,s2.829427,s0.341819,s327.874672
162_51,s1.213886,s-2.852452,s111.28805
162_52,s-2.549588,s2.015466,s27.523502
162_53,s2.389854,s1.729479,s318.209469
162_54,s0.298641,s-3.186034,s44.057785
162_55,s-3.148724,s-0.805009,s192.277539
162_56,s3.010275,s1.580584,s308.518319
162_57,s-0.499709,s-3.413618,s104.547263
162_58,s3.134362,s-1.032365,s16.735136
162_59,s-2.080893,s-2.561227,s185.765985
162_60,s2.525674,s-2.200789,s297.958236
162_61,s-2.572826,s-2.222739,s148.980963
162_62,s-3.701542,s-1.058815,s359.141366
162_63,s0.900721,s-3.330346,s173.154876
162_64,s-2.128665,s2.521663,s14.16456
162_65,s1.500152,s-3.162206,s195.526879
162_66,s0.129557,s-3.547635,s129.630534
162_67,s3.239573,s-0.260131,s248.031166
162_68,s-1.362891,s-3.005417,s132.628938
162_69,s-3.074889,s0.393776,s75.084519
162_70,s-3.274326,s-1.723017,s64.665195
162_71,s2.146335,s-2.827675,s150.297604
162_72,s-1.543913,s3.08526,s325.408847
162_73,s2.384008,s3.211932,s58.059383
162_74,s0.954197,s3.263358,s282.436895
162_75,s-3.238542,s1.789371,s171.920817
162_76,s3.528216,s-1.114311,s279.852836
162_77,s0.242373,s3.140662,s5.976925
162_78,s3.165618,s2.445171,s52.380332
162_79,s-0.594792,s3.44909,s335.074057
162_80,s3.790423,s0.674682,s47.746101
162_81,s3.28234,s-1.707701,s257.485009
162_82,s-2.233555,s3.615762,s262.616415
162_83,s0.962294,s3.830991,s316.530336
162_84,s2.507003,s-2.788806,s278.004905
162_85,s-1.071253,s-3.853883,s213.675847
162_86,s-3.63722,s1.100286,s47.100179
162_87,s-2.592469,s3.046162,s92.648657
162_88,s3.297121,s-2.264727,s247.847907
162_89,s2.287782,s-3.341939,s238.776418
162_90,s-3.659059,s-2.061865,s92.429683
162_91,s3.761597,s1.205359,s4.035417
162_92,s-1.722798,s4.048699,s270.930403
162_93,s-2.368359,s-3.40784,s194.435626
162_94,s-3.608204,s2.050211,s354.481168
162_95,s-3.883701,s0.72067,s101.858086
162_96,s3.619644,s2.321245,s334.872717
162_97,s0.790873,s4.429957,s119.390125
162_98,s4.403808,s-0.925459,s353.572996
162_99,s4.146049,s0.671029,s254.799508
162_100,s-3.794542,s0.20359,s127.573646
162_101,s2.949522,s3.059873,s1.870195
162_102,s-3.190818,s-2.807344,s111.860962
162_103,s2.166557,s-3.886969,s233.062158
162_104,s1.604399,s3.718656,s1.899259
162_105,s3.307595,s-3.268381,s335.698308
162_106,s1.645038,s-4.24221,s241.577831
162_107,s4.19738,s-1.622345,s189.096833
162_108,s-4.488406,s-1.00708,s1.903808
162_109,s0.427796,s-4.278667,s74.387053
162_110,s4.204913,s2.099693,s327.982217
162_111,s1.949102,s4.221789,s240.957166
162_112,s4.264544,s1.586241,s233.479404
162_113,s-3.941597,s2.467045,s41.203763
162_114,s-1.474721,s-4.251494,s169.124634
162_115,s-0.870357,s-4.771266,s224.063275
162_116,s-3.094592,s-3.403454,s117.049979
162_117,s-2.669466,s4.049253,s174.150919
162_118,s-4.303484,s1.315303,s150.479946
162_119,s3.889615,s-2.897136,s304.29164
162_120,s-0.686363,s4.244868,s329.015739
162_121,s3.567673,s3.059692,s37.142101
162_122,s-3.265704,s3.310239,s57.468548
162_123,s3.071674,s-3.817698,s180.849631
162_124,s-4.991423,s-0.76694,s173.28726
162_125,s4.950407,s1.748134,s203.595737
162_126,s-2.827687,s-3.816633,s187.991472
162_127,s-4.731013,s0.424278,s82.136033
162_128,s3.80096,s-3.400397,s196.751418
162_129,s-0.730063,s4.845308,s55.515236
162_130,s-4.804723,s1.710157,s173.023405
162_131,s-1.953759,s4.439068,s76.916739
162_132,s4.463056,s3.039923,s251.495715
162_133,s1.052164,s-4.169287,s217.990603
162_134,s3.250387,s3.864904,s309.106253
162_135,s-4.753671,s2.228253,s337.761822
162_136,s-4.496772,s-2.29816,s102.110863
162_137,s4.582708,s-2.238032,s286.887177
162_138,s-2.245938,s-4.411152,s190.317511
162_139,s1.624321,s-4.887134,s170.79628
162_140,s0.78701,s-4.887035,s73.310976
162_141,s-4.208089,s-3.139186,s328.354983
162_142,s2.380055,s4.847199,s182.968775
162_143,s1.030458,s-5.249824,s137.212473
162_144,s3.703032,s3.721566,s264.726646
162_145,s-3.22781,s3.948575,s40.495142
162_146,s-4.933281,s-1.795895,s129.347804
162_147,s-4.43477,s-3.580896,s36.097881
162_148,s2.755784,s4.172008,s301.866943
162_149,s2.920698,s4.894847,s254.557573
162_150,s-5.202169,s1.013626,s52.240126
162_151,s4.893457,s-0.253142,s187.408777
162_152,s-4.629107,s3.151407,s18.690016
162_153,s5.488161,s-0.826189,s12.311594
162_154,s1.752472,s4.736174,s23.668878
162_155,s5.827439,s0.513282,s153.853309
162_156,s2.710172,s-4.785913,s88.603284
162_157,s-2.56428,s-5.202352,s26.348536
162_158,s-1.042775,s-5.34931,s213.691996
162_159,s-3.166937,s-4.187244,s142.019122
162_160,s3.628548,s-4.066465,s159.940911
162_161,s4.44939,s-2.970762,s261.568419
163_0,s0.0,s0.0,s61.458974
163_1,s-0.087797,s0.492231,s34.479228
163_2,s0.458878,s0.65531,s347.407842
163_3,s0.369948,s-0.2562,s301.022519
163_4,s-0.404414,s-0.294023,s128.840276
163_5,s0.834052,s-0.454816,s262.731028
163_6,s-0.184418,s-0.778454,s224.38473
163_7,s0.819507,s0.480529,s278.525991
163_8,s-0.836532,s0.331986,s27.229171
163_9,s0.973831,s-1.005809,s247.702628
163_10,s-1.028382,s-0.949964,s213.937165
163_11,s-1.046449,s-0.086287,s57.453197
163_12,s0.705015,s1.491795,s17.209855
163_13,s0.254261,s-1.529003,s197.311675
163_14,s-1.353793,s-0.645945,s76.43608
163_15,s-1.456944,s0.661298,s83.771924
163_16,s-0.740772,s1.361527,s111.270673
163_17,s0.97787,s1.001884,s297.463483
163_18,s-0.629273,s1.739688,s1.553225
163_19,s-1.680577,s-1.084278,s101.500223
163_20,s1.623048,s-0.778277,s209.278812
163_21,s-0.833751,s-1.817927,s218.161732
163_22,s-1.916349,s1.179028,s111.169023
163_23,s-1.280872,s1.536023,s66.434036
163_24,s1.613792,s1.638803,s55.371005
163_25,s1.522809,s0.289055,s216.067609
163_26,s0.468313,s2.404825,s40.113282
163_27,s0.69866,s-1.874,s299.844059
163_28,s-1.377234,s-1.650978,s85.32734
163_29,s2.021313,s0.732662,s236.361939
163_30,s-1.197927,s-2.137164,s183.096492
163_31,s-0.802746,s-2.577906,s217.550163
163_32,s0.922671,s-2.269621,s146.629322
163_33,s2.137907,s-0.848146,s297.113569
163_34,s-2.360949,s-0.431182,s73.976505
163_35,s1.488701,s-1.818315,s164.330764
163_36,s-1.012541,s2.285774,s29.456702
163_37,s-2.124458,s1.666337,s88.150672
163_38,s-1.519058,s2.292371,s101.756916
163_39,s2.016567,s1.30133,s0.723876
163_40,s1.10743,s2.296976,s15.110186
163_41,s2.490596,s1.042561,s288.869752
163_42,s-0.484167,s2.554522,s358.622905
163_43,s-2.90154,s0.762278,s3.688647
163_44,s2.109286,s-1.764486,s306.21191
163_45,s-1.886577,s-2.000832,s210.02924
163_46,s1.397116,s2.767321,s326.568391
163_47,s-2.577456,s-1.329181,s167.508644
163_48,s1.969621,s-2.196154,s152.980053
163_49,s2.056015,s2.184674,s24.162355
163_50,s2.829427,s0.341819,s327.874672
163_51,s1.213886,s-2.852452,s111.28805
163_52,s-2.549588,s2.015466,s27.523502
163_53,s2.389854,s1.729479,s318.209469
163_54,s0.298641,s-3.186034,s44.057785
163_55,s-3.148724,s-0.805009,s192.277539
163_56,s3.010275,s1.580584,s308.518319
163_57,s-0.499709,s-3.413618,s104.547263
163_58,s3.134362,s-1.032365,s16.735136
163_59,s-2.080893,s-2.561227,s185.765985
163_60,s2.525674,s-2.200789,s297.958236
163_61,s-2.572826,s-2.222739,s148.980963
163_62,s-3.701542,s-1.058815,s359.141366
163_63,s0.900721,s-3.330346,s173.154876
163_64,s-2.128665,s2.521663,s14.16456
163_65,s1.500152,s-3.162206,s195.526879
163_66,s0.129557,s-3.547635,s129.630534
163_67,s3.239573,s-0.260131,s248.031166
163_68,s-1.362891,s-3.005417,s132.628938
163_69,s-3.074889,s0.393776,s75.084519
163_70,s-3.274326,s-1.723017,s64.665195
163_71,s2.146335,s-2.827675,s150.297604
163_72,s-1.543913,s3.08526,s325.408847
163_73,s2.384008,s3.211932,s58.059383
163_74,s0.954197,s3.263358,s282.436895
163_75,s-3.238542,s1.789371,s171.920817
163_76,s3.528216,s-1.114311,s279.852836
163_77,s0.242373,s3.140662,s5.976925
163_78,s3.165618,s2.445171,s52.380332
163_79,s-0.594792,s3.44909,s335.074057
163_80,s3.790423,s0.674682,s47.746101
163_81,s3.28234,s-1.707701,s257.485009
163_82,s-2.233555,s3.615762,s262.616415
163_83,s0.962294,s3.830991,s316.530336
163_84,s2.507003,s-2.788806,s278.004905
163_85,s-1.071253,s-3.853883,s213.675847
163_86,s-3.63722,s1.100286,s47.100179
163_87,s-2.592469,s3.046162,s92.648657
163_88,s3.297121,s-2.264727,s247.847907
163_89,s2.287782,s-3.341939,s238.776418
163_90,s-3.659059,s-2.061865,s92.429683
163_91,s3.761597,s1.205359,s4.035417
163_92,s-1.722798,s4.048699,s270.930403
163_93,s-2.368359,s-3.40784,s194.435626
163_94,s-3.608204,s2.050211,s354.481168
163_95,s-3.883701,s0.72067,s101.858086
163_96,s3.619644,s2.321245,s334.872717
163_97,s0.790873,s4.429957,s119.390125
163_98,s4.403808,s-0.925459,s353.572996
163_99,s4.146049,s0.671029,s254.799508
163_100,s-3.794542,s0.20359,s127.573646
163_101,s2.949522,s3.059873,s1.870195
163_102,s-3.190818,s-2.807344,s111.860962
163_103,s2.166557,s-3.886969,s233.062158
163_104,s1.604399,s3.718656,s1.899259
163_105,s3.307595,s-3.268381,s335.698308
163_106,s1.645038,s-4.24221,s241.577831
163_107,s4.19738,s-1.622345,s189.096833
163_108,s-4.488406,s-1.00708,s1.903808
163_109,s0.427796,s-4.278667,s74.387053
163_110,s4.204913,s2.099693,s327.982217
163_111,s1.949102,s4.221789,s240.957166
163_112,s4.264544,s1.586241,s233.479404
163_113,s-3.941597,s2.467045,s41.203763
163_114,s-1.474721,s-4.251494,s169.124634
163_115,s-0.870357,s-4.771266,s224.063275
163_116,s-3.094592,s-3.403454,s117.049979
163_117,s-2.669466,s4.049253,s174.150919
163_118,s-4.303484,s1.315303,s150.479946
163_119,s3.889615,s-2.897136,s304.29164
163_120,s-0.686363,s4.244868,s329.015739
163_121,s3.567673,s3.059692,s37.142101
163_122,s-3.265704,s3.310239,s57.468548
163_123,s3.071674,s-3.817698,s180.849631
163_124,s-4.991423,s-0.76694,s173.28726
163_125,s4.950407,s1.748134,s203.595737
163_126,s-2.827687,s-3.816633,s187.991472
163_127,s-4.731013,s0.424278,s82.136033
163_128,s3.80096,s-3.400397,s196.751418
163_129,s-0.730063,s4.845308,s55.515236
163_130,s-4.804723,s1.710157,s173.023405
163_131,s-1.953759,s4.439068,s76.916739
163_132,s4.463056,s3.039923,s251.495715
163_133,s1.052164,s-4.169287,s217.990603
163_134,s3.250387,s3.864904,s309.106253
163_135,s-4.753671,s2.228253,s337.761822
163_136,s-4.496772,s-2.29816,s102.110863
163_137,s4.582708,s-2.238032,s286.887177
163_138,s-2.245938,s-4.411152,s190.317511
163_139,s1.624321,s-4.887134,s170.79628
163_140,s0.78701,s-4.887035,s73.310976
163_141,s-4.208089,s-3.139186,s328.354983
163_142,s2.380055,s4.847199,s182.968775
163_143,s1.030458,s-5.249824,s137.212473
163_144,s3.703032,s3.721566,s264.726646
163_145,s-3.22781,s3.948575,s40.495142
163_146,s-4.933281,s-1.795895,s129.347804
163_147,s-4.43477,s-3.580896,s36.097881
163_148,s2.755784,s4.172008,s301.866943
163_149,s2.920698,s4.894847,s254.557573
163_150,s-5.202169,s1.013626,s52.240126
163_151,s4.893457,s-0.253142,s187.408777
163_152,s-4.629107,s3.151407,s18.690016
163_153,s5.488161,s-0.826189,s12.311594
163_154,s1.752472,s4.736174,s23.668878
163_155,s5.827439,s0.513282,s153.853309
163_156,s2.710172,s-4.785913,s88.603284
163_157,s-2.56428,s-5.202352,s26.348536
163_158,s-1.042775,s-5.34931,s213.691996
163_159,s-3.166937,s-4.187244,s142.019122
163_160,s3.628548,s-4.066465,s159.940911
163_161,s4.44939,s-2.970762,s261.568419
163_162,s-5.595474,s1.706801,s38.906578
164_0,s0.0,s0.0,s61.458974
164_1,s-0.087797,s0.492231,s34.479228
164_2,s0.458878,s0.65531,s347.407842
164_3,s0.369948,s-0.2562,s301.022519
164_4,s-0.404414,s-0.294023,s128.840276
164_5,s0.834052,s-0.454816,s262.731028
164_6,s-0.184418,s-0.778454,s224.38473
164_7,s0.819507,s0.480529,s278.525991
164_8,s-0.836532,s0.331986,s27.229171
164_9,s0.973831,s-1.005809,s247.702628
164_10,s-1.028382,s-0.949964,s213.937165
164_11,s-1.046449,s-0.086287,s57.453197
164_12,s0.705015,s1.491795,s17.209855
164_13,s0.254261,s-1.529003,s197.311675
164_14,s-1.353793,s-0.645945,s76.43608
164_15,s-1.456944,s0.661298,s83.771924
164_16,s-0.740772,s1.361527,s111.270673
164_17,s0.97787,s1.001884,s297.463483
164_18,s-0.629273,s1.739688,s1.553225
164_19,s-1.680577,s-1.084278,s101.500223
164_20,s1.623048,s-0.778277,s209.278812
164_21,s-0.833751,s-1.817927,s218.161732
164_22,s-1.916349,s1.179028,s111.169023
164_23,s-1.280872,s1.536023,s66.434036
164_24,s1.613792,s1.638803,s55.371005
164_25,s1.522809,s0.289055,s216.067609
164_26,s0.468313,s2.404825,s40.113282
164_27,s0.69866,s-1.874,s299.844059
164_28,s-1.377234,s-1.650978,s85.32734
164_29,s2.021313,s0.732662,s236.361939
164_30,s-1.197927,s-2.137164,s183.096492
164_31,s-0.802746,s-2.577906,s217.550163
164_32,s0.922671,s-2.269621,s146.629322
164_33,s2.137907,s-0.848146,s297.113569
164_34,s-2.360949,s-0.431182,s73.976505
164_35,s1.488701,s-1.818315,s164.330764
164_36,s-1.012541,s2.285774,s29.456702
164_37,s-2.124458,s1.666337,s88.150672
164_38,s-1.519058,s2.292371,s101.756916
164_39,s2.016567,s1.30133,s0.723876
164_40,s1.10743,s2.296976,s15.110186
164_41,s2.490596,s1.042561,s288.869752
164_42,s-0.484167,s2.554522,s358.622905
164_43,s-2.90154,s0.762278,s3.688647
164_44,s2.109286,s-1.764486,s306.21191
164_45,s-1.886577,s-2.000832,s210.02924
164_46,s1.397116,s2.767321,s326.568391
164_47,s-2.577456,s-1.329181,s167.508644
164_48,s1.969621,s-2.196154,s152.980053
164_49,s2.056015,s2.184674,s24.162355
164_50,s2.829427,s0.341819,s327.874672
164_51,s1.213886,s-2.852452,s111.28805
164_52,s-2.549588,s2.015466,s27.523502
164_53,s2.389854,s1.729479,s318.209469
164_54,s0.298641,s-3.186034,s44.057785
164_55,s-3.148724,s-0.805009,s192.277539
164_56,s3.010275,s1.580584,s308.518319
164_57,s-0.499709,s-3.413618,s104.547263
164_58,s3.134362,s-1.032365,s16.735136
164_59,s-2.080893,s-2.561227,s185.765985
164_60,s2.525674,s-2.200789,s297.958236
164_61,s-2.572826,s-2.222739,s148.980963
164_62,s-3.701542,s-1.058815,s359.141366
164_63,s0.900721,s-3.330346,s173.154876
164_64,s-2.128665,s2.521663,s14.16456
164_65,s1.500152,s-3.162206,s195.526879
164_66,s0.129557,s-3.547635,s129.630534
164_67,s3.239573,s-0.260131,s248.031166
164_68,s-1.362891,s-3.005417,s132.628938
164_69,s-3.074889,s0.393776,s75.084519
164_70,s-3.274326,s-1.723017,s64.665195
164_71,s2.146335,s-2.827675,s150.297604
164_72,s-1.543913,s3.08526,s325.408847
164_73,s2.384008,s3.211932,s58.059383
164_74,s0.954197,s3.263358,s282.436895
164_75,s-3.238542,s1.789371,s171.920817
164_76,s3.528216,s-1.114311,s279.852836
164_77,s0.242373,s3.140662,s5.976925
164_78,s3.165618,s2.445171,s52.380332
164_79,s-0.594792,s3.44909,s335.074057
164_80,s3.790423,s0.674682,s47.746101
164_81,s3.28234,s-1.707701,s257.485009
164_82,s-2.233555,s3.615762,s262.616415
164_83,s0.962294,s3.830991,s316.530336
164_84,s2.507003,s-2.788806,s278.004905
164_85,s-1.071253,s-3.853883,s213.675847
164_86,s-3.63722,s1.100286,s47.100179
164_87,s-2.592469,s3.046162,s92.648657
164_88,s3.297121,s-2.264727,s247.847907
164_89,s2.287782,s-3.341939,s238.776418
164_90,s-3.659059,s-2.061865,s92.429683
164_91,s3.761597,s1.205359,s4.035417
164_92,s-1.722798,s4.048699,s270.930403
164_93,s-2.368359,s-3.40784,s194.435626
164_94,s-3.608204,s2.050211,s354.481168
164_95,s-3.883701,s0.72067,s101.858086
164_96,s3.619644,s2.321245,s334.872717
164_97,s0.790873,s4.429957,s119.390125
164_98,s4.403808,s-0.925459,s353.572996
164_99,s4.146049,s0.671029,s254.799508
164_100,s-3.794542,s0.20359,s127.573646
164_101,s2.949522,s3.059873,s1.870195
164_102,s-3.190818,s-2.807344,s111.860962
164_103,s2.166557,s-3.886969,s233.062158
164_104,s1.604399,s3.718656,s1.899259
164_105,s3.307595,s-3.268381,s335.698308
164_106,s1.645038,s-4.24221,s241.577831
164_107,s4.19738,s-1.622345,s189.096833
164_108,s-4.488406,s-1.00708,s1.903808
164_109,s0.427796,s-4.278667,s74.387053
164_110,s4.204913,s2.099693,s327.982217
164_111,s1.949102,s4.221789,s240.957166
164_112,s4.264544,s1.586241,s233.479404
164_113,s-3.941597,s2.467045,s41.203763
164_114,s-1.474721,s-4.251494,s169.124634
164_115,s-0.870357,s-4.771266,s224.063275
164_116,s-3.094592,s-3.403454,s117.049979
164_117,s-2.669466,s4.049253,s174.150919
164_118,s-4.303484,s1.315303,s150.479946
164_119,s3.889615,s-2.897136,s304.29164
164_120,s-0.686363,s4.244868,s329.015739
164_121,s3.567673,s3.059692,s37.142101
164_122,s-3.265704,s3.310239,s57.468548
164_123,s3.071674,s-3.817698,s180.849631
164_124,s-4.991423,s-0.76694,s173.28726
164_125,s4.950407,s1.748134,s203.595737
164_126,s-2.827687,s-3.816633,s187.991472
164_127,s-4.731013,s0.424278,s82.136033
164_128,s3.80096,s-3.400397,s196.751418
164_129,s-0.730063,s4.845308,s55.515236
164_130,s-4.804723,s1.710157,s173.023405
164_131,s-1.953759,s4.439068,s76.916739
164_132,s4.463056,s3.039923,s251.495715
164_133,s1.052164,s-4.169287,s217.990603
164_134,s3.250387,s3.864904,s309.106253
164_135,s-4.753671,s2.228253,s337.761822
164_136,s-4.496772,s-2.29816,s102.110863
164_137,s4.582708,s-2.238032,s286.887177
164_138,s-2.245938,s-4.411152,s190.317511
164_139,s1.624321,s-4.887134,s170.79628
164_140,s0.78701,s-4.887035,s73.310976
164_141,s-4.208089,s-3.139186,s328.354983
164_142,s2.380055,s4.847199,s182.968775
164_143,s1.030458,s-5.249824,s137.212473
164_144,s3.703032,s3.721566,s264.726646
164_145,s-3.22781,s3.948575,s40.495142
164_146,s-4.933281,s-1.795895,s129.347804
164_147,s-4.43477,s-3.580896,s36.097881
164_148,s2.755784,s4.172008,s301.866943
164_149,s2.920698,s4.894847,s254.557573
164_150,s-5.202169,s1.013626,s52.240126
164_151,s4.893457,s-0.253142,s187.408777
164_152,s-4.629107,s3.151407,s18.690016
164_153,s5.488161,s-0.826189,s12.311594
164_154,s1.752472,s4.736174,s23.668878
164_155,s5.827439,s0.513282,s153.853309
164_156,s2.710172,s-4.785913,s88.603284
164_157,s-2.56428,s-5.202352,s26.348536
164_158,s-1.042775,s-5.34931,s213.691996
164_159,s-3.166937,s-4.187244,s142.019122
164_160,s3.628548,s-4.066465,s159.940911
164_161,s4.44939,s-2.970762,s261.568419
164_162,s-5.595474,s1.706801,s38.906578
164_163,s0.403935,s4.983657,s166.130022
165_0,s0.0,s0.0,s61.458974
165_1,s-0.087797,s0.492231,s34.479228
165_2,s0.458878,s0.65531,s347.407842
165_3,s0.369948,s-0.2562,s301.022519
165_4,s-0.404414,s-0.294023,s128.840276
165_5,s0.834052,s-0.454816,s262.731028
165_6,s-0.184418,s-0.778454,s224.38473
165_7,s0.819507,s0.480529,s278.525991
165_8,s-0.836532,s0.331986,s27.229171
165_9,s0.973831,s-1.005809,s247.702628
165_10,s-1.028382,s-0.949964,s213.937165
165_11,s-1.046449,s-0.086287,s57.453197
165_12,s0.705015,s1.491795,s17.209855
165_13,s0.254261,s-1.529003,s197.311675
165_14,s-1.353793,s-0.645945,s76.43608
165_15,s-1.456944,s0.661298,s83.771924
165_16,s-0.740772,s1.361527,s111.270673
165_17,s0.97787,s1.001884,s297.463483
165_18,s-0.629273,s1.739688,s1.553225
165_19,s-1.680577,s-1.084278,s101.500223
165_20,s1.623048,s-0.778277,s209.278812
165_21,s-0.833751,s-1.817927,s218.161732
165_22,s-1.916349,s1.179028,s111.169023
165_23,s-1.280872,s1.536023,s66.434036
165_24,s1.613792,s1.638803,s55.371005
165_25,s1.522809,s0.289055,s216.067609
165_26,s0.468313,s2.404825,s40.113282
165_27,s0.69866,s-1.874,s299.844059
165_28,s-1.377234,s-1.650978,s85.32734
165_29,s2.021313,s0.732662,s236.361939
165_30,s-1.197927,s-2.137164,s183.096492
165_31,s-0.802746,s-2.577906,s217.550163
165_32,s0.922671,s-2.269621,s146.629322
165_33,s2.137907,s-0.848146,s297.113569
165_34,s-2.360949,s-0.431182,s73.976505
165_35,s1.488701,s-1.818315,s164.330764
165_36,s-1.012541,s2.285774,s29.456702
165_37,s-2.124458,s1.666337,s88.150672
165_38,s-1.519058,s2.292371,s101.756916
165_39,s2.016567,s1.30133,s0.723876
165_40,s1.10743,s2.296976,s15.110186
165_41,s2.490596,s1.042561,s288.869752
165_42,s-0.484167,s2.554522,s358.622905
165_43,s-2.90154,s0.762278,s3.688647
165_44,s2.109286,s-1.764486,s306.21191
165_45,s-1.886577,s-2.000832,s210.02924
165_46,s1.397116,s2.767321,s326.568391
165_47,s-2.577456,s-1.329181,s167.508644
165_48,s1.969621,s-2.196154,s152.980053
165_49,s2.056015,s2.184674,s24.162355
165_50,s2.829427,s0.341819,s327.874672
165_51,s1.213886,s-2.852452,s111.28805
165_52,s-2.549588,s2.015466,s27.523502
165_53,s2.389854,s1.729479,s318.209469
165_54,s0.298641,s-3.186034,s44.057785
165_55,s-3.148724,s-0.805009,s192.277539
165_56,s3.010275,s1.580584,s308.518319
165_57,s-0.499709,s-3.413618,s104.547263
165_58,s3.134362,s-1.032365,s16.735136
165_59,s-2.080893,s-2.561227,s185.765985
165_60,s2.525674,s-2.200789,s297.958236
165_61,s-2.572826,s-2.222739,s148.980963
165_62,s-3.701542,s-1.058815,s359.141366
165_63,s0.900721,s-3.330346,s173.154876
165_64,s-2.128665,s2.521663,s14.16456
165_65,s1.500152,s-3.162206,s195.526879
165_66,s0.129557,s-3.547635,s129.630534
165_67,s3.239573,s-0.260131,s248.031166
165_68,s-1.362891,s-3.005417,s132.628938
165_69,s-3.074889,s0.393776,s75.084519
165_70,s-3.274326,s-1.723017,s64.665195
165_71,s2.146335,s-2.827675,s150.297604
165_72,s-1.543913,s3.08526,s325.408847
165_73,s2.384008,s3.211932,s58.059383
165_74,s0.954197,s3.263358,s282.436895
165_75,s-3.238542,s1.789371,s171.920817
165_76,s3.528216,s-1.114311,s279.852836
165_77,s0.242373,s3.140662,s5.976925
165_78,s3.165618,s2.445171,s52.380332
165_79,s-0.594792,s3.44909,s335.074057
165_80,s3.790423,s0.674682,s47.746101
165_81,s3.28234,s-1.707701,s257.485009
165_82,s-2.233555,s3.615762,s262.616415
165_83,s0.962294,s3.830991,s316.530336
165_84,s2.507003,s-2.788806,s278.004905
165_85,s-1.071253,s-3.853883,s213.675847
165_86,s-3.63722,s1.100286,s47.100179
165_87,s-2.592469,s3.046162,s92.648657
165_88,s3.297121,s-2.264727,s247.847907
165_89,s2.287782,s-3.341939,s238.776418
165_90,s-3.659059,s-2.061865,s92.429683
165_91,s3.761597,s1.205359,s4.035417
165_92,s-1.722798,s4.048699,s270.930403
165_93,s-2.368359,s-3.40784,s194.435626
165_94,s-3.608204,s2.050211,s354.481168
165_95,s-3.883701,s0.72067,s101.858086
165_96,s3.619644,s2.321245,s334.872717
165_97,s0.790873,s4.429957,s119.390125
165_98,s4.403808,s-0.925459,s353.572996
165_99,s4.146049,s0.671029,s254.799508
165_100,s-3.794542,s0.20359,s127.573646
165_101,s2.949522,s3.059873,s1.870195
165_102,s-3.190818,s-2.807344,s111.860962
165_103,s2.166557,s-3.886969,s233.062158
165_104,s1.604399,s3.718656,s1.899259
165_105,s3.307595,s-3.268381,s335.698308
165_106,s1.645038,s-4.24221,s241.577831
165_107,s4.19738,s-1.622345,s189.096833
165_108,s-4.488406,s-1.00708,s1.903808
165_109,s0.427796,s-4.278667,s74.387053
165_110,s4.204913,s2.099693,s327.982217
165_111,s1.949102,s4.221789,s240.957166
165_112,s4.264544,s1.586241,s233.479404
165_113,s-3.941597,s2.467045,s41.203763
165_114,s-1.474721,s-4.251494,s169.124634
165_115,s-0.870357,s-4.771266,s224.063275
165_116,s-3.094592,s-3.403454,s117.049979
165_117,s-2.669466,s4.049253,s174.150919
165_118,s-4.303484,s1.315303,s150.479946
165_119,s3.889615,s-2.897136,s304.29164
165_120,s-0.686363,s4.244868,s329.015739
165_121,s3.567673,s3.059692,s37.142101
165_122,s-3.265704,s3.310239,s57.468548
165_123,s3.071674,s-3.817698,s180.849631
165_124,s-4.991423,s-0.76694,s173.28726
165_125,s4.950407,s1.748134,s203.595737
165_126,s-2.827687,s-3.816633,s187.991472
165_127,s-4.731013,s0.424278,s82.136033
165_128,s3.80096,s-3.400397,s196.751418
165_129,s-0.730063,s4.845308,s55.515236
165_130,s-4.804723,s1.710157,s173.023405
165_131,s-1.953759,s4.439068,s76.916739
165_132,s4.463056,s3.039923,s251.495715
165_133,s1.052164,s-4.169287,s217.990603
165_134,s3.250387,s3.864904,s309.106253
165_135,s-4.753671,s2.228253,s337.761822
165_136,s-4.496772,s-2.29816,s102.110863
165_137,s4.582708,s-2.238032,s286.887177
165_138,s-2.245938,s-4.411152,s190.317511
165_139,s1.624321,s-4.887134,s170.79628
165_140,s0.78701,s-4.887035,s73.310976
165_141,s-4.208089,s-3.139186,s328.354983
165_142,s2.380055,s4.847199,s182.968775
165_143,s1.030458,s-5.249824,s137.212473
165_144,s3.703032,s3.721566,s264.726646
165_145,s-3.22781,s3.948575,s40.495142
165_146,s-4.933281,s-1.795895,s129.347804
165_147,s-4.43477,s-3.580896,s36.097881
165_148,s2.755784,s4.172008,s301.866943
165_149,s2.920698,s4.894847,s254.557573
165_150,s-5.202169,s1.013626,s52.240126
165_151,s4.893457,s-0.253142,s187.408777
165_152,s-4.629107,s3.151407,s18.690016
165_153,s5.488161,s-0.826189,s12.311594
165_154,s1.752472,s4.736174,s23.668878
165_155,s5.827439,s0.513282,s153.853309
165_156,s2.710172,s-4.785913,s88.603284
165_157,s-2.56428,s-5.202352,s26.348536
165_158,s-1.042775,s-5.34931,s213.691996
165_159,s-3.166937,s-4.187244,s142.019122
165_160,s3.628548,s-4.066465,s159.940911
165_161,s4.44939,s-2.970762,s261.568419
165_162,s-5.595474,s1.706801,s38.906578
165_163,s0.403935,s4.983657,s166.130022
165_164,s-2.783357,s4.916851,s148.538952
166_0,s0.0,s0.0,s61.458974
166_1,s-0.087797,s0.492231,s34.479228
166_2,s0.458878,s0.65531,s347.407842
166_3,s0.369948,s-0.2562,s301.022519
166_4,s-0.404414,s-0.294023,s128.840276
166_5,s0.834052,s-0.454816,s262.731028
166_6,s-0.184418,s-0.778454,s224.38473
166_7,s0.819507,s0.480529,s278.525991
166_8,s-0.836532,s0.331986,s27.229171
166_9,s0.973831,s-1.005809,s247.702628
166_10,s-1.028382,s-0.949964,s213.937165
166_11,s-1.046449,s-0.086287,s57.453197
166_12,s0.705015,s1.491795,s17.209855
166_13,s0.254261,s-1.529003,s197.311675
166_14,s-1.353793,s-0.645945,s76.43608
166_15,s-1.456944,s0.661298,s83.771924
166_16,s-0.740772,s1.361527,s111.270673
166_17,s0.97787,s1.001884,s297.463483
166_18,s-0.629273,s1.739688,s1.553225
166_19,s-1.680577,s-1.084278,s101.500223
166_20,s1.623048,s-0.778277,s209.278812
166_21,s-0.833751,s-1.817927,s218.161732
166_22,s-1.916349,s1.179028,s111.169023
166_23,s-1.280872,s1.536023,s66.434036
166_24,s1.613792,s1.638803,s55.371005
166_25,s1.522809,s0.289055,s216.067609
166_26,s0.468313,s2.404825,s40.113282
166_27,s0.69866,s-1.874,s299.844059
166_28,s-1.377234,s-1.650978,s85.32734
166_29,s2.021313,s0.732662,s236.361939
166_30,s-1.197927,s-2.137164,s183.096492
166_31,s-0.802746,s-2.577906,s217.550163
166_32,s0.922671,s-2.269621,s146.629322
166_33,s2.137907,s-0.848146,s297.113569
166_34,s-2.360949,s-0.431182,s73.976505
166_35,s1.488701,s-1.818315,s164.330764
166_36,s-1.012541,s2.285774,s29.456702
166_37,s-2.124458,s1.666337,s88.150672
166_38,s-1.519058,s2.292371,s101.756916
166_39,s2.016567,s1.30133,s0.723876
166_40,s1.10743,s2.296976,s15.110186
166_41,s2.490596,s1.042561,s288.869752
166_42,s-0.484167,s2.554522,s358.622905
166_43,s-2.90154,s0.762278,s3.688647
166_44,s2.109286,s-1.764486,s306.21191
166_45,s-1.886577,s-2.000832,s210.02924
166_46,s1.397116,s2.767321,s326.568391
166_47,s-2.577456,s-1.329181,s167.508644
166_48,s1.969621,s-2.196154,s152.980053
166_49,s2.056015,s2.184674,s24.162355
166_50,s2.829427,s0.341819,s327.874672
166_51,s1.213886,s-2.852452,s111.28805
166_52,s-2.549588,s2.015466,s27.523502
166_53,s2.389854,s1.729479,s318.209469
166_54,s0.298641,s-3.186034,s44.057785
166_55,s-3.148724,s-0.805009,s192.277539
166_56,s3.010275,s1.580584,s308.518319
166_57,s-0.499709,s-3.413618,s104.547263
166_58,s3.134362,s-1.032365,s16.735136
166_59,s-2.080893,s-2.561227,s185.765985
166_60,s2.525674,s-2.200789,s297.958236
166_61,s-2.572826,s-2.222739,s148.980963
166_62,s-3.701542,s-1.058815,s359.141366
166_63,s0.900721,s-3.330346,s173.154876
166_64,s-2.128665,s2.521663,s14.16456
166_65,s1.500152,s-3.162206,s195.526879
166_66,s0.129557,s-3.547635,s129.630534
166_67,s3.239573,s-0.260131,s248.031166
166_68,s-1.362891,s-3.005417,s132.628938
166_69,s-3.074889,s0.393776,s75.084519
166_70,s-3.274326,s-1.723017,s64.665195
166_71,s2.146335,s-2.827675,s150.297604
166_72,s-1.543913,s3.08526,s325.408847
166_73,s2.384008,s3.211932,s58.059383
166_74,s0.954197,s3.263358,s282.436895
166_75,s-3.238542,s1.789371,s171.920817
166_76,s3.528216,s-1.114311,s279.852836
166_77,s0.242373,s3.140662,s5.976925
166_78,s3.165618,s2.445171,s52.380332
166_79,s-0.594792,s3.44909,s335.074057
166_80,s3.790423,s0.674682,s47.746101
166_81,s3.28234,s-1.707701,s257.485009
166_82,s-2.233555,s3.615762,s262.616415
166_83,s0.962294,s3.830991,s316.530336
166_84,s2.507003,s-2.788806,s278.004905
166_85,s-1.071253,s-3.853883,s213.675847
166_86,s-3.63722,s1.100286,s47.100179
166_87,s-2.592469,s3.046162,s92.648657
166_88,s3.297121,s-2.264727,s247.847907
166_89,s2.287782,s-3.341939,s238.776418
166_90,s-3.659059,s-2.061865,s92.429683
166_91,s3.761597,s1.205359,s4.035417
166_92,s-1.722798,s4.048699,s270.930403
166_93,s-2.368359,s-3.40784,s194.435626
166_94,s-3.608204,s2.050211,s354.481168
166_95,s-3.883701,s0.72067,s101.858086
166_96,s3.619644,s2.321245,s334.872717
166_97,s0.790873,s4.429957,s119.390125
166_98,s4.403808,s-0.925459,s353.572996
166_99,s4.146049,s0.671029,s254.799508
166_100,s-3.794542,s0.20359,s127.573646
166_101,s2.949522,s3.059873,s1.870195
166_102,s-3.190818,s-2.807344,s111.860962
166_103,s2.166557,s-3.886969,s233.062158
166_104,s1.604399,s3.718656,s1.899259
166_105,s3.307595,s-3.268381,s335.698308
166_106,s1.645038,s-4.24221,s241.577831
166_107,s4.19738,s-1.622345,s189.096833
166_108,s-4.488406,s-1.00708,s1.903808
166_109,s0.427796,s-4.278667,s74.387053
166_110,s4.204913,s2.099693,s327.982217
166_111,s1.949102,s4.221789,s240.957166
166_112,s4.264544,s1.586241,s233.479404
166_113,s-3.941597,s2.467045,s41.203763
166_114,s-1.474721,s-4.251494,s169.124634
166_115,s-0.870357,s-4.771266,s224.063275
166_116,s-3.094592,s-3.403454,s117.049979
166_117,s-2.669466,s4.049253,s174.150919
166_118,s-4.303484,s1.315303,s150.479946
166_119,s3.889615,s-2.897136,s304.29164
166_120,s-0.686363,s4.244868,s329.015739
166_121,s3.567673,s3.059692,s37.142101
166_122,s-3.265704,s3.310239,s57.468548
166_123,s3.071674,s-3.817698,s180.849631
166_124,s-4.991423,s-0.76694,s173.28726
166_125,s4.950407,s1.748134,s203.595737
166_126,s-2.827687,s-3.816633,s187.991472
166_127,s-4.731013,s0.424278,s82.136033
166_128,s3.80096,s-3.400397,s196.751418
166_129,s-0.730063,s4.845308,s55.515236
166_130,s-4.804723,s1.710157,s173.023405
166_131,s-1.953759,s4.439068,s76.916739
166_132,s4.463056,s3.039923,s251.495715
166_133,s1.052164,s-4.169287,s217.990603
166_134,s3.250387,s3.864904,s309.106253
166_135,s-4.753671,s2.228253,s337.761822
166_136,s-4.496772,s-2.29816,s102.110863
166_137,s4.582708,s-2.238032,s286.887177
166_138,s-2.245938,s-4.411152,s190.317511
166_139,s1.624321,s-4.887134,s170.79628
166_140,s0.78701,s-4.887035,s73.310976
166_141,s-4.208089,s-3.139186,s328.354983
166_142,s2.380055,s4.847199,s182.968775
166_143,s1.030458,s-5.249824,s137.212473
166_144,s3.703032,s3.721566,s264.726646
166_145,s-3.22781,s3.948575,s40.495142
166_146,s-4.933281,s-1.795895,s129.347804
166_147,s-4.43477,s-3.580896,s36.097881
166_148,s2.755784,s4.172008,s301.866943
166_149,s2.920698,s4.894847,s254.557573
166_150,s-5.202169,s1.013626,s52.240126
166_151,s4.893457,s-0.253142,s187.408777
166_152,s-4.629107,s3.151407,s18.690016
166_153,s5.488161,s-0.826189,s12.311594
166_154,s1.752472,s4.736174,s23.668878
166_155,s5.827439,s0.513282,s153.853309
166_156,s2.710172,s-4.785913,s88.603284
166_157,s-2.56428,s-5.202352,s26.348536
166_158,s-1.042775,s-5.34931,s213.691996
166_159,s-3.166937,s-4.187244,s142.019122
166_160,s3.628548,s-4.066465,s159.940911
166_161,s4.44939,s-2.970762,s261.568419
166_162,s-5.595474,s1.706801,s38.906578
166_163,s0.403935,s4.983657,s166.130022
166_164,s-2.783357,s4.916851,s148.538952
166_165,s-1.758723,s4.840392,s25.965743
167_0,s0.0,s0.0,s61.458974
167_1,s-0.087797,s0.492231,s34.479228
167_2,s0.458878,s0.65531,s347.407842
167_3,s0.369948,s-0.2562,s301.022519
167_4,s-0.404414,s-0.294023,s128.840276
167_5,s0.834052,s-0.454816,s262.731028
167_6,s-0.184418,s-0.778454,s224.38473
167_7,s0.819507,s0.480529,s278.525991
167_8,s-0.836532,s0.331986,s27.229171
167_9,s0.973831,s-1.005809,s247.702628
167_10,s-1.028382,s-0.949964,s213.937165
167_11,s-1.046449,s-0.086287,s57.453197
167_12,s0.705015,s1.491795,s17.209855
167_13,s0.254261,s-1.529003,s197.311675
167_14,s-1.353793,s-0.645945,s76.43608
167_15,s-1.456944,s0.661298,s83.771924
167_16,s-0.740772,s1.361527,s111.270673
167_17,s0.97787,s1.001884,s297.463483
167_18,s-0.629273,s1.739688,s1.553225
167_19,s-1.680577,s-1.084278,s101.500223
167_20,s1.623048,s-0.778277,s209.278812
167_21,s-0.833751,s-1.817927,s218.161732
167_22,s-1.916349,s1.179028,s111.169023
167_23,s-1.280872,s1.536023,s66.434036
167_24,s1.613792,s1.638803,s55.371005
167_25,s1.522809,s0.289055,s216.067609
167_26,s0.468313,s2.404825,s40.113282
167_27,s0.69866,s-1.874,s299.844059
167_28,s-1.377234,s-1.650978,s85.32734
167_29,s2.021313,s0.732662,s236.361939
167_30,s-1.197927,s-2.137164,s183.096492
167_31,s-0.802746,s-2.577906,s217.550163
167_32,s0.922671,s-2.269621,s146.629322
167_33,s2.137907,s-0.848146,s297.113569
167_34,s-2.360949,s-0.431182,s73.976505
167_35,s1.488701,s-1.818315,s164.330764
167_36,s-1.012541,s2.285774,s29.456702
167_37,s-2.124458,s1.666337,s88.150672
167_38,s-1.519058,s2.292371,s101.756916
167_39,s2.016567,s1.30133,s0.723876
167_40,s1.10743,s2.296976,s15.110186
167_41,s2.490596,s1.042561,s288.869752
167_42,s-0.484167,s2.554522,s358.622905
167_43,s-2.90154,s0.762278,s3.688647
167_44,s2.109286,s-1.764486,s306.21191
167_45,s-1.886577,s-2.000832,s210.02924
167_46,s1.397116,s2.767321,s326.568391
167_47,s-2.577456,s-1.329181,s167.508644
167_48,s1.969621,s-2.196154,s152.980053
167_49,s2.056015,s2.184674,s24.162355
167_50,s2.829427,s0.341819,s327.874672
167_51,s1.213886,s-2.852452,s111.28805
167_52,s-2.549588,s2.015466,s27.523502
167_53,s2.389854,s1.729479,s318.209469
167_54,s0.298641,s-3.186034,s44.057785
167_55,s-3.148724,s-0.805009,s192.277539
167_56,s3.010275,s1.580584,s308.518319
167_57,s-0.499709,s-3.413618,s104.547263
167_58,s3.134362,s-1.032365,s16.735136
167_59,s-2.080893,s-2.561227,s185.765985
167_60,s2.525674,s-2.200789,s297.958236
167_61,s-2.572826,s-2.222739,s148.980963
167_62,s-3.701542,s-1.058815,s359.141366
167_63,s0.900721,s-3.330346,s173.154876
167_64,s-2.128665,s2.521663,s14.16456
167_65,s1.500152,s-3.162206,s195.526879
167_66,s0.129557,s-3.547635,s129.630534
167_67,s3.239573,s-0.260131,s248.031166
167_68,s-1.362891,s-3.005417,s132.628938
167_69,s-3.074889,s0.393776,s75.084519
167_70,s-3.274326,s-1.723017,s64.665195
167_71,s2.146335,s-2.827675,s150.297604
167_72,s-1.543913,s3.08526,s325.408847
167_73,s2.384008,s3.211932,s58.059383
167_74,s0.954197,s3.263358,s282.436895
167_75,s-3.238542,s1.789371,s171.920817
167_76,s3.528216,s-1.114311,s279.852836
167_77,s0.242373,s3.140662,s5.976925
167_78,s3.165618,s2.445171,s52.380332
167_79,s-0.594792,s3.44909,s335.074057
167_80,s3.790423,s0.674682,s47.746101
167_81,s3.28234,s-1.707701,s257.485009
167_82,s-2.233555,s3.615762,s262.616415
167_83,s0.962294,s3.830991,s316.530336
167_84,s2.507003,s-2.788806,s278.004905
167_85,s-1.071253,s-3.853883,s213.675847
167_86,s-3.63722,s1.100286,s47.100179
167_87,s-2.592469,s3.046162,s92.648657
167_88,s3.297121,s-2.264727,s247.847907
167_89,s2.287782,s-3.341939,s238.776418
167_90,s-3.659059,s-2.061865,s92.429683
167_91,s3.761597,s1.205359,s4.035417
167_92,s-1.722798,s4.048699,s270.930403
167_93,s-2.368359,s-3.40784,s194.435626
167_94,s-3.608204,s2.050211,s354.481168
167_95,s-3.883701,s0.72067,s101.858086
167_96,s3.619644,s2.321245,s334.872717
167_97,s0.790873,s4.429957,s119.390125
167_98,s4.403808,s-0.925459,s353.572996
167_99,s4.146049,s0.671029,s254.799508
167_100,s-3.794542,s0.20359,s127.573646
167_101,s2.949522,s3.059873,s1.870195
167_102,s-3.190818,s-2.807344,s111.860962
167_103,s2.166557,s-3.886969,s233.062158
167_104,s1.604399,s3.718656,s1.899259
167_105,s3.307595,s-3.268381,s335.698308
167_106,s1.645038,s-4.24221,s241.577831
167_107,s4.19738,s-1.622345,s189.096833
167_108,s-4.488406,s-1.00708,s1.903808
167_109,s0.427796,s-4.278667,s74.387053
167_110,s4.204913,s2.099693,s327.982217
167_111,s1.949102,s4.221789,s240.957166
167_112,s4.264544,s1.586241,s233.479404
167_113,s-3.941597,s2.467045,s41.203763
167_114,s-1.474721,s-4.251494,s169.124634
167_115,s-0.870357,s-4.771266,s224.063275
167_116,s-3.094592,s-3.403454,s117.049979
167_117,s-2.669466,s4.049253,s174.150919
167_118,s-4.303484,s1.315303,s150.479946
167_119,s3.889615,s-2.897136,s304.29164
167_120,s-0.686363,s4.244868,s329.015739
167_121,s3.567673,s3.059692,s37.142101
167_122,s-3.265704,s3.310239,s57.468548
167_123,s3.071674,s-3.817698,s180.849631
167_124,s-4.991423,s-0.76694,s173.28726
167_125,s4.950407,s1.748134,s203.595737
167_126,s-2.827687,s-3.816633,s187.991472
167_127,s-4.731013,s0.424278,s82.136033
167_128,s3.80096,s-3.400397,s196.751418
167_129,s-0.730063,s4.845308,s55.515236
167_130,s-4.804723,s1.710157,s173.023405
167_131,s-1.953759,s4.439068,s76.916739
167_132,s4.463056,s3.039923,s251.495715
167_133,s1.052164,s-4.169287,s217.990603
167_134,s3.250387,s3.864904,s309.106253
167_135,s-4.753671,s2.228253,s337.761822
167_136,s-4.496772,s-2.29816,s102.110863
167_137,s4.582708,s-2.238032,s286.887177
167_138,s-2.245938,s-4.411152,s190.317511
167_139,s1.624321,s-4.887134,s170.79628
167_140,s0.78701,s-4.887035,s73.310976
167_141,s-4.208089,s-3.139186,s328.354983
167_142,s2.380055,s4.847199,s182.968775
167_143,s1.030458,s-5.249824,s137.212473
167_144,s3.703032,s3.721566,s264.726646
167_145,s-3.22781,s3.948575,s40.495142
167_146,s-4.933281,s-1.795895,s129.347804
167_147,s-4.43477,s-3.580896,s36.097881
167_148,s2.755784,s4.172008,s301.866943
167_149,s2.920698,s4.894847,s254.557573
167_150,s-5.202169,s1.013626,s52.240126
167_151,s4.893457,s-0.253142,s187.408777
167_152,s-4.629107,s3.151407,s18.690016
167_153,s5.488161,s-0.826189,s12.311594
167_154,s1.752472,s4.736174,s23.668878
167_155,s5.827439,s0.513282,s153.853309
167_156,s2.710172,s-4.785913,s88.603284
167_157,s-2.56428,s-5.202352,s26.348536
167_158,s-1.042775,s-5.34931,s213.691996
167_159,s-3.166937,s-4.187244,s142.019122
167_160,s3.628548,s-4.066465,s159.940911
167_161,s4.44939,s-2.970762,s261.568419
167_162,s-5.595474,s1.706801,s38.906578
167_163,s0.403935,s4.983657,s166.130022
167_164,s-2.783357,s4.916851,s148.538952
167_165,s-1.758723,s4.840392,s25.965743
167_166,s4.307451,s-3.656277,s292.790329
168_0,s0.0,s0.0,s61.458974
168_1,s-0.087797,s0.492231,s34.479228
168_2,s0.458878,s0.65531,s347.407842
168_3,s0.369948,s-0.2562,s301.022519
168_4,s-0.404414,s-0.294023,s128.840276
168_5,s0.834052,s-0.454816,s262.731028
168_6,s-0.184418,s-0.778454,s224.38473
168_7,s0.819507,s0.480529,s278.525991
168_8,s-0.836532,s0.331986,s27.229171
168_9,s0.973831,s-1.005809,s247.702628
168_10,s-1.028382,s-0.949964,s213.937165
168_11,s-1.046449,s-0.086287,s57.453197
168_12,s0.705015,s1.491795,s17.209855
168_13,s0.254261,s-1.529003,s197.311675
168_14,s-1.353793,s-0.645945,s76.43608
168_15,s-1.456944,s0.661298,s83.771924
168_16,s-0.740772,s1.361527,s111.270673
168_17,s0.97787,s1.001884,s297.463483
168_18,s-0.629273,s1.739688,s1.553225
168_19,s-1.680577,s-1.084278,s101.500223
168_20,s1.623048,s-0.778277,s209.278812
168_21,s-0.833751,s-1.817927,s218.161732
168_22,s-1.916349,s1.179028,s111.169023
168_23,s-1.280872,s1.536023,s66.434036
168_24,s1.613792,s1.638803,s55.371005
168_25,s1.522809,s0.289055,s216.067609
168_26,s0.468313,s2.404825,s40.113282
168_27,s0.69866,s-1.874,s299.844059
168_28,s-1.377234,s-1.650978,s85.32734
168_29,s2.021313,s0.732662,s236.361939
168_30,s-1.197927,s-2.137164,s183.096492
168_31,s-0.802746,s-2.577906,s217.550163
168_32,s0.922671,s-2.269621,s146.629322
168_33,s2.137907,s-0.848146,s297.113569
168_34,s-2.360949,s-0.431182,s73.976505
168_35,s1.488701,s-1.818315,s164.330764
168_36,s-1.012541,s2.285774,s29.456702
168_37,s-2.124458,s1.666337,s88.150672
168_38,s-1.519058,s2.292371,s101.756916
168_39,s2.016567,s1.30133,s0.723876
168_40,s1.10743,s2.296976,s15.110186
168_41,s2.490596,s1.042561,s288.869752
168_42,s-0.484167,s2.554522,s358.622905
168_43,s-2.90154,s0.762278,s3.688647
168_44,s2.109286,s-1.764486,s306.21191
168_45,s-1.886577,s-2.000832,s210.02924
168_46,s1.397116,s2.767321,s326.568391
168_47,s-2.577456,s-1.329181,s167.508644
168_48,s1.969621,s-2.196154,s152.980053
168_49,s2.056015,s2.184674,s24.162355
168_50,s2.829427,s0.341819,s327.874672
168_51,s1.213886,s-2.852452,s111.28805
168_52,s-2.549588,s2.015466,s27.523502
168_53,s2.389854,s1.729479,s318.209469
168_54,s0.298641,s-3.186034,s44.057785
168_55,s-3.148724,s-0.805009,s192.277539
168_56,s3.010275,s1.580584,s308.518319
168_57,s-0.499709,s-3.413618,s104.547263
168_58,s3.134362,s-1.032365,s16.735136
168_59,s-2.080893,s-2.561227,s185.765985
168_60,s2.525674,s-2.200789,s297.958236
168_61,s-2.572826,s-2.222739,s148.980963
168_62,s-3.701542,s-1.058815,s359.141366
168_63,s0.900721,s-3.330346,s173.154876
168_64,s-2.128665,s2.521663,s14.16456
168_65,s1.500152,s-3.162206,s195.526879
168_66,s0.129557,s-3.547635,s129.630534
168_67,s3.239573,s-0.260131,s248.031166
168_68,s-1.362891,s-3.005417,s132.628938
168_69,s-3.074889,s0.393776,s75.084519
168_70,s-3.274326,s-1.723017,s64.665195
168_71,s2.146335,s-2.827675,s150.297604
168_72,s-1.543913,s3.08526,s325.408847
168_73,s2.384008,s3.211932,s58.059383
168_74,s0.954197,s3.263358,s282.436895
168_75,s-3.238542,s1.789371,s171.920817
168_76,s3.528216,s-1.114311,s279.852836
168_77,s0.242373,s3.140662,s5.976925
168_78,s3.165618,s2.445171,s52.380332
168_79,s-0.594792,s3.44909,s335.074057
168_80,s3.790423,s0.674682,s47.746101
168_81,s3.28234,s-1.707701,s257.485009
168_82,s-2.233555,s3.615762,s262.616415
168_83,s0.962294,s3.830991,s316.530336
168_84,s2.507003,s-2.788806,s278.004905
168_85,s-1.071253,s-3.853883,s213.675847
168_86,s-3.63722,s1.100286,s47.100179
168_87,s-2.592469,s3.046162,s92.648657
168_88,s3.297121,s-2.264727,s247.847907
168_89,s2.287782,s-3.341939,s238.776418
168_90,s-3.659059,s-2.061865,s92.429683
168_91,s3.761597,s1.205359,s4.035417
168_92,s-1.722798,s4.048699,s270.930403
168_93,s-2.368359,s-3.40784,s194.435626
168_94,s-3.608204,s2.050211,s354.481168
168_95,s-3.883701,s0.72067,s101.858086
168_96,s3.619644,s2.321245,s334.872717
168_97,s0.790873,s4.429957,s119.390125
168_98,s4.403808,s-0.925459,s353.572996
168_99,s4.146049,s0.671029,s254.799508
168_100,s-3.794542,s0.20359,s127.573646
168_101,s2.949522,s3.059873,s1.870195
168_102,s-3.190818,s-2.807344,s111.860962
168_103,s2.166557,s-3.886969,s233.062158
168_104,s1.604399,s3.718656,s1.899259
168_105,s3.307595,s-3.268381,s335.698308
168_106,s1.645038,s-4.24221,s241.577831
168_107,s4.19738,s-1.622345,s189.096833
168_108,s-4.488406,s-1.00708,s1.903808
168_109,s0.427796,s-4.278667,s74.387053
168_110,s4.204913,s2.099693,s327.982217
168_111,s1.949102,s4.221789,s240.957166
168_112,s4.264544,s1.586241,s233.479404
168_113,s-3.941597,s2.467045,s41.203763
168_114,s-1.474721,s-4.251494,s169.124634
168_115,s-0.870357,s-4.771266,s224.063275
168_116,s-3.094592,s-3.403454,s117.049979
168_117,s-2.669466,s4.049253,s174.150919
168_118,s-4.303484,s1.315303,s150.479946
168_119,s3.889615,s-2.897136,s304.29164
168_120,s-0.686363,s4.244868,s329.015739
168_121,s3.567673,s3.059692,s37.142101
168_122,s-3.265704,s3.310239,s57.468548
168_123,s3.071674,s-3.817698,s180.849631
168_124,s-4.991423,s-0.76694,s173.28726
168_125,s4.950407,s1.748134,s203.595737
168_126,s-2.827687,s-3.816633,s187.991472
168_127,s-4.731013,s0.424278,s82.136033
168_128,s3.80096,s-3.400397,s196.751418
168_129,s-0.730063,s4.845308,s55.515236
168_130,s-4.804723,s1.710157,s173.023405
168_131,s-1.953759,s4.439068,s76.916739
168_132,s4.463056,s3.039923,s251.495715
168_133,s1.052164,s-4.169287,s217.990603
168_134,s3.250387,s3.864904,s309.106253
168_135,s-4.753671,s2.228253,s337.761822
168_136,s-4.496772,s-2.29816,s102.110863
168_137,s4.582708,s-2.238032,s286.887177
168_138,s-2.245938,s-4.411152,s190.317511
168_139,s1.624321,s-4.887134,s170.79628
168_140,s0.78701,s-4.887035,s73.310976
168_141,s-4.208089,s-3.139186,s328.354983
168_142,s2.380055,s4.847199,s182.968775
168_143,s1.030458,s-5.249824,s137.212473
168_144,s3.703032,s3.721566,s264.726646
168_145,s-3.22781,s3.948575,s40.495142
168_146,s-4.933281,s-1.795895,s129.347804
168_147,s-4.43477,s-3.580896,s36.097881
168_148,s2.755784,s4.172008,s301.866943
168_149,s2.920698,s4.894847,s254.557573
168_150,s-5.202169,s1.013626,s52.240126
168_151,s4.893457,s-0.253142,s187.408777
168_152,s-4.629107,s3.151407,s18.690016
168_153,s5.488161,s-0.826189,s12.311594
168_154,s1.752472,s4.736174,s23.668878
168_155,s5.827439,s0.513282,s153.853309
168_156,s2.710172,s-4.785913,s88.603284
168_157,s-2.56428,s-5.202352,s26.348536
168_158,s-1.042775,s-5.34931,s213.691996
168_159,s-3.166937,s-4.187244,s142.019122
168_160,s3.628548,s-4.066465,s159.940911
168_161,s4.44939,s-2.970762,s261.568419
168_162,s-5.595474,s1.706801,s38.906578
168_163,s0.403935,s4.983657,s166.130022
168_164,s-2.783357,s4.916851,s148.538952
168_165,s-1.758723,s4.840392,s25.965743
168_166,s4.307451,s-3.656277,s292.790329
168_167,s-2.07726,s-5.415255,s115.079698
169_0,s0.0,s0.0,s61.458974
169_1,s-0.087797,s0.492231,s34.479228
169_2,s0.458878,s0.65531,s347.407842
169_3,s0.369948,s-0.2562,s301.022519
169_4,s-0.404414,s-0.294023,s128.840276
169_5,s0.834052,s-0.454816,s262.731028
169_6,s-0.184418,s-0.778454,s224.38473
169_7,s0.819507,s0.480529,s278.525991
169_8,s-0.836532,s0.331986,s27.229171
169_9,s0.973831,s-1.005809,s247.702628
169_10,s-1.028382,s-0.949964,s213.937165
169_11,s-1.046449,s-0.086287,s57.453197
169_12,s0.705015,s1.491795,s17.209855
169_13,s0.254261,s-1.529003,s197.311675
169_14,s-1.353793,s-0.645945,s76.43608
169_15,s-1.456944,s0.661298,s83.771924
169_16,s-0.740772,s1.361527,s111.270673
169_17,s0.97787,s1.001884,s297.463483
169_18,s-0.629273,s1.739688,s1.553225
169_19,s-1.680577,s-1.084278,s101.500223
169_20,s1.623048,s-0.778277,s209.278812
169_21,s-0.833751,s-1.817927,s218.161732
169_22,s-1.916349,s1.179028,s111.169023
169_23,s-1.280872,s1.536023,s66.434036
169_24,s1.613792,s1.638803,s55.371005
169_25,s1.522809,s0.289055,s216.067609
169_26,s0.468313,s2.404825,s40.113282
169_27,s0.69866,s-1.874,s299.844059
169_28,s-1.377234,s-1.650978,s85.32734
169_29,s2.021313,s0.732662,s236.361939
169_30,s-1.197927,s-2.137164,s183.096492
169_31,s-0.802746,s-2.577906,s217.550163
169_32,s0.922671,s-2.269621,s146.629322
169_33,s2.137907,s-0.848146,s297.113569
169_34,s-2.360949,s-0.431182,s73.976505
169_35,s1.488701,s-1.818315,s164.330764
169_36,s-1.012541,s2.285774,s29.456702
169_37,s-2.124458,s1.666337,s88.150672
169_38,s-1.519058,s2.292371,s101.756916
169_39,s2.016567,s1.30133,s0.723876
169_40,s1.10743,s2.296976,s15.110186
169_41,s2.490596,s1.042561,s288.869752
169_42,s-0.484167,s2.554522,s358.622905
169_43,s-2.90154,s0.762278,s3.688647
169_44,s2.109286,s-1.764486,s306.21191
169_45,s-1.886577,s-2.000832,s210.02924
169_46,s1.397116,s2.767321,s326.568391
169_47,s-2.577456,s-1.329181,s167.508644
169_48,s1.969621,s-2.196154,s152.980053
169_49,s2.056015,s2.184674,s24.162355
169_50,s2.829427,s0.341819,s327.874672
169_51,s1.213886,s-2.852452,s111.28805
169_52,s-2.549588,s2.015466,s27.523502
169_53,s2.389854,s1.729479,s318.209469
169_54,s0.298641,s-3.186034,s44.057785
169_55,s-3.148724,s-0.805009,s192.277539
169_56,s3.010275,s1.580584,s308.518319
169_57,s-0.499709,s-3.413618,s104.547263
169_58,s3.134362,s-1.032365,s16.735136
169_59,s-2.080893,s-2.561227,s185.765985
169_60,s2.525674,s-2.200789,s297.958236
169_61,s-2.572826,s-2.222739,s148.980963
169_62,s-3.701542,s-1.058815,s359.141366
169_63,s0.900721,s-3.330346,s173.154876
169_64,s-2.128665,s2.521663,s14.16456
169_65,s1.500152,s-3.162206,s195.526879
169_66,s0.129557,s-3.547635,s129.630534
169_67,s3.239573,s-0.260131,s248.031166
169_68,s-1.362891,s-3.005417,s132.628938
169_69,s-3.074889,s0.393776,s75.084519
169_70,s-3.274326,s-1.723017,s64.665195
169_71,s2.146335,s-2.827675,s150.297604
169_72,s-1.543913,s3.08526,s325.408847
169_73,s2.384008,s3.211932,s58.059383
169_74,s0.954197,s3.263358,s282.436895
169_75,s-3.238542,s1.789371,s171.920817
169_76,s3.528216,s-1.114311,s279.852836
169_77,s0.242373,s3.140662,s5.976925
169_78,s3.165618,s2.445171,s52.380332
169_79,s-0.594792,s3.44909,s335.074057
169_80,s3.790423,s0.674682,s47.746101
169_81,s3.28234,s-1.707701,s257.485009
169_82,s-2.233555,s3.615762,s262.616415
169_83,s0.962294,s3.830991,s316.530336
169_84,s2.507003,s-2.788806,s278.004905
169_85,s-1.071253,s-3.853883,s213.675847
169_86,s-3.63722,s1.100286,s47.100179
169_87,s-2.592469,s3.046162,s92.648657
169_88,s3.297121,s-2.264727,s247.847907
169_89,s2.287782,s-3.341939,s238.776418
169_90,s-3.659059,s-2.061865,s92.429683
169_91,s3.761597,s1.205359,s4.035417
169_92,s-1.722798,s4.048699,s270.930403
169_93,s-2.368359,s-3.40784,s194.435626
169_94,s-3.608204,s2.050211,s354.481168
169_95,s-3.883701,s0.72067,s101.858086
169_96,s3.619644,s2.321245,s334.872717
169_97,s0.790873,s4.429957,s119.390125
169_98,s4.403808,s-0.925459,s353.572996
169_99,s4.146049,s0.671029,s254.799508
169_100,s-3.794542,s0.20359,s127.573646
169_101,s2.949522,s3.059873,s1.870195
169_102,s-3.190818,s-2.807344,s111.860962
169_103,s2.166557,s-3.886969,s233.062158
169_104,s1.604399,s3.718656,s1.899259
169_105,s3.307595,s-3.268381,s335.698308
169_106,s1.645038,s-4.24221,s241.577831
169_107,s4.19738,s-1.622345,s189.096833
169_108,s-4.488406,s-1.00708,s1.903808
169_109,s0.427796,s-4.278667,s74.387053
169_110,s4.204913,s2.099693,s327.982217
169_111,s1.949102,s4.221789,s240.957166
169_112,s4.264544,s1.586241,s233.479404
169_113,s-3.941597,s2.467045,s41.203763
169_114,s-1.474721,s-4.251494,s169.124634
169_115,s-0.870357,s-4.771266,s224.063275
169_116,s-3.094592,s-3.403454,s117.049979
169_117,s-2.669466,s4.049253,s174.150919
169_118,s-4.303484,s1.315303,s150.479946
169_119,s3.889615,s-2.897136,s304.29164
169_120,s-0.686363,s4.244868,s329.015739
169_121,s3.567673,s3.059692,s37.142101
169_122,s-3.265704,s3.310239,s57.468548
169_123,s3.071674,s-3.817698,s180.849631
169_124,s-4.991423,s-0.76694,s173.28726
169_125,s4.950407,s1.748134,s203.595737
169_126,s-2.827687,s-3.816633,s187.991472
169_127,s-4.731013,s0.424278,s82.136033
169_128,s3.80096,s-3.400397,s196.751418
169_129,s-0.730063,s4.845308,s55.515236
169_130,s-4.804723,s1.710157,s173.023405
169_131,s-1.953759,s4.439068,s76.916739
169_132,s4.463056,s3.039923,s251.495715
169_133,s1.052164,s-4.169287,s217.990603
169_134,s3.250387,s3.864904,s309.106253
169_135,s-4.753671,s2.228253,s337.761822
169_136,s-4.496772,s-2.29816,s102.110863
169_137,s4.582708,s-2.238032,s286.887177
169_138,s-2.245938,s-4.411152,s190.317511
169_139,s1.624321,s-4.887134,s170.79628
169_140,s0.78701,s-4.887035,s73.310976
169_141,s-4.208089,s-3.139186,s328.354983
169_142,s2.380055,s4.847199,s182.968775
169_143,s1.030458,s-5.249824,s137.212473
169_144,s3.703032,s3.721566,s264.726646
169_145,s-3.22781,s3.948575,s40.495142
169_146,s-4.933281,s-1.795895,s129.347804
169_147,s-4.43477,s-3.580896,s36.097881
169_148,s2.755784,s4.172008,s301.866943
169_149,s2.920698,s4.894847,s254.557573
169_150,s-5.202169,s1.013626,s52.240126
169_151,s4.893457,s-0.253142,s187.408777
169_152,s-4.629107,s3.151407,s18.690016
169_153,s5.488161,s-0.826189,s12.311594
169_154,s1.752472,s4.736174,s23.668878
169_155,s5.827439,s0.513282,s153.853309
169_156,s2.710172,s-4.785913,s88.603284
169_157,s-2.56428,s-5.202352,s26.348536
169_158,s-1.042775,s-5.34931,s213.691996
169_159,s-3.166937,s-4.187244,s142.019122
169_160,s3.628548,s-4.066465,s159.940911
169_161,s4.44939,s-2.970762,s261.568419
169_162,s-5.595474,s1.706801,s38.906578
169_163,s0.403935,s4.983657,s166.130022
169_164,s-2.783357,s4.916851,s148.538952
169_165,s-1.758723,s4.840392,s25.965743
169_166,s4.307451,s-3.656277,s292.790329
169_167,s-2.07726,s-5.415255,s115.079698
169_168,s-2.332898,s5.145881,s65.540546
170_0,s0.0,s0.0,s61.458974
170_1,s-0.087797,s0.492231,s34.479228
170_2,s0.458878,s0.65531,s347.407842
170_3,s0.369948,s-0.2562,s301.022519
170_4,s-0.404414,s-0.294023,s128.840276
170_5,s0.834052,s-0.454816,s262.731028
170_6,s-0.184418,s-0.778454,s224.38473
170_7,s0.819507,s0.480529,s278.525991
170_8,s-0.836532,s0.331986,s27.229171
170_9,s0.973831,s-1.005809,s247.702628
170_10,s-1.028382,s-0.949964,s213.937165
170_11,s-1.046449,s-0.086287,s57.453197
170_12,s0.705015,s1.491795,s17.209855
170_13,s0.254261,s-1.529003,s197.311675
170_14,s-1.353793,s-0.645945,s76.43608
170_15,s-1.456944,s0.661298,s83.771924
170_16,s-0.740772,s1.361527,s111.270673
170_17,s0.97787,s1.001884,s297.463483
170_18,s-0.629273,s1.739688,s1.553225
170_19,s-1.680577,s-1.084278,s101.500223
170_20,s1.623048,s-0.778277,s209.278812
170_21,s-0.833751,s-1.817927,s218.161732
170_22,s-1.916349,s1.179028,s111.169023
170_23,s-1.280872,s1.536023,s66.434036
170_24,s1.613792,s1.638803,s55.371005
170_25,s1.522809,s0.289055,s216.067609
170_26,s0.468313,s2.404825,s40.113282
170_27,s0.69866,s-1.874,s299.844059
170_28,s-1.377234,s-1.650978,s85.32734
170_29,s2.021313,s0.732662,s236.361939
170_30,s-1.197927,s-2.137164,s183.096492
170_31,s-0.802746,s-2.577906,s217.550163
170_32,s0.922671,s-2.269621,s146.629322
170_33,s2.137907,s-0.848146,s297.113569
170_34,s-2.360949,s-0.431182,s73.976505
170_35,s1.488701,s-1.818315,s164.330764
170_36,s-1.012541,s2.285774,s29.456702
170_37,s-2.124458,s1.666337,s88.150672
170_38,s-1.519058,s2.292371,s101.756916
170_39,s2.016567,s1.30133,s0.723876
170_40,s1.10743,s2.296976,s15.110186
170_41,s2.490596,s1.042561,s288.869752
170_42,s-0.484167,s2.554522,s358.622905
170_43,s-2.90154,s0.762278,s3.688647
170_44,s2.109286,s-1.764486,s306.21191
170_45,s-1.886577,s-2.000832,s210.02924
170_46,s1.397116,s2.767321,s326.568391
170_47,s-2.577456,s-1.329181,s167.508644
170_48,s1.969621,s-2.196154,s152.980053
170_49,s2.056015,s2.184674,s24.162355
170_50,s2.829427,s0.341819,s327.874672
170_51,s1.213886,s-2.852452,s111.28805
170_52,s-2.549588,s2.015466,s27.523502
170_53,s2.389854,s1.729479,s318.209469
170_54,s0.298641,s-3.186034,s44.057785
170_55,s-3.148724,s-0.805009,s192.277539
170_56,s3.010275,s1.580584,s308.518319
170_57,s-0.499709,s-3.413618,s104.547263
170_58,s3.134362,s-1.032365,s16.735136
170_59,s-2.080893,s-2.561227,s185.765985
170_60,s2.525674,s-2.200789,s297.958236
170_61,s-2.572826,s-2.222739,s148.980963
170_62,s-3.701542,s-1.058815,s359.141366
170_63,s0.900721,s-3.330346,s173.154876
170_64,s-2.128665,s2.521663,s14.16456
170_65,s1.500152,s-3.162206,s195.526879
170_66,s0.129557,s-3.547635,s129.630534
170_67,s3.239573,s-0.260131,s248.031166
170_68,s-1.362891,s-3.005417,s132.628938
170_69,s-3.074889,s0.393776,s75.084519
170_70,s-3.274326,s-1.723017,s64.665195
170_71,s2.146335,s-2.827675,s150.297604
170_72,s-1.543913,s3.08526,s325.408847
170_73,s2.384008,s3.211932,s58.059383
170_74,s0.954197,s3.263358,s282.436895
170_75,s-3.238542,s1.789371,s171.920817
170_76,s3.528216,s-1.114311,s279.852836
170_77,s0.242373,s3.140662,s5.976925
170_78,s3.165618,s2.445171,s52.380332
170_79,s-0.594792,s3.44909,s335.074057
170_80,s3.790423,s0.674682,s47.746101
170_81,s3.28234,s-1.707701,s257.485009
170_82,s-2.233555,s3.615762,s262.616415
170_83,s0.962294,s3.830991,s316.530336
170_84,s2.507003,s-2.788806,s278.004905
170_85,s-1.071253,s-3.853883,s213.675847
170_86,s-3.63722,s1.100286,s47.100179
170_87,s-2.592469,s3.046162,s92.648657
170_88,s3.297121,s-2.264727,s247.847907
170_89,s2.287782,s-3.341939,s238.776418
170_90,s-3.659059,s-2.061865,s92.429683
170_91,s3.761597,s1.205359,s4.035417
170_92,s-1.722798,s4.048699,s270.930403
170_93,s-2.368359,s-3.40784,s194.435626
170_94,s-3.608204,s2.050211,s354.481168
170_95,s-3.883701,s0.72067,s101.858086
170_96,s3.619644,s2.321245,s334.872717
170_97,s0.790873,s4.429957,s119.390125
170_98,s4.403808,s-0.925459,s353.572996
170_99,s4.146049,s0.671029,s254.799508
170_100,s-3.794542,s0.20359,s127.573646
170_101,s2.949522,s3.059873,s1.870195
170_102,s-3.190818,s-2.807344,s111.860962
170_103,s2.166557,s-3.886969,s233.062158
170_104,s1.604399,s3.718656,s1.899259
170_105,s3.307595,s-3.268381,s335.698308
170_106,s1.645038,s-4.24221,s241.577831
170_107,s4.19738,s-1.622345,s189.096833
170_108,s-4.488406,s-1.00708,s1.903808
170_109,s0.427796,s-4.278667,s74.387053
170_110,s4.204913,s2.099693,s327.982217
170_111,s1.949102,s4.221789,s240.957166
170_112,s4.264544,s1.586241,s233.479404
170_113,s-3.941597,s2.467045,s41.203763
170_114,s-1.474721,s-4.251494,s169.124634
170_115,s-0.870357,s-4.771266,s224.063275
170_116,s-3.094592,s-3.403454,s117.049979
170_117,s-2.669466,s4.049253,s174.150919
170_118,s-4.303484,s1.315303,s150.479946
170_119,s3.889615,s-2.897136,s304.29164
170_120,s-0.686363,s4.244868,s329.015739
170_121,s3.567673,s3.059692,s37.142101
170_122,s-3.265704,s3.310239,s57.468548
170_123,s3.071674,s-3.817698,s180.849631
170_124,s-4.991423,s-0.76694,s173.28726
170_125,s4.950407,s1.748134,s203.595737
170_126,s-2.827687,s-3.816633,s187.991472
170_127,s-4.731013,s0.424278,s82.136033
170_128,s3.80096,s-3.400397,s196.751418
170_129,s-0.730063,s4.845308,s55.515236
170_130,s-4.804723,s1.710157,s173.023405
170_131,s-1.953759,s4.439068,s76.916739
170_132,s4.463056,s3.039923,s251.495715
170_133,s1.052164,s-4.169287,s217.990603
170_134,s3.250387,s3.864904,s309.106253
170_135,s-4.753671,s2.228253,s337.761822
170_136,s-4.496772,s-2.29816,s102.110863
170_137,s4.582708,s-2.238032,s286.887177
170_138,s-2.245938,s-4.411152,s190.317511
170_139,s1.624321,s-4.887134,s170.79628
170_140,s0.78701,s-4.887035,s73.310976
170_141,s-4.208089,s-3.139186,s328.354983
170_142,s2.380055,s4.847199,s182.968775
170_143,s1.030458,s-5.249824,s137.212473
170_144,s3.703032,s3.721566,s264.726646
170_145,s-3.22781,s3.948575,s40.495142
170_146,s-4.933281,s-1.795895,s129.347804
170_147,s-4.43477,s-3.580896,s36.097881
170_148,s2.755784,s4.172008,s301.866943
170_149,s2.920698,s4.894847,s254.557573
170_150,s-5.202169,s1.013626,s52.240126
170_151,s4.893457,s-0.253142,s187.408777
170_152,s-4.629107,s3.151407,s18.690016
170_153,s5.488161,s-0.826189,s12.311594
170_154,s1.752472,s4.736174,s23.668878
170_155,s5.827439,s0.513282,s153.853309
170_156,s2.710172,s-4.785913,s88.603284
170_157,s-2.56428,s-5.202352,s26.348536
170_158,s-1.042775,s-5.34931,s213.691996
170_159,s-3.166937,s-4.187244,s142.019122
170_160,s3.628548,s-4.066465,s159.940911
170_161,s4.44939,s-2.970762,s261.568419
170_162,s-5.595474,s1.706801,s38.906578
170_163,s0.403935,s4.983657,s166.130022
170_164,s-2.783357,s4.916851,s148.538952
170_165,s-1.758723,s4.840392,s25.965743
170_166,s4.307451,s-3.656277,s292.790329
170_167,s-2.07726,s-5.415255,s115.079698
170_168,s-2.332898,s5.145881,s65.540546
170_169,s-5.666775,s0.614542,s141.646719
171_0,s0.0,s0.0,s61.458974
171_1,s-0.087797,s0.492231,s34.479228
171_2,s0.458878,s0.65531,s347.407842
171_3,s0.369948,s-0.2562,s301.022519
171_4,s-0.404414,s-0.294023,s128.840276
171_5,s0.834052,s-0.454816,s262.731028
171_6,s-0.184418,s-0.778454,s224.38473
171_7,s0.819507,s0.480529,s278.525991
171_8,s-0.836532,s0.331986,s27.229171
171_9,s0.973831,s-1.005809,s247.702628
171_10,s-1.028382,s-0.949964,s213.937165
171_11,s-1.046449,s-0.086287,s57.453197
171_12,s0.705015,s1.491795,s17.209855
171_13,s0.254261,s-1.529003,s197.311675
171_14,s-1.353793,s-0.645945,s76.43608
171_15,s-1.456944,s0.661298,s83.771924
171_16,s-0.740772,s1.361527,s111.270673
171_17,s0.97787,s1.001884,s297.463483
171_18,s-0.629273,s1.739688,s1.553225
171_19,s-1.680577,s-1.084278,s101.500223
171_20,s1.623048,s-0.778277,s209.278812
171_21,s-0.833751,s-1.817927,s218.161732
171_22,s-1.916349,s1.179028,s111.169023
171_23,s-1.280872,s1.536023,s66.434036
171_24,s1.613792,s1.638803,s55.371005
171_25,s1.522809,s0.289055,s216.067609
171_26,s0.468313,s2.404825,s40.113282
171_27,s0.69866,s-1.874,s299.844059
171_28,s-1.377234,s-1.650978,s85.32734
171_29,s2.021313,s0.732662,s236.361939
171_30,s-1.197927,s-2.137164,s183.096492
171_31,s-0.802746,s-2.577906,s217.550163
171_32,s0.922671,s-2.269621,s146.629322
171_33,s2.137907,s-0.848146,s297.113569
171_34,s-2.360949,s-0.431182,s73.976505
171_35,s1.488701,s-1.818315,s164.330764
171_36,s-1.012541,s2.285774,s29.456702
171_37,s-2.124458,s1.666337,s88.150672
171_38,s-1.519058,s2.292371,s101.756916
171_39,s2.016567,s1.30133,s0.723876
171_40,s1.10743,s2.296976,s15.110186
171_41,s2.490596,s1.042561,s288.869752
171_42,s-0.484167,s2.554522,s358.622905
171_43,s-2.90154,s0.762278,s3.688647
171_44,s2.109286,s-1.764486,s306.21191
171_45,s-1.886577,s-2.000832,s210.02924
171_46,s1.397116,s2.767321,s326.568391
171_47,s-2.577456,s-1.329181,s167.508644
171_48,s1.969621,s-2.196154,s152.980053
171_49,s2.056015,s2.184674,s24.162355
171_50,s2.829427,s0.341819,s327.874672
171_51,s1.213886,s-2.852452,s111.28805
171_52,s-2.549588,s2.015466,s27.523502
171_53,s2.389854,s1.729479,s318.209469
171_54,s0.298641,s-3.186034,s44.057785
171_55,s-3.148724,s-0.805009,s192.277539
171_56,s3.010275,s1.580584,s308.518319
171_57,s-0.499709,s-3.413618,s104.547263
171_58,s3.134362,s-1.032365,s16.735136
171_59,s-2.080893,s-2.561227,s185.765985
171_60,s2.525674,s-2.200789,s297.958236
171_61,s-2.572826,s-2.222739,s148.980963
171_62,s-3.701542,s-1.058815,s359.141366
171_63,s0.900721,s-3.330346,s173.154876
171_64,s-2.128665,s2.521663,s14.16456
171_65,s1.500152,s-3.162206,s195.526879
171_66,s0.129557,s-3.547635,s129.630534
171_67,s3.239573,s-0.260131,s248.031166
171_68,s-1.362891,s-3.005417,s132.628938
171_69,s-3.074889,s0.393776,s75.084519
171_70,s-3.274326,s-1.723017,s64.665195
171_71,s2.146335,s-2.827675,s150.297604
171_72,s-1.543913,s3.08526,s325.408847
171_73,s2.384008,s3.211932,s58.059383
171_74,s0.954197,s3.263358,s282.436895
171_75,s-3.238542,s1.789371,s171.920817
171_76,s3.528216,s-1.114311,s279.852836
171_77,s0.242373,s3.140662,s5.976925
171_78,s3.165618,s2.445171,s52.380332
171_79,s-0.594792,s3.44909,s335.074057
171_80,s3.790423,s0.674682,s47.746101
171_81,s3.28234,s-1.707701,s257.485009
171_82,s-2.233555,s3.615762,s262.616415
171_83,s0.962294,s3.830991,s316.530336
171_84,s2.507003,s-2.788806,s278.004905
171_85,s-1.071253,s-3.853883,s213.675847
171_86,s-3.63722,s1.100286,s47.100179
171_87,s-2.592469,s3.046162,s92.648657
171_88,s3.297121,s-2.264727,s247.847907
171_89,s2.287782,s-3.341939,s238.776418
171_90,s-3.659059,s-2.061865,s92.429683
171_91,s3.761597,s1.205359,s4.035417
171_92,s-1.722798,s4.048699,s270.930403
171_93,s-2.368359,s-3.40784,s194.435626
171_94,s-3.608204,s2.050211,s354.481168
171_95,s-3.883701,s0.72067,s101.858086
171_96,s3.619644,s2.321245,s334.872717
171_97,s0.790873,s4.429957,s119.390125
171_98,s4.403808,s-0.925459,s353.572996
171_99,s4.146049,s0.671029,s254.799508
171_100,s-3.794542,s0.20359,s127.573646
171_101,s2.949522,s3.059873,s1.870195
171_102,s-3.190818,s-2.807344,s111.860962
171_103,s2.166557,s-3.886969,s233.062158
171_104,s1.604399,s3.718656,s1.899259
171_105,s3.307595,s-3.268381,s335.698308
171_106,s1.645038,s-4.24221,s241.577831
171_107,s4.19738,s-1.622345,s189.096833
171_108,s-4.488406,s-1.00708,s1.903808
171_109,s0.427796,s-4.278667,s74.387053
171_110,s4.204913,s2.099693,s327.982217
171_111,s1.949102,s4.221789,s240.957166
171_112,s4.264544,s1.586241,s233.479404
171_113,s-3.941597,s2.467045,s41.203763
171_114,s-1.474721,s-4.251494,s169.124634
171_115,s-0.870357,s-4.771266,s224.063275
171_116,s-3.094592,s-3.403454,s117.049979
171_117,s-2.669466,s4.049253,s174.150919
171_118,s-4.303484,s1.315303,s150.479946
171_119,s3.889615,s-2.897136,s304.29164
171_120,s-0.686363,s4.244868,s329.015739
171_121,s3.567673,s3.059692,s37.142101
171_122,s-3.265704,s3.310239,s57.468548
171_123,s3.071674,s-3.817698,s180.849631
171_124,s-4.991423,s-0.76694,s173.28726
171_125,s4.950407,s1.748134,s203.595737
171_126,s-2.827687,s-3.816633,s187.991472
171_127,s-4.731013,s0.424278,s82.136033
171_128,s3.80096,s-3.400397,s196.751418
171_129,s-0.730063,s4.845308,s55.515236
171_130,s-4.804723,s1.710157,s173.023405
171_131,s-1.953759,s4.439068,s76.916739
171_132,s4.463056,s3.039923,s251.495715
171_133,s1.052164,s-4.169287,s217.990603
171_134,s3.250387,s3.864904,s309.106253
171_135,s-4.753671,s2.228253,s337.761822
171_136,s-4.496772,s-2.29816,s102.110863
171_137,s4.582708,s-2.238032,s286.887177
171_138,s-2.245938,s-4.411152,s190.317511
171_139,s1.624321,s-4.887134,s170.79628
171_140,s0.78701,s-4.887035,s73.310976
171_141,s-4.208089,s-3.139186,s328.354983
171_142,s2.380055,s4.847199,s182.968775
171_143,s1.030458,s-5.249824,s137.212473
171_144,s3.703032,s3.721566,s264.726646
171_145,s-3.22781,s3.948575,s40.495142
171_146,s-4.933281,s-1.795895,s129.347804
171_147,s-4.43477,s-3.580896,s36.097881
171_148,s2.755784,s4.172008,s301.866943
171_149,s2.920698,s4.894847,s254.557573
171_150,s-5.202169,s1.013626,s52.240126
171_151,s4.893457,s-0.253142,s187.408777
171_152,s-4.629107,s3.151407,s18.690016
171_153,s5.488161,s-0.826189,s12.311594
171_154,s1.752472,s4.736174,s23.668878
171_155,s5.827439,s0.513282,s153.853309
171_156,s2.710172,s-4.785913,s88.603284
171_157,s-2.56428,s-5.202352,s26.348536
171_158,s-1.042775,s-5.34931,s213.691996
171_159,s-3.166937,s-4.187244,s142.019122
171_160,s3.628548,s-4.066465,s159.940911
171_161,s4.44939,s-2.970762,s261.568419
171_162,s-5.595474,s1.706801,s38.906578
171_163,s0.403935,s4.983657,s166.130022
171_164,s-2.783357,s4.916851,s148.538952
171_165,s-1.758723,s4.840392,s25.965743
171_166,s4.307451,s-3.656277,s292.790329
171_167,s-2.07726,s-5.415255,s115.079698
171_168,s-2.332898,s5.145881,s65.540546
171_169,s-5.666775,s0.614542,s141.646719
171_170,s5.089695,s-1.287441,s278.405069
172_0,s0.0,s0.0,s61.458974
172_1,s-0.087797,s0.492231,s34.479228
172_2,s0.458878,s0.65531,s347.407842
172_3,s0.369948,s-0.2562,s301.022519
172_4,s-0.404414,s-0.294023,s128.840276
172_5,s0.834052,s-0.454816,s262.731028
172_6,s-0.184418,s-0.778454,s224.38473
172_7,s0.819507,s0.480529,s278.525991
172_8,s-0.836532,s0.331986,s27.229171
172_9,s0.973831,s-1.005809,s247.702628
172_10,s-1.028382,s-0.949964,s213.937165
172_11,s-1.046449,s-0.086287,s57.453197
172_12,s0.705015,s1.491795,s17.209855
172_13,s0.254261,s-1.529003,s197.311675
172_14,s-1.353793,s-0.645945,s76.43608
172_15,s-1.456944,s0.661298,s83.771924
172_16,s-0.740772,s1.361527,s111.270673
172_17,s0.97787,s1.001884,s297.463483
172_18,s-0.629273,s1.739688,s1.553225
172_19,s-1.680577,s-1.084278,s101.500223
172_20,s1.623048,s-0.778277,s209.278812
172_21,s-0.833751,s-1.817927,s218.161732
172_22,s-1.916349,s1.179028,s111.169023
172_23,s-1.280872,s1.536023,s66.434036
172_24,s1.613792,s1.638803,s55.371005
172_25,s1.522809,s0.289055,s216.067609
172_26,s0.468313,s2.404825,s40.113282
172_27,s0.69866,s-1.874,s299.844059
172_28,s-1.377234,s-1.650978,s85.32734
172_29,s2.021313,s0.732662,s236.361939
172_30,s-1.197927,s-2.137164,s183.096492
172_31,s-0.802746,s-2.577906,s217.550163
172_32,s0.922671,s-2.269621,s146.629322
172_33,s2.137907,s-0.848146,s297.113569
172_34,s-2.360949,s-0.431182,s73.976505
172_35,s1.488701,s-1.818315,s164.330764
172_36,s-1.012541,s2.285774,s29.456702
172_37,s-2.124458,s1.666337,s88.150672
172_38,s-1.519058,s2.292371,s101.756916
172_39,s2.016567,s1.30133,s0.723876
172_40,s1.10743,s2.296976,s15.110186
172_41,s2.490596,s1.042561,s288.869752
172_42,s-0.484167,s2.554522,s358.622905
172_43,s-2.90154,s0.762278,s3.688647
172_44,s2.109286,s-1.764486,s306.21191
172_45,s-1.886577,s-2.000832,s210.02924
172_46,s1.397116,s2.767321,s326.568391
172_47,s-2.577456,s-1.329181,s167.508644
172_48,s1.969621,s-2.196154,s152.980053
172_49,s2.056015,s2.184674,s24.162355
172_50,s2.829427,s0.341819,s327.874672
172_51,s1.213886,s-2.852452,s111.28805
172_52,s-2.549588,s2.015466,s27.523502
172_53,s2.389854,s1.729479,s318.209469
172_54,s0.298641,s-3.186034,s44.057785
172_55,s-3.148724,s-0.805009,s192.277539
172_56,s3.010275,s1.580584,s308.518319
172_57,s-0.499709,s-3.413618,s104.547263
172_58,s3.134362,s-1.032365,s16.735136
172_59,s-2.080893,s-2.561227,s185.765985
172_60,s2.525674,s-2.200789,s297.958236
172_61,s-2.572826,s-2.222739,s148.980963
172_62,s-3.701542,s-1.058815,s359.141366
172_63,s0.900721,s-3.330346,s173.154876
172_64,s-2.128665,s2.521663,s14.16456
172_65,s1.500152,s-3.162206,s195.526879
172_66,s0.129557,s-3.547635,s129.630534
172_67,s3.239573,s-0.260131,s248.031166
172_68,s-1.362891,s-3.005417,s132.628938
172_69,s-3.074889,s0.393776,s75.084519
172_70,s-3.274326,s-1.723017,s64.665195
172_71,s2.146335,s-2.827675,s150.297604
172_72,s-1.543913,s3.08526,s325.408847
172_73,s2.384008,s3.211932,s58.059383
172_74,s0.954197,s3.263358,s282.436895
172_75,s-3.238542,s1.789371,s171.920817
172_76,s3.528216,s-1.114311,s279.852836
172_77,s0.242373,s3.140662,s5.976925
172_78,s3.165618,s2.445171,s52.380332
172_79,s-0.594792,s3.44909,s335.074057
172_80,s3.790423,s0.674682,s47.746101
172_81,s3.28234,s-1.707701,s257.485009
172_82,s-2.233555,s3.615762,s262.616415
172_83,s0.962294,s3.830991,s316.530336
172_84,s2.507003,s-2.788806,s278.004905
172_85,s-1.071253,s-3.853883,s213.675847
172_86,s-3.63722,s1.100286,s47.100179
172_87,s-2.592469,s3.046162,s92.648657
172_88,s3.297121,s-2.264727,s247.847907
172_89,s2.287782,s-3.341939,s238.776418
172_90,s-3.659059,s-2.061865,s92.429683
172_91,s3.761597,s1.205359,s4.035417
172_92,s-1.722798,s4.048699,s270.930403
172_93,s-2.368359,s-3.40784,s194.435626
172_94,s-3.608204,s2.050211,s354.481168
172_95,s-3.883701,s0.72067,s101.858086
172_96,s3.619644,s2.321245,s334.872717
172_97,s0.790873,s4.429957,s119.390125
172_98,s4.403808,s-0.925459,s353.572996
172_99,s4.146049,s0.671029,s254.799508
172_100,s-3.794542,s0.20359,s127.573646
172_101,s2.949522,s3.059873,s1.870195
172_102,s-3.190818,s-2.807344,s111.860962
172_103,s2.166557,s-3.886969,s233.062158
172_104,s1.604399,s3.718656,s1.899259
172_105,s3.307595,s-3.268381,s335.698308
172_106,s1.645038,s-4.24221,s241.577831
172_107,s4.19738,s-1.622345,s189.096833
172_108,s-4.488406,s-1.00708,s1.903808
172_109,s0.427796,s-4.278667,s74.387053
172_110,s4.204913,s2.099693,s327.982217
172_111,s1.949102,s4.221789,s240.957166
172_112,s4.264544,s1.586241,s233.479404
172_113,s-3.941597,s2.467045,s41.203763
172_114,s-1.474721,s-4.251494,s169.124634
172_115,s-0.870357,s-4.771266,s224.063275
172_116,s-3.094592,s-3.403454,s117.049979
172_117,s-2.669466,s4.049253,s174.150919
172_118,s-4.303484,s1.315303,s150.479946
172_119,s3.889615,s-2.897136,s304.29164
172_120,s-0.686363,s4.244868,s329.015739
172_121,s3.567673,s3.059692,s37.142101
172_122,s-3.265704,s3.310239,s57.468548
172_123,s3.071674,s-3.817698,s180.849631
172_124,s-4.991423,s-0.76694,s173.28726
172_125,s4.950407,s1.748134,s203.595737
172_126,s-2.827687,s-3.816633,s187.991472
172_127,s-4.731013,s0.424278,s82.136033
172_128,s3.80096,s-3.400397,s196.751418
172_129,s-0.730063,s4.845308,s55.515236
172_130,s-4.804723,s1.710157,s173.023405
172_131,s-1.953759,s4.439068,s76.916739
172_132,s4.463056,s3.039923,s251.495715
172_133,s1.052164,s-4.169287,s217.990603
172_134,s3.250387,s3.864904,s309.106253
172_135,s-4.753671,s2.228253,s337.761822
172_136,s-4.496772,s-2.29816,s102.110863
172_137,s4.582708,s-2.238032,s286.887177
172_138,s-2.245938,s-4.411152,s190.317511
172_139,s1.624321,s-4.887134,s170.79628
172_140,s0.78701,s-4.887035,s73.310976
172_141,s-4.208089,s-3.139186,s328.354983
172_142,s2.380055,s4.847199,s182.968775
172_143,s1.030458,s-5.249824,s137.212473
172_144,s3.703032,s3.721566,s264.726646
172_145,s-3.22781,s3.948575,s40.495142
172_146,s-4.933281,s-1.795895,s129.347804
172_147,s-4.43477,s-3.580896,s36.097881
172_148,s2.755784,s4.172008,s301.866943
172_149,s2.920698,s4.894847,s254.557573
172_150,s-5.202169,s1.013626,s52.240126
172_151,s4.893457,s-0.253142,s187.408777
172_152,s-4.629107,s3.151407,s18.690016
172_153,s5.488161,s-0.826189,s12.311594
172_154,s1.752472,s4.736174,s23.668878
172_155,s5.827439,s0.513282,s153.853309
172_156,s2.710172,s-4.785913,s88.603284
172_157,s-2.56428,s-5.202352,s26.348536
172_158,s-1.042775,s-5.34931,s213.691996
172_159,s-3.166937,s-4.187244,s142.019122
172_160,s3.628548,s-4.066465,s159.940911
172_161,s4.44939,s-2.970762,s261.568419
172_162,s-5.595474,s1.706801,s38.906578
172_163,s0.403935,s4.983657,s166.130022
172_164,s-2.783357,s4.916851,s148.538952
172_165,s-1.758723,s4.840392,s25.965743
172_166,s4.307451,s-3.656277,s292.790329
172_167,s-2.07726,s-5.415255,s115.079698
172_168,s-2.332898,s5.145881,s65.540546
172_169,s-5.666775,s0.614542,s141.646719
172_170,s5.089695,s-1.287441,s278.405069
172_171,s-3.736901,s-4.304134,s34.038658
173_0,s0.0,s0.0,s61.458974
173_1,s-0.087797,s0.492231,s34.479228
173_2,s0.458878,s0.65531,s347.407842
173_3,s0.369948,s-0.2562,s301.022519
173_4,s-0.404414,s-0.294023,s128.840276
173_5,s0.834052,s-0.454816,s262.731028
173_6,s-0.184418,s-0.778454,s224.38473
173_7,s0.819507,s0.480529,s278.525991
173_8,s-0.836532,s0.331986,s27.229171
173_9,s0.973831,s-1.005809,s247.702628
173_10,s-1.028382,s-0.949964,s213.937165
173_11,s-1.046449,s-0.086287,s57.453197
173_12,s0.705015,s1.491795,s17.209855
173_13,s0.254261,s-1.529003,s197.311675
173_14,s-1.353793,s-0.645945,s76.43608
173_15,s-1.456944,s0.661298,s83.771924
173_16,s-0.740772,s1.361527,s111.270673
173_17,s0.97787,s1.001884,s297.463483
173_18,s-0.629273,s1.739688,s1.553225
173_19,s-1.680577,s-1.084278,s101.500223
173_20,s1.623048,s-0.778277,s209.278812
173_21,s-0.833751,s-1.817927,s218.161732
173_22,s-1.916349,s1.179028,s111.169023
173_23,s-1.280872,s1.536023,s66.434036
173_24,s1.613792,s1.638803,s55.371005
173_25,s1.522809,s0.289055,s216.067609
173_26,s0.468313,s2.404825,s40.113282
173_27,s0.69866,s-1.874,s299.844059
173_28,s-1.377234,s-1.650978,s85.32734
173_29,s2.021313,s0.732662,s236.361939
173_30,s-1.197927,s-2.137164,s183.096492
173_31,s-0.802746,s-2.577906,s217.550163
173_32,s0.922671,s-2.269621,s146.629322
173_33,s2.137907,s-0.848146,s297.113569
173_34,s-2.360949,s-0.431182,s73.976505
173_35,s1.488701,s-1.818315,s164.330764
173_36,s-1.012541,s2.285774,s29.456702
173_37,s-2.124458,s1.666337,s88.150672
173_38,s-1.519058,s2.292371,s101.756916
173_39,s2.016567,s1.30133,s0.723876
173_40,s1.10743,s2.296976,s15.110186
173_41,s2.490596,s1.042561,s288.869752
173_42,s-0.484167,s2.554522,s358.622905
173_43,s-2.90154,s0.762278,s3.688647
173_44,s2.109286,s-1.764486,s306.21191
173_45,s-1.886577,s-2.000832,s210.02924
173_46,s1.397116,s2.767321,s326.568391
173_47,s-2.577456,s-1.329181,s167.508644
173_48,s1.969621,s-2.196154,s152.980053
173_49,s2.056015,s2.184674,s24.162355
173_50,s2.829427,s0.341819,s327.874672
173_51,s1.213886,s-2.852452,s111.28805
173_52,s-2.549588,s2.015466,s27.523502
173_53,s2.389854,s1.729479,s318.209469
173_54,s0.298641,s-3.186034,s44.057785
173_55,s-3.148724,s-0.805009,s192.277539
173_56,s3.010275,s1.580584,s308.518319
173_57,s-0.499709,s-3.413618,s104.547263
173_58,s3.134362,s-1.032365,s16.735136
173_59,s-2.080893,s-2.561227,s185.765985
173_60,s2.525674,s-2.200789,s297.958236
173_61,s-2.572826,s-2.222739,s148.980963
173_62,s-3.701542,s-1.058815,s359.141366
173_63,s0.900721,s-3.330346,s173.154876
173_64,s-2.128665,s2.521663,s14.16456
173_65,s1.500152,s-3.162206,s195.526879
173_66,s0.129557,s-3.547635,s129.630534
173_67,s3.239573,s-0.260131,s248.031166
173_68,s-1.362891,s-3.005417,s132.628938
173_69,s-3.074889,s0.393776,s75.084519
173_70,s-3.274326,s-1.723017,s64.665195
173_71,s2.146335,s-2.827675,s150.297604
173_72,s-1.543913,s3.08526,s325.408847
173_73,s2.384008,s3.211932,s58.059383
173_74,s0.954197,s3.263358,s282.436895
173_75,s-3.238542,s1.789371,s171.920817
173_76,s3.528216,s-1.114311,s279.852836
173_77,s0.242373,s3.140662,s5.976925
173_78,s3.165618,s2.445171,s52.380332
173_79,s-0.594792,s3.44909,s335.074057
173_80,s3.790423,s0.674682,s47.746101
173_81,s3.28234,s-1.707701,s257.485009
173_82,s-2.233555,s3.615762,s262.616415
173_83,s0.962294,s3.830991,s316.530336
173_84,s2.507003,s-2.788806,s278.004905
173_85,s-1.071253,s-3.853883,s213.675847
173_86,s-3.63722,s1.100286,s47.100179
173_87,s-2.592469,s3.046162,s92.648657
173_88,s3.297121,s-2.264727,s247.847907
173_89,s2.287782,s-3.341939,s238.776418
173_90,s-3.659059,s-2.061865,s92.429683
173_91,s3.761597,s1.205359,s4.035417
173_92,s-1.722798,s4.048699,s270.930403
173_93,s-2.368359,s-3.40784,s194.435626
173_94,s-3.608204,s2.050211,s354.481168
173_95,s-3.883701,s0.72067,s101.858086
173_96,s3.619644,s2.321245,s334.872717
173_97,s0.790873,s4.429957,s119.390125
173_98,s4.403808,s-0.925459,s353.572996
173_99,s4.146049,s0.671029,s254.799508
173_100,s-3.794542,s0.20359,s127.573646
173_101,s2.949522,s3.059873,s1.870195
173_102,s-3.190818,s-2.807344,s111.860962
173_103,s2.166557,s-3.886969,s233.062158
173_104,s1.604399,s3.718656,s1.899259
173_105,s3.307595,s-3.268381,s335.698308
173_106,s1.645038,s-4.24221,s241.577831
173_107,s4.19738,s-1.622345,s189.096833
173_108,s-4.488406,s-1.00708,s1.903808
173_109,s0.427796,s-4.278667,s74.387053
173_110,s4.204913,s2.099693,s327.982217
173_111,s1.949102,s4.221789,s240.957166
173_112,s4.264544,s1.586241,s233.479404
173_113,s-3.941597,s2.467045,s41.203763
173_114,s-1.474721,s-4.251494,s169.124634
173_115,s-0.870357,s-4.771266,s224.063275
173_116,s-3.094592,s-3.403454,s117.049979
173_117,s-2.669466,s4.049253,s174.150919
173_118,s-4.303484,s1.315303,s150.479946
173_119,s3.889615,s-2.897136,s304.29164
173_120,s-0.686363,s4.244868,s329.015739
173_121,s3.567673,s3.059692,s37.142101
173_122,s-3.265704,s3.310239,s57.468548
173_123,s3.071674,s-3.817698,s180.849631
173_124,s-4.991423,s-0.76694,s173.28726
173_125,s4.950407,s1.748134,s203.595737
173_126,s-2.827687,s-3.816633,s187.991472
173_127,s-4.731013,s0.424278,s82.136033
173_128,s3.80096,s-3.400397,s196.751418
173_129,s-0.730063,s4.845308,s55.515236
173_130,s-4.804723,s1.710157,s173.023405
173_131,s-1.953759,s4.439068,s76.916739
173_132,s4.463056,s3.039923,s251.495715
173_133,s1.052164,s-4.169287,s217.990603
173_134,s3.250387,s3.864904,s309.106253
173_135,s-4.753671,s2.228253,s337.761822
173_136,s-4.496772,s-2.29816,s102.110863
173_137,s4.582708,s-2.238032,s286.887177
173_138,s-2.245938,s-4.411152,s190.317511
173_139,s1.624321,s-4.887134,s170.79628
173_140,s0.78701,s-4.887035,s73.310976
173_141,s-4.208089,s-3.139186,s328.354983
173_142,s2.380055,s4.847199,s182.968775
173_143,s1.030458,s-5.249824,s137.212473
173_144,s3.703032,s3.721566,s264.726646
173_145,s-3.22781,s3.948575,s40.495142
173_146,s-4.933281,s-1.795895,s129.347804
173_147,s-4.43477,s-3.580896,s36.097881
173_148,s2.755784,s4.172008,s301.866943
173_149,s2.920698,s4.894847,s254.557573
173_150,s-5.202169,s1.013626,s52.240126
173_151,s4.893457,s-0.253142,s187.408777
173_152,s-4.629107,s3.151407,s18.690016
173_153,s5.488161,s-0.826189,s12.311594
173_154,s1.752472,s4.736174,s23.668878
173_155,s5.827439,s0.513282,s153.853309
173_156,s2.710172,s-4.785913,s88.603284
173_157,s-2.56428,s-5.202352,s26.348536
173_158,s-1.042775,s-5.34931,s213.691996
173_159,s-3.166937,s-4.187244,s142.019122
173_160,s3.628548,s-4.066465,s159.940911
173_161,s4.44939,s-2.970762,s261.568419
173_162,s-5.595474,s1.706801,s38.906578
173_163,s0.403935,s4.983657,s166.130022
173_164,s-2.783357,s4.916851,s148.538952
173_165,s-1.758723,s4.840392,s25.965743
173_166,s4.307451,s-3.656277,s292.790329
173_167,s-2.07726,s-5.415255,s115.079698
173_168,s-2.332898,s5.145881,s65.540546
173_169,s-5.666775,s0.614542,s141.646719
173_170,s5.089695,s-1.287441,s278.405069
173_171,s-3.736901,s-4.304134,s34.038658
173_172,s1.861049,s-5.493314,s264.51283
174_0,s0.0,s0.0,s61.458974
174_1,s-0.087797,s0.492231,s34.479228
174_2,s0.458878,s0.65531,s347.407842
174_3,s0.369948,s-0.2562,s301.022519
174_4,s-0.404414,s-0.294023,s128.840276
174_5,s0.834052,s-0.454816,s262.731028
174_6,s-0.184418,s-0.778454,s224.38473
174_7,s0.819507,s0.480529,s278.525991
174_8,s-0.836532,s0.331986,s27.229171
174_9,s0.973831,s-1.005809,s247.702628
174_10,s-1.028382,s-0.949964,s213.937165
174_11,s-1.046449,s-0.086287,s57.453197
174_12,s0.705015,s1.491795,s17.209855
174_13,s0.254261,s-1.529003,s197.311675
174_14,s-1.353793,s-0.645945,s76.43608
174_15,s-1.456944,s0.661298,s83.771924
174_16,s-0.740772,s1.361527,s111.270673
174_17,s0.97787,s1.001884,s297.463483
174_18,s-0.629273,s1.739688,s1.553225
174_19,s-1.680577,s-1.084278,s101.500223
174_20,s1.623048,s-0.778277,s209.278812
174_21,s-0.833751,s-1.817927,s218.161732
174_22,s-1.916349,s1.179028,s111.169023
174_23,s-1.280872,s1.536023,s66.434036
174_24,s1.613792,s1.638803,s55.371005
174_25,s1.522809,s0.289055,s216.067609
174_26,s0.468313,s2.404825,s40.113282
174_27,s0.69866,s-1.874,s299.844059
174_28,s-1.377234,s-1.650978,s85.32734
174_29,s2.021313,s0.732662,s236.361939
174_30,s-1.197927,s-2.137164,s183.096492
174_31,s-0.802746,s-2.577906,s217.550163
174_32,s0.922671,s-2.269621,s146.629322
174_33,s2.137907,s-0.848146,s297.113569
174_34,s-2.360949,s-0.431182,s73.976505
174_35,s1.488701,s-1.818315,s164.330764
174_36,s-1.012541,s2.285774,s29.456702
174_37,s-2.124458,s1.666337,s88.150672
174_38,s-1.519058,s2.292371,s101.756916
174_39,s2.016567,s1.30133,s0.723876
174_40,s1.10743,s2.296976,s15.110186
174_41,s2.490596,s1.042561,s288.869752
174_42,s-0.484167,s2.554522,s358.622905
174_43,s-2.90154,s0.762278,s3.688647
174_44,s2.109286,s-1.764486,s306.21191
174_45,s-1.886577,s-2.000832,s210.02924
174_46,s1.397116,s2.767321,s326.568391
174_47,s-2.577456,s-1.329181,s167.508644
174_48,s1.969621,s-2.196154,s152.980053
174_49,s2.056015,s2.184674,s24.162355
174_50,s2.829427,s0.341819,s327.874672
174_51,s1.213886,s-2.852452,s111.28805
174_52,s-2.549588,s2.015466,s27.523502
174_53,s2.389854,s1.729479,s318.209469
174_54,s0.298641,s-3.186034,s44.057785
174_55,s-3.148724,s-0.805009,s192.277539
174_56,s3.010275,s1.580584,s308.518319
174_57,s-0.499709,s-3.413618,s104.547263
174_58,s3.134362,s-1.032365,s16.735136
174_59,s-2.080893,s-2.561227,s185.765985
174_60,s2.525674,s-2.200789,s297.958236
174_61,s-2.572826,s-2.222739,s148.980963
174_62,s-3.701542,s-1.058815,s359.141366
174_63,s0.900721,s-3.330346,s173.154876
174_64,s-2.128665,s2.521663,s14.16456
174_65,s1.500152,s-3.162206,s195.526879
174_66,s0.129557,s-3.547635,s129.630534
174_67,s3.239573,s-0.260131,s248.031166
174_68,s-1.362891,s-3.005417,s132.628938
174_69,s-3.074889,s0.393776,s75.084519
174_70,s-3.274326,s-1.723017,s64.665195
174_71,s2.146335,s-2.827675,s150.297604
174_72,s-1.543913,s3.08526,s325.408847
174_73,s2.384008,s3.211932,s58.059383
174_74,s0.954197,s3.263358,s282.436895
174_75,s-3.238542,s1.789371,s171.920817
174_76,s3.528216,s-1.114311,s279.852836
174_77,s0.242373,s3.140662,s5.976925
174_78,s3.165618,s2.445171,s52.380332
174_79,s-0.594792,s3.44909,s335.074057
174_80,s3.790423,s0.674682,s47.746101
174_81,s3.28234,s-1.707701,s257.485009
174_82,s-2.233555,s3.615762,s262.616415
174_83,s0.962294,s3.830991,s316.530336
174_84,s2.507003,s-2.788806,s278.004905
174_85,s-1.071253,s-3.853883,s213.675847
174_86,s-3.63722,s1.100286,s47.100179
174_87,s-2.592469,s3.046162,s92.648657
174_88,s3.297121,s-2.264727,s247.847907
174_89,s2.287782,s-3.341939,s238.776418
174_90,s-3.659059,s-2.061865,s92.429683
174_91,s3.761597,s1.205359,s4.035417
174_92,s-1.722798,s4.048699,s270.930403
174_93,s-2.368359,s-3.40784,s194.435626
174_94,s-3.608204,s2.050211,s354.481168
174_95,s-3.883701,s0.72067,s101.858086
174_96,s3.619644,s2.321245,s334.872717
174_97,s0.790873,s4.429957,s119.390125
174_98,s4.403808,s-0.925459,s353.572996
174_99,s4.146049,s0.671029,s254.799508
174_100,s-3.794542,s0.20359,s127.573646
174_101,s2.949522,s3.059873,s1.870195
174_102,s-3.190818,s-2.807344,s111.860962
174_103,s2.166557,s-3.886969,s233.062158
174_104,s1.604399,s3.718656,s1.899259
174_105,s3.307595,s-3.268381,s335.698308
174_106,s1.645038,s-4.24221,s241.577831
174_107,s4.19738,s-1.622345,s189.096833
174_108,s-4.488406,s-1.00708,s1.903808
174_109,s0.427796,s-4.278667,s74.387053
174_110,s4.204913,s2.099693,s327.982217
174_111,s1.949102,s4.221789,s240.957166
174_112,s4.264544,s1.586241,s233.479404
174_113,s-3.941597,s2.467045,s41.203763
174_114,s-1.474721,s-4.251494,s169.124634
174_115,s-0.870357,s-4.771266,s224.063275
174_116,s-3.094592,s-3.403454,s117.049979
174_117,s-2.669466,s4.049253,s174.150919
174_118,s-4.303484,s1.315303,s150.479946
174_119,s3.889615,s-2.897136,s304.29164
174_120,s-0.686363,s4.244868,s329.015739
174_121,s3.567673,s3.059692,s37.142101
174_122,s-3.265704,s3.310239,s57.468548
174_123,s3.071674,s-3.817698,s180.849631
174_124,s-4.991423,s-0.76694,s173.28726
174_125,s4.950407,s1.748134,s203.595737
174_126,s-2.827687,s-3.816633,s187.991472
174_127,s-4.731013,s0.424278,s82.136033
174_128,s3.80096,s-3.400397,s196.751418
174_129,s-0.730063,s4.845308,s55.515236
174_130,s-4.804723,s1.710157,s173.023405
174_131,s-1.953759,s4.439068,s76.916739
174_132,s4.463056,s3.039923,s251.495715
174_133,s1.052164,s-4.169287,s217.990603
174_134,s3.250387,s3.864904,s309.106253
174_135,s-4.753671,s2.228253,s337.761822
174_136,s-4.496772,s-2.29816,s102.110863
174_137,s4.582708,s-2.238032,s286.887177
174_138,s-2.245938,s-4.411152,s190.317511
174_139,s1.624321,s-4.887134,s170.79628
174_140,s0.78701,s-4.887035,s73.310976
174_141,s-4.208089,s-3.139186,s328.354983
174_142,s2.380055,s4.847199,s182.968775
174_143,s1.030458,s-5.249824,s137.212473
174_144,s3.703032,s3.721566,s264.726646
174_145,s-3.22781,s3.948575,s40.495142
174_146,s-4.933281,s-1.795895,s129.347804
174_147,s-4.43477,s-3.580896,s36.097881
174_148,s2.755784,s4.172008,s301.866943
174_149,s2.920698,s4.894847,s254.557573
174_150,s-5.202169,s1.013626,s52.240126
174_151,s4.893457,s-0.253142,s187.408777
174_152,s-4.629107,s3.151407,s18.690016
174_153,s5.488161,s-0.826189,s12.311594
174_154,s1.752472,s4.736174,s23.668878
174_155,s5.827439,s0.513282,s153.853309
174_156,s2.710172,s-4.785913,s88.603284
174_157,s-2.56428,s-5.202352,s26.348536
174_158,s-1.042775,s-5.34931,s213.691996
174_159,s-3.166937,s-4.187244,s142.019122
174_160,s3.628548,s-4.066465,s159.940911
174_161,s4.44939,s-2.970762,s261.568419
174_162,s-5.595474,s1.706801,s38.906578
174_163,s0.403935,s4.983657,s166.130022
174_164,s-2.783357,s4.916851,s148.538952
174_165,s-1.758723,s4.840392,s25.965743
174_166,s4.307451,s-3.656277,s292.790329
174_167,s-2.07726,s-5.415255,s115.079698
174_168,s-2.332898,s5.145881,s65.540546
174_169,s-5.666775,s0.614542,s141.646719
174_170,s5.089695,s-1.287441,s278.405069
174_171,s-3.736901,s-4.304134,s34.038658
174_172,s1.861049,s-5.493314,s264.51283
174_173,s4.712948,s3.465635,s1.13724
175_0,s0.0,s0.0,s61.458974
175_1,s-0.087797,s0.492231,s34.479228
175_2,s0.458878,s0.65531,s347.407842
175_3,s0.369948,s-0.2562,s301.022519
175_4,s-0.404414,s-0.294023,s128.840276
175_5,s0.834052,s-0.454816,s262.731028
175_6,s-0.184418,s-0.778454,s224.38473
175_7,s0.819507,s0.480529,s278.525991
175_8,s-0.836532,s0.331986,s27.229171
175_9,s0.973831,s-1.005809,s247.702628
175_10,s-1.028382,s-0.949964,s213.937165
175_11,s-1.046449,s-0.086287,s57.453197
175_12,s0.705015,s1.491795,s17.209855
175_13,s0.254261,s-1.529003,s197.311675
175_14,s-1.353793,s-0.645945,s76.43608
175_15,s-1.456944,s0.661298,s83.771924
175_16,s-0.740772,s1.361527,s111.270673
175_17,s0.97787,s1.001884,s297.463483
175_18,s-0.629273,s1.739688,s1.553225
175_19,s-1.680577,s-1.084278,s101.500223
175_20,s1.623048,s-0.778277,s209.278812
175_21,s-0.833751,s-1.817927,s218.161732
175_22,s-1.916349,s1.179028,s111.169023
175_23,s-1.280872,s1.536023,s66.434036
175_24,s1.613792,s1.638803,s55.371005
175_25,s1.522809,s0.289055,s216.067609
175_26,s0.468313,s2.404825,s40.113282
175_27,s0.69866,s-1.874,s299.844059
175_28,s-1.377234,s-1.650978,s85.32734
175_29,s2.021313,s0.732662,s236.361939
175_30,s-1.197927,s-2.137164,s183.096492
175_31,s-0.802746,s-2.577906,s217.550163
175_32,s0.922671,s-2.269621,s146.629322
175_33,s2.137907,s-0.848146,s297.113569
175_34,s-2.360949,s-0.431182,s73.976505
175_35,s1.488701,s-1.818315,s164.330764
175_36,s-1.012541,s2.285774,s29.456702
175_37,s-2.124458,s1.666337,s88.150672
175_38,s-1.519058,s2.292371,s101.756916
175_39,s2.016567,s1.30133,s0.723876
175_40,s1.10743,s2.296976,s15.110186
175_41,s2.490596,s1.042561,s288.869752
175_42,s-0.484167,s2.554522,s358.622905
175_43,s-2.90154,s0.762278,s3.688647
175_44,s2.109286,s-1.764486,s306.21191
175_45,s-1.886577,s-2.000832,s210.02924
175_46,s1.397116,s2.767321,s326.568391
175_47,s-2.577456,s-1.329181,s167.508644
175_48,s1.969621,s-2.196154,s152.980053
175_49,s2.056015,s2.184674,s24.162355
175_50,s2.829427,s0.341819,s327.874672
175_51,s1.213886,s-2.852452,s111.28805
175_52,s-2.549588,s2.015466,s27.523502
175_53,s2.389854,s1.729479,s318.209469
175_54,s0.298641,s-3.186034,s44.057785
175_55,s-3.148724,s-0.805009,s192.277539
175_56,s3.010275,s1.580584,s308.518319
175_57,s-0.499709,s-3.413618,s104.547263
175_58,s3.134362,s-1.032365,s16.735136
175_59,s-2.080893,s-2.561227,s185.765985
175_60,s2.525674,s-2.200789,s297.958236
175_61,s-2.572826,s-2.222739,s148.980963
175_62,s-3.701542,s-1.058815,s359.141366
175_63,s0.900721,s-3.330346,s173.154876
175_64,s-2.128665,s2.521663,s14.16456
175_65,s1.500152,s-3.162206,s195.526879
175_66,s0.129557,s-3.547635,s129.630534
175_67,s3.239573,s-0.260131,s248.031166
175_68,s-1.362891,s-3.005417,s132.628938
175_69,s-3.074889,s0.393776,s75.084519
175_70,s-3.274326,s-1.723017,s64.665195
175_71,s2.146335,s-2.827675,s150.297604
175_72,s-1.543913,s3.08526,s325.408847
175_73,s2.384008,s3.211932,s58.059383
175_74,s0.954197,s3.263358,s282.436895
175_75,s-3.238542,s1.789371,s171.920817
175_76,s3.528216,s-1.114311,s279.852836
175_77,s0.242373,s3.140662,s5.976925
175_78,s3.165618,s2.445171,s52.380332
175_79,s-0.594792,s3.44909,s335.074057
175_80,s3.790423,s0.674682,s47.746101
175_81,s3.28234,s-1.707701,s257.485009
175_82,s-2.233555,s3.615762,s262.616415
175_83,s0.962294,s3.830991,s316.530336
175_84,s2.507003,s-2.788806,s278.004905
175_85,s-1.071253,s-3.853883,s213.675847
175_86,s-3.63722,s1.100286,s47.100179
175_87,s-2.592469,s3.046162,s92.648657
175_88,s3.297121,s-2.264727,s247.847907
175_89,s2.287782,s-3.341939,s238.776418
175_90,s-3.659059,s-2.061865,s92.429683
175_91,s3.761597,s1.205359,s4.035417
175_92,s-1.722798,s4.048699,s270.930403
175_93,s-2.368359,s-3.40784,s194.435626
175_94,s-3.608204,s2.050211,s354.481168
175_95,s-3.883701,s0.72067,s101.858086
175_96,s3.619644,s2.321245,s334.872717
175_97,s0.790873,s4.429957,s119.390125
175_98,s4.403808,s-0.925459,s353.572996
175_99,s4.146049,s0.671029,s254.799508
175_100,s-3.794542,s0.20359,s127.573646
175_101,s2.949522,s3.059873,s1.870195
175_102,s-3.190818,s-2.807344,s111.860962
175_103,s2.166557,s-3.886969,s233.062158
175_104,s1.604399,s3.718656,s1.899259
175_105,s3.307595,s-3.268381,s335.698308
175_106,s1.645038,s-4.24221,s241.577831
175_107,s4.19738,s-1.622345,s189.096833
175_108,s-4.488406,s-1.00708,s1.903808
175_109,s0.427796,s-4.278667,s74.387053
175_110,s4.204913,s2.099693,s327.982217
175_111,s1.949102,s4.221789,s240.957166
175_112,s4.264544,s1.586241,s233.479404
175_113,s-3.941597,s2.467045,s41.203763
175_114,s-1.474721,s-4.251494,s169.124634
175_115,s-0.870357,s-4.771266,s224.063275
175_116,s-3.094592,s-3.403454,s117.049979
175_117,s-2.669466,s4.049253,s174.150919
175_118,s-4.303484,s1.315303,s150.479946
175_119,s3.889615,s-2.897136,s304.29164
175_120,s-0.686363,s4.244868,s329.015739
175_121,s3.567673,s3.059692,s37.142101
175_122,s-3.265704,s3.310239,s57.468548
175_123,s3.071674,s-3.817698,s180.849631
175_124,s-4.991423,s-0.76694,s173.28726
175_125,s4.950407,s1.748134,s203.595737
175_126,s-2.827687,s-3.816633,s187.991472
175_127,s-4.731013,s0.424278,s82.136033
175_128,s3.80096,s-3.400397,s196.751418
175_129,s-0.730063,s4.845308,s55.515236
175_130,s-4.804723,s1.710157,s173.023405
175_131,s-1.953759,s4.439068,s76.916739
175_132,s4.463056,s3.039923,s251.495715
175_133,s1.052164,s-4.169287,s217.990603
175_134,s3.250387,s3.864904,s309.106253
175_135,s-4.753671,s2.228253,s337.761822
175_136,s-4.496772,s-2.29816,s102.110863
175_137,s4.582708,s-2.238032,s286.887177
175_138,s-2.245938,s-4.411152,s190.317511
175_139,s1.624321,s-4.887134,s170.79628
175_140,s0.78701,s-4.887035,s73.310976
175_141,s-4.208089,s-3.139186,s328.354983
175_142,s2.380055,s4.847199,s182.968775
175_143,s1.030458,s-5.249824,s137.212473
175_144,s3.703032,s3.721566,s264.726646
175_145,s-3.22781,s3.948575,s40.495142
175_146,s-4.933281,s-1.795895,s129.347804
175_147,s-4.43477,s-3.580896,s36.097881
175_148,s2.755784,s4.172008,s301.866943
175_149,s2.920698,s4.894847,s254.557573
175_150,s-5.202169,s1.013626,s52.240126
175_151,s4.893457,s-0.253142,s187.408777
175_152,s-4.629107,s3.151407,s18.690016
175_153,s5.488161,s-0.826189,s12.311594
175_154,s1.752472,s4.736174,s23.668878
175_155,s5.827439,s0.513282,s153.853309
175_156,s2.710172,s-4.785913,s88.603284
175_157,s-2.56428,s-5.202352,s26.348536
175_158,s-1.042775,s-5.34931,s213.691996
175_159,s-3.166937,s-4.187244,s142.019122
175_160,s3.628548,s-4.066465,s159.940911
175_161,s4.44939,s-2.970762,s261.568419
175_162,s-5.595474,s1.706801,s38.906578
175_163,s0.403935,s4.983657,s166.130022
175_164,s-2.783357,s4.916851,s148.538952
175_165,s-1.758723,s4.840392,s25.965743
175_166,s4.307451,s-3.656277,s292.790329
175_167,s-2.07726,s-5.415255,s115.079698
175_168,s-2.332898,s5.145881,s65.540546
175_169,s-5.666775,s0.614542,s141.646719
175_170,s5.089695,s-1.287441,s278.405069
175_171,s-3.736901,s-4.304134,s34.038658
175_172,s1.861049,s-5.493314,s264.51283
175_173,s4.712948,s3.465635,s1.13724
175_174,s-3.330226,s-4.93073,s164.787718
176_0,s0.0,s0.0,s61.458974
176_1,s-0.087797,s0.492231,s34.479228
176_2,s0.458878,s0.65531,s347.407842
176_3,s0.369948,s-0.2562,s301.022519
176_4,s-0.404414,s-0.294023,s128.840276
176_5,s0.834052,s-0.454816,s262.731028
176_6,s-0.184418,s-0.778454,s224.38473
176_7,s0.819507,s0.480529,s278.525991
176_8,s-0.836532,s0.331986,s27.229171
176_9,s0.973831,s-1.005809,s247.702628
176_10,s-1.028382,s-0.949964,s213.937165
176_11,s-1.046449,s-0.086287,s57.453197
176_12,s0.705015,s1.491795,s17.209855
176_13,s0.254261,s-1.529003,s197.311675
176_14,s-1.353793,s-0.645945,s76.43608
176_15,s-1.456944,s0.661298,s83.771924
176_16,s-0.740772,s1.361527,s111.270673
176_17,s0.97787,s1.001884,s297.463483
176_18,s-0.629273,s1.739688,s1.553225
176_19,s-1.680577,s-1.084278,s101.500223
176_20,s1.623048,s-0.778277,s209.278812
176_21,s-0.833751,s-1.817927,s218.161732
176_22,s-1.916349,s1.179028,s111.169023
176_23,s-1.280872,s1.536023,s66.434036
176_24,s1.613792,s1.638803,s55.371005
176_25,s1.522809,s0.289055,s216.067609
176_26,s0.468313,s2.404825,s40.113282
176_27,s0.69866,s-1.874,s299.844059
176_28,s-1.377234,s-1.650978,s85.32734
176_29,s2.021313,s0.732662,s236.361939
176_30,s-1.197927,s-2.137164,s183.096492
176_31,s-0.802746,s-2.577906,s217.550163
176_32,s0.922671,s-2.269621,s146.629322
176_33,s2.137907,s-0.848146,s297.113569
176_34,s-2.360949,s-0.431182,s73.976505
176_35,s1.488701,s-1.818315,s164.330764
176_36,s-1.012541,s2.285774,s29.456702
176_37,s-2.124458,s1.666337,s88.150672
176_38,s-1.519058,s2.292371,s101.756916
176_39,s2.016567,s1.30133,s0.723876
176_40,s1.10743,s2.296976,s15.110186
176_41,s2.490596,s1.042561,s288.869752
176_42,s-0.484167,s2.554522,s358.622905
176_43,s-2.90154,s0.762278,s3.688647
176_44,s2.109286,s-1.764486,s306.21191
176_45,s-1.886577,s-2.000832,s210.02924
176_46,s1.397116,s2.767321,s326.568391
176_47,s-2.577456,s-1.329181,s167.508644
176_48,s1.969621,s-2.196154,s152.980053
176_49,s2.056015,s2.184674,s24.162355
176_50,s2.829427,s0.341819,s327.874672
176_51,s1.213886,s-2.852452,s111.28805
176_52,s-2.549588,s2.015466,s27.523502
176_53,s2.389854,s1.729479,s318.209469
176_54,s0.298641,s-3.186034,s44.057785
176_55,s-3.148724,s-0.805009,s192.277539
176_56,s3.010275,s1.580584,s308.518319
176_57,s-0.499709,s-3.413618,s104.547263
176_58,s3.134362,s-1.032365,s16.735136
176_59,s-2.080893,s-2.561227,s185.765985
176_60,s2.525674,s-2.200789,s297.958236
176_61,s-2.572826,s-2.222739,s148.980963
176_62,s-3.701542,s-1.058815,s359.141366
176_63,s0.900721,s-3.330346,s173.154876
176_64,s-2.128665,s2.521663,s14.16456
176_65,s1.500152,s-3.162206,s195.526879
176_66,s0.129557,s-3.547635,s129.630534
176_67,s3.239573,s-0.260131,s248.031166
176_68,s-1.362891,s-3.005417,s132.628938
176_69,s-3.074889,s0.393776,s75.084519
176_70,s-3.274326,s-1.723017,s64.665195
176_71,s2.146335,s-2.827675,s150.297604
176_72,s-1.543913,s3.08526,s325.408847
176_73,s2.384008,s3.211932,s58.059383
176_74,s0.954197,s3.263358,s282.436895
176_75,s-3.238542,s1.789371,s171.920817
176_76,s3.528216,s-1.114311,s279.852836
176_77,s0.242373,s3.140662,s5.976925
176_78,s3.165618,s2.445171,s52.380332
176_79,s-0.594792,s3.44909,s335.074057
176_80,s3.790423,s0.674682,s47.746101
176_81,s3.28234,s-1.707701,s257.485009
176_82,s-2.233555,s3.615762,s262.616415
176_83,s0.962294,s3.830991,s316.530336
176_84,s2.507003,s-2.788806,s278.004905
176_85,s-1.071253,s-3.853883,s213.675847
176_86,s-3.63722,s1.100286,s47.100179
176_87,s-2.592469,s3.046162,s92.648657
176_88,s3.297121,s-2.264727,s247.847907
176_89,s2.287782,s-3.341939,s238.776418
176_90,s-3.659059,s-2.061865,s92.429683
176_91,s3.761597,s1.205359,s4.035417
176_92,s-1.722798,s4.048699,s270.930403
176_93,s-2.368359,s-3.40784,s194.435626
176_94,s-3.608204,s2.050211,s354.481168
176_95,s-3.883701,s0.72067,s101.858086
176_96,s3.619644,s2.321245,s334.872717
176_97,s0.790873,s4.429957,s119.390125
176_98,s4.403808,s-0.925459,s353.572996
176_99,s4.146049,s0.671029,s254.799508
176_100,s-3.794542,s0.20359,s127.573646
176_101,s2.949522,s3.059873,s1.870195
176_102,s-3.190818,s-2.807344,s111.860962
176_103,s2.166557,s-3.886969,s233.062158
176_104,s1.604399,s3.718656,s1.899259
176_105,s3.307595,s-3.268381,s335.698308
176_106,s1.645038,s-4.24221,s241.577831
176_107,s4.19738,s-1.622345,s189.096833
176_108,s-4.488406,s-1.00708,s1.903808
176_109,s0.427796,s-4.278667,s74.387053
176_110,s4.204913,s2.099693,s327.982217
176_111,s1.949102,s4.221789,s240.957166
176_112,s4.264544,s1.586241,s233.479404
176_113,s-3.941597,s2.467045,s41.203763
176_114,s-1.474721,s-4.251494,s169.124634
176_115,s-0.870357,s-4.771266,s224.063275
176_116,s-3.094592,s-3.403454,s117.049979
176_117,s-2.669466,s4.049253,s174.150919
176_118,s-4.303484,s1.315303,s150.479946
176_119,s3.889615,s-2.897136,s304.29164
176_120,s-0.686363,s4.244868,s329.015739
176_121,s3.567673,s3.059692,s37.142101
176_122,s-3.265704,s3.310239,s57.468548
176_123,s3.071674,s-3.817698,s180.849631
176_124,s-4.991423,s-0.76694,s173.28726
176_125,s4.950407,s1.748134,s203.595737
176_126,s-2.827687,s-3.816633,s187.991472
176_127,s-4.731013,s0.424278,s82.136033
176_128,s3.80096,s-3.400397,s196.751418
176_129,s-0.730063,s4.845308,s55.515236
176_130,s-4.804723,s1.710157,s173.023405
176_131,s-1.953759,s4.439068,s76.916739
176_132,s4.463056,s3.039923,s251.495715
176_133,s1.052164,s-4.169287,s217.990603
176_134,s3.250387,s3.864904,s309.106253
176_135,s-4.753671,s2.228253,s337.761822
176_136,s-4.496772,s-2.29816,s102.110863
176_137,s4.582708,s-2.238032,s286.887177
176_138,s-2.245938,s-4.411152,s190.317511
176_139,s1.624321,s-4.887134,s170.79628
176_140,s0.78701,s-4.887035,s73.310976
176_141,s-4.208089,s-3.139186,s328.354983
176_142,s2.380055,s4.847199,s182.968775
176_143,s1.030458,s-5.249824,s137.212473
176_144,s3.703032,s3.721566,s264.726646
176_145,s-3.22781,s3.948575,s40.495142
176_146,s-4.933281,s-1.795895,s129.347804
176_147,s-4.43477,s-3.580896,s36.097881
176_148,s2.755784,s4.172008,s301.866943
176_149,s2.920698,s4.894847,s254.557573
176_150,s-5.202169,s1.013626,s52.240126
176_151,s4.893457,s-0.253142,s187.408777
176_152,s-4.629107,s3.151407,s18.690016
176_153,s5.488161,s-0.826189,s12.311594
176_154,s1.752472,s4.736174,s23.668878
176_155,s5.827439,s0.513282,s153.853309
176_156,s2.710172,s-4.785913,s88.603284
176_157,s-2.56428,s-5.202352,s26.348536
176_158,s-1.042775,s-5.34931,s213.691996
176_159,s-3.166937,s-4.187244,s142.019122
176_160,s3.628548,s-4.066465,s159.940911
176_161,s4.44939,s-2.970762,s261.568419
176_162,s-5.595474,s1.706801,s38.906578
176_163,s0.403935,s4.983657,s166.130022
176_164,s-2.783357,s4.916851,s148.538952
176_165,s-1.758723,s4.840392,s25.965743
176_166,s4.307451,s-3.656277,s292.790329
176_167,s-2.07726,s-5.415255,s115.079698
176_168,s-2.332898,s5.145881,s65.540546
176_169,s-5.666775,s0.614542,s141.646719
176_170,s5.089695,s-1.287441,s278.405069
176_171,s-3.736901,s-4.304134,s34.038658
176_172,s1.861049,s-5.493314,s264.51283
176_173,s4.712948,s3.465635,s1.13724
176_174,s-3.330226,s-4.93073,s164.787718
176_175,s-5.379878,s-2.656485,s144.947809
177_0,s0.0,s0.0,s61.458974
177_1,s-0.087797,s0.492231,s34.479228
177_2,s0.458878,s0.65531,s347.407842
177_3,s0.369948,s-0.2562,s301.022519
177_4,s-0.404414,s-0.294023,s128.840276
177_5,s0.834052,s-0.454816,s262.731028
177_6,s-0.184418,s-0.778454,s224.38473
177_7,s0.819507,s0.480529,s278.525991
177_8,s-0.836532,s0.331986,s27.229171
177_9,s0.973831,s-1.005809,s247.702628
177_10,s-1.028382,s-0.949964,s213.937165
177_11,s-1.046449,s-0.086287,s57.453197
177_12,s0.705015,s1.491795,s17.209855
177_13,s0.254261,s-1.529003,s197.311675
177_14,s-1.353793,s-0.645945,s76.43608
177_15,s-1.456944,s0.661298,s83.771924
177_16,s-0.740772,s1.361527,s111.270673
177_17,s0.97787,s1.001884,s297.463483
177_18,s-0.629273,s1.739688,s1.553225
177_19,s-1.680577,s-1.084278,s101.500223
177_20,s1.623048,s-0.778277,s209.278812
177_21,s-0.833751,s-1.817927,s218.161732
177_22,s-1.916349,s1.179028,s111.169023
177_23,s-1.280872,s1.536023,s66.434036
177_24,s1.613792,s1.638803,s55.371005
177_25,s1.522809,s0.289055,s216.067609
177_26,s0.468313,s2.404825,s40.113282
177_27,s0.69866,s-1.874,s299.844059
177_28,s-1.377234,s-1.650978,s85.32734
177_29,s2.021313,s0.732662,s236.361939
177_30,s-1.197927,s-2.137164,s183.096492
177_31,s-0.802746,s-2.577906,s217.550163
177_32,s0.922671,s-2.269621,s146.629322
177_33,s2.137907,s-0.848146,s297.113569
177_34,s-2.360949,s-0.431182,s73.976505
177_35,s1.488701,s-1.818315,s164.330764
177_36,s-1.012541,s2.285774,s29.456702
177_37,s-2.124458,s1.666337,s88.150672
177_38,s-1.519058,s2.292371,s101.756916
177_39,s2.016567,s1.30133,s0.723876
177_40,s1.10743,s2.296976,s15.110186
177_41,s2.490596,s1.042561,s288.869752
177_42,s-0.484167,s2.554522,s358.622905
177_43,s-2.90154,s0.762278,s3.688647
177_44,s2.109286,s-1.764486,s306.21191
177_45,s-1.886577,s-2.000832,s210.02924
177_46,s1.397116,s2.767321,s326.568391
177_47,s-2.577456,s-1.329181,s167.508644
177_48,s1.969621,s-2.196154,s152.980053
177_49,s2.056015,s2.184674,s24.162355
177_50,s2.829427,s0.341819,s327.874672
177_51,s1.213886,s-2.852452,s111.28805
177_52,s-2.549588,s2.015466,s27.523502
177_53,s2.389854,s1.729479,s318.209469
177_54,s0.298641,s-3.186034,s44.057785
177_55,s-3.148724,s-0.805009,s192.277539
177_56,s3.010275,s1.580584,s308.518319
177_57,s-0.499709,s-3.413618,s104.547263
177_58,s3.134362,s-1.032365,s16.735136
177_59,s-2.080893,s-2.561227,s185.765985
177_60,s2.525674,s-2.200789,s297.958236
177_61,s-2.572826,s-2.222739,s148.980963
177_62,s-3.701542,s-1.058815,s359.141366
177_63,s0.900721,s-3.330346,s173.154876
177_64,s-2.128665,s2.521663,s14.16456
177_65,s1.500152,s-3.162206,s195.526879
177_66,s0.129557,s-3.547635,s129.630534
177_67,s3.239573,s-0.260131,s248.031166
177_68,s-1.362891,s-3.005417,s132.628938
177_69,s-3.074889,s0.393776,s75.084519
177_70,s-3.274326,s-1.723017,s64.665195
177_71,s2.146335,s-2.827675,s150.297604
177_72,s-1.543913,s3.08526,s325.408847
177_73,s2.384008,s3.211932,s58.059383
177_74,s0.954197,s3.263358,s282.436895
177_75,s-3.238542,s1.789371,s171.920817
177_76,s3.528216,s-1.114311,s279.852836
177_77,s0.242373,s3.140662,s5.976925
177_78,s3.165618,s2.445171,s52.380332
177_79,s-0.594792,s3.44909,s335.074057
177_80,s3.790423,s0.674682,s47.746101
177_81,s3.28234,s-1.707701,s257.485009
177_82,s-2.233555,s3.615762,s262.616415
177_83,s0.962294,s3.830991,s316.530336
177_84,s2.507003,s-2.788806,s278.004905
177_85,s-1.071253,s-3.853883,s213.675847
177_86,s-3.63722,s1.100286,s47.100179
177_87,s-2.592469,s3.046162,s92.648657
177_88,s3.297121,s-2.264727,s247.847907
177_89,s2.287782,s-3.341939,s238.776418
177_90,s-3.659059,s-2.061865,s92.429683
177_91,s3.761597,s1.205359,s4.035417
177_92,s-1.722798,s4.048699,s270.930403
177_93,s-2.368359,s-3.40784,s194.435626
177_94,s-3.608204,s2.050211,s354.481168
177_95,s-3.883701,s0.72067,s101.858086
177_96,s3.619644,s2.321245,s334.872717
177_97,s0.790873,s4.429957,s119.390125
177_98,s4.403808,s-0.925459,s353.572996
177_99,s4.146049,s0.671029,s254.799508
177_100,s-3.794542,s0.20359,s127.573646
177_101,s2.949522,s3.059873,s1.870195
177_102,s-3.190818,s-2.807344,s111.860962
177_103,s2.166557,s-3.886969,s233.062158
177_104,s1.604399,s3.718656,s1.899259
177_105,s3.307595,s-3.268381,s335.698308
177_106,s1.645038,s-4.24221,s241.577831
177_107,s4.19738,s-1.622345,s189.096833
177_108,s-4.488406,s-1.00708,s1.903808
177_109,s0.427796,s-4.278667,s74.387053
177_110,s4.204913,s2.099693,s327.982217
177_111,s1.949102,s4.221789,s240.957166
177_112,s4.264544,s1.586241,s233.479404
177_113,s-3.941597,s2.467045,s41.203763
177_114,s-1.474721,s-4.251494,s169.124634
177_115,s-0.870357,s-4.771266,s224.063275
177_116,s-3.094592,s-3.403454,s117.049979
177_117,s-2.669466,s4.049253,s174.150919
177_118,s-4.303484,s1.315303,s150.479946
177_119,s3.889615,s-2.897136,s304.29164
177_120,s-0.686363,s4.244868,s329.015739
177_121,s3.567673,s3.059692,s37.142101
177_122,s-3.265704,s3.310239,s57.468548
177_123,s3.071674,s-3.817698,s180.849631
177_124,s-4.991423,s-0.76694,s173.28726
177_125,s4.950407,s1.748134,s203.595737
177_126,s-2.827687,s-3.816633,s187.991472
177_127,s-4.731013,s0.424278,s82.136033
177_128,s3.80096,s-3.400397,s196.751418
177_129,s-0.730063,s4.845308,s55.515236
177_130,s-4.804723,s1.710157,s173.023405
177_131,s-1.953759,s4.439068,s76.916739
177_132,s4.463056,s3.039923,s251.495715
177_133,s1.052164,s-4.169287,s217.990603
177_134,s3.250387,s3.864904,s309.106253
177_135,s-4.753671,s2.228253,s337.761822
177_136,s-4.496772,s-2.29816,s102.110863
177_137,s4.582708,s-2.238032,s286.887177
177_138,s-2.245938,s-4.411152,s190.317511
177_139,s1.624321,s-4.887134,s170.79628
177_140,s0.78701,s-4.887035,s73.310976
177_141,s-4.208089,s-3.139186,s328.354983
177_142,s2.380055,s4.847199,s182.968775
177_143,s1.030458,s-5.249824,s137.212473
177_144,s3.703032,s3.721566,s264.726646
177_145,s-3.22781,s3.948575,s40.495142
177_146,s-4.933281,s-1.795895,s129.347804
177_147,s-4.43477,s-3.580896,s36.097881
177_148,s2.755784,s4.172008,s301.866943
177_149,s2.920698,s4.894847,s254.557573
177_150,s-5.202169,s1.013626,s52.240126
177_151,s4.893457,s-0.253142,s187.408777
177_152,s-4.629107,s3.151407,s18.690016
177_153,s5.488161,s-0.826189,s12.311594
177_154,s1.752472,s4.736174,s23.668878
177_155,s5.827439,s0.513282,s153.853309
177_156,s2.710172,s-4.785913,s88.603284
177_157,s-2.56428,s-5.202352,s26.348536
177_158,s-1.042775,s-5.34931,s213.691996
177_159,s-3.166937,s-4.187244,s142.019122
177_160,s3.628548,s-4.066465,s159.940911
177_161,s4.44939,s-2.970762,s261.568419
177_162,s-5.595474,s1.706801,s38.906578
177_163,s0.403935,s4.983657,s166.130022
177_164,s-2.783357,s4.916851,s148.538952
177_165,s-1.758723,s4.840392,s25.965743
177_166,s4.307451,s-3.656277,s292.790329
177_167,s-2.07726,s-5.415255,s115.079698
177_168,s-2.332898,s5.145881,s65.540546
177_169,s-5.666775,s0.614542,s141.646719
177_170,s5.089695,s-1.287441,s278.405069
177_171,s-3.736901,s-4.304134,s34.038658
177_172,s1.861049,s-5.493314,s264.51283
177_173,s4.712948,s3.465635,s1.13724
177_174,s-3.330226,s-4.93073,s164.787718
177_175,s-5.379878,s-2.656485,s144.947809
177_176,s2.226302,s5.247245,s319.61247
178_0,s0.0,s0.0,s61.458974
178_1,s-0.087797,s0.492231,s34.479228
178_2,s0.458878,s0.65531,s347.407842
178_3,s0.369948,s-0.2562,s301.022519
178_4,s-0.404414,s-0.294023,s128.840276
178_5,s0.834052,s-0.454816,s262.731028
178_6,s-0.184418,s-0.778454,s224.38473
178_7,s0.819507,s0.480529,s278.525991
178_8,s-0.836532,s0.331986,s27.229171
178_9,s0.973831,s-1.005809,s247.702628
178_10,s-1.028382,s-0.949964,s213.937165
178_11,s-1.046449,s-0.086287,s57.453197
178_12,s0.705015,s1.491795,s17.209855
178_13,s0.254261,s-1.529003,s197.311675
178_14,s-1.353793,s-0.645945,s76.43608
178_15,s-1.456944,s0.661298,s83.771924
178_16,s-0.740772,s1.361527,s111.270673
178_17,s0.97787,s1.001884,s297.463483
178_18,s-0.629273,s1.739688,s1.553225
178_19,s-1.680577,s-1.084278,s101.500223
178_20,s1.623048,s-0.778277,s209.278812
178_21,s-0.833751,s-1.817927,s218.161732
178_22,s-1.916349,s1.179028,s111.169023
178_23,s-1.280872,s1.536023,s66.434036
178_24,s1.613792,s1.638803,s55.371005
178_25,s1.522809,s0.289055,s216.067609
178_26,s0.468313,s2.404825,s40.113282
178_27,s0.69866,s-1.874,s299.844059
178_28,s-1.377234,s-1.650978,s85.32734
178_29,s2.021313,s0.732662,s236.361939
178_30,s-1.197927,s-2.137164,s183.096492
178_31,s-0.802746,s-2.577906,s217.550163
178_32,s0.922671,s-2.269621,s146.629322
178_33,s2.137907,s-0.848146,s297.113569
178_34,s-2.360949,s-0.431182,s73.976505
178_35,s1.488701,s-1.818315,s164.330764
178_36,s-1.012541,s2.285774,s29.456702
178_37,s-2.124458,s1.666337,s88.150672
178_38,s-1.519058,s2.292371,s101.756916
178_39,s2.016567,s1.30133,s0.723876
178_40,s1.10743,s2.296976,s15.110186
178_41,s2.490596,s1.042561,s288.869752
178_42,s-0.484167,s2.554522,s358.622905
178_43,s-2.90154,s0.762278,s3.688647
178_44,s2.109286,s-1.764486,s306.21191
178_45,s-1.886577,s-2.000832,s210.02924
178_46,s1.397116,s2.767321,s326.568391
178_47,s-2.577456,s-1.329181,s167.508644
178_48,s1.969621,s-2.196154,s152.980053
178_49,s2.056015,s2.184674,s24.162355
178_50,s2.829427,s0.341819,s327.874672
178_51,s1.213886,s-2.852452,s111.28805
178_52,s-2.549588,s2.015466,s27.523502
178_53,s2.389854,s1.729479,s318.209469
178_54,s0.298641,s-3.186034,s44.057785
178_55,s-3.148724,s-0.805009,s192.277539
178_56,s3.010275,s1.580584,s308.518319
178_57,s-0.499709,s-3.413618,s104.547263
178_58,s3.134362,s-1.032365,s16.735136
178_59,s-2.080893,s-2.561227,s185.765985
178_60,s2.525674,s-2.200789,s297.958236
178_61,s-2.572826,s-2.222739,s148.980963
178_62,s-3.701542,s-1.058815,s359.141366
178_63,s0.900721,s-3.330346,s173.154876
178_64,s-2.128665,s2.521663,s14.16456
178_65,s1.500152,s-3.162206,s195.526879
178_66,s0.129557,s-3.547635,s129.630534
178_67,s3.239573,s-0.260131,s248.031166
178_68,s-1.362891,s-3.005417,s132.628938
178_69,s-3.074889,s0.393776,s75.084519
178_70,s-3.274326,s-1.723017,s64.665195
178_71,s2.146335,s-2.827675,s150.297604
178_72,s-1.543913,s3.08526,s325.408847
178_73,s2.384008,s3.211932,s58.059383
178_74,s0.954197,s3.263358,s282.436895
178_75,s-3.238542,s1.789371,s171.920817
178_76,s3.528216,s-1.114311,s279.852836
178_77,s0.242373,s3.140662,s5.976925
178_78,s3.165618,s2.445171,s52.380332
178_79,s-0.594792,s3.44909,s335.074057
178_80,s3.790423,s0.674682,s47.746101
178_81,s3.28234,s-1.707701,s257.485009
178_82,s-2.233555,s3.615762,s262.616415
178_83,s0.962294,s3.830991,s316.530336
178_84,s2.507003,s-2.788806,s278.004905
178_85,s-1.071253,s-3.853883,s213.675847
178_86,s-3.63722,s1.100286,s47.100179
178_87,s-2.592469,s3.046162,s92.648657
178_88,s3.297121,s-2.264727,s247.847907
178_89,s2.287782,s-3.341939,s238.776418
178_90,s-3.659059,s-2.061865,s92.429683
178_91,s3.761597,s1.205359,s4.035417
178_92,s-1.722798,s4.048699,s270.930403
178_93,s-2.368359,s-3.40784,s194.435626
178_94,s-3.608204,s2.050211,s354.481168
178_95,s-3.883701,s0.72067,s101.858086
178_96,s3.619644,s2.321245,s334.872717
178_97,s0.790873,s4.429957,s119.390125
178_98,s4.403808,s-0.925459,s353.572996
178_99,s4.146049,s0.671029,s254.799508
178_100,s-3.794542,s0.20359,s127.573646
178_101,s2.949522,s3.059873,s1.870195
178_102,s-3.190818,s-2.807344,s111.860962
178_103,s2.166557,s-3.886969,s233.062158
178_104,s1.604399,s3.718656,s1.899259
178_105,s3.307595,s-3.268381,s335.698308
178_106,s1.645038,s-4.24221,s241.577831
178_107,s4.19738,s-1.622345,s189.096833
178_108,s-4.488406,s-1.00708,s1.903808
178_109,s0.427796,s-4.278667,s74.387053
178_110,s4.204913,s2.099693,s327.982217
178_111,s1.949102,s4.221789,s240.957166
178_112,s4.264544,s1.586241,s233.479404
178_113,s-3.941597,s2.467045,s41.203763
178_114,s-1.474721,s-4.251494,s169.124634
178_115,s-0.870357,s-4.771266,s224.063275
178_116,s-3.094592,s-3.403454,s117.049979
178_117,s-2.669466,s4.049253,s174.150919
178_118,s-4.303484,s1.315303,s150.479946
178_119,s3.889615,s-2.897136,s304.29164
178_120,s-0.686363,s4.244868,s329.015739
178_121,s3.567673,s3.059692,s37.142101
178_122,s-3.265704,s3.310239,s57.468548
178_123,s3.071674,s-3.817698,s180.849631
178_124,s-4.991423,s-0.76694,s173.28726
178_125,s4.950407,s1.748134,s203.595737
178_126,s-2.827687,s-3.816633,s187.991472
178_127,s-4.731013,s0.424278,s82.136033
178_128,s3.80096,s-3.400397,s196.751418
178_129,s-0.730063,s4.845308,s55.515236
178_130,s-4.804723,s1.710157,s173.023405
178_131,s-1.953759,s4.439068,s76.916739
178_132,s4.463056,s3.039923,s251.495715
178_133,s1.052164,s-4.169287,s217.990603
178_134,s3.250387,s3.864904,s309.106253
178_135,s-4.753671,s2.228253,s337.761822
178_136,s-4.496772,s-2.29816,s102.110863
178_137,s4.582708,s-2.238032,s286.887177
178_138,s-2.245938,s-4.411152,s190.317511
178_139,s1.624321,s-4.887134,s170.79628
178_140,s0.78701,s-4.887035,s73.310976
178_141,s-4.208089,s-3.139186,s328.354983
178_142,s2.380055,s4.847199,s182.968775
178_143,s1.030458,s-5.249824,s137.212473
178_144,s3.703032,s3.721566,s264.726646
178_145,s-3.22781,s3.948575,s40.495142
178_146,s-4.933281,s-1.795895,s129.347804
178_147,s-4.43477,s-3.580896,s36.097881
178_148,s2.755784,s4.172008,s301.866943
178_149,s2.920698,s4.894847,s254.557573
178_150,s-5.202169,s1.013626,s52.240126
178_151,s4.893457,s-0.253142,s187.408777
178_152,s-4.629107,s3.151407,s18.690016
178_153,s5.488161,s-0.826189,s12.311594
178_154,s1.752472,s4.736174,s23.668878
178_155,s5.827439,s0.513282,s153.853309
178_156,s2.710172,s-4.785913,s88.603284
178_157,s-2.56428,s-5.202352,s26.348536
178_158,s-1.042775,s-5.34931,s213.691996
178_159,s-3.166937,s-4.187244,s142.019122
178_160,s3.628548,s-4.066465,s159.940911
178_161,s4.44939,s-2.970762,s261.568419
178_162,s-5.595474,s1.706801,s38.906578
178_163,s0.403935,s4.983657,s166.130022
178_164,s-2.783357,s4.916851,s148.538952
178_165,s-1.758723,s4.840392,s25.965743
178_166,s4.307451,s-3.656277,s292.790329
178_167,s-2.07726,s-5.415255,s115.079698
178_168,s-2.332898,s5.145881,s65.540546
178_169,s-5.666775,s0.614542,s141.646719
178_170,s5.089695,s-1.287441,s278.405069
178_171,s-3.736901,s-4.304134,s34.038658
178_172,s1.861049,s-5.493314,s264.51283
178_173,s4.712948,s3.465635,s1.13724
178_174,s-3.330226,s-4.93073,s164.787718
178_175,s-5.379878,s-2.656485,s144.947809
178_176,s2.226302,s5.247245,s319.61247
178_177,s-5.397262,s-1.49317,s74.628507
179_0,s0.0,s0.0,s61.458974
179_1,s-0.087797,s0.492231,s34.479228
179_2,s0.458878,s0.65531,s347.407842
179_3,s0.369948,s-0.2562,s301.022519
179_4,s-0.404414,s-0.294023,s128.840276
179_5,s0.834052,s-0.454816,s262.731028
179_6,s-0.184418,s-0.778454,s224.38473
179_7,s0.819507,s0.480529,s278.525991
179_8,s-0.836532,s0.331986,s27.229171
179_9,s0.973831,s-1.005809,s247.702628
179_10,s-1.028382,s-0.949964,s213.937165
179_11,s-1.046449,s-0.086287,s57.453197
179_12,s0.705015,s1.491795,s17.209855
179_13,s0.254261,s-1.529003,s197.311675
179_14,s-1.353793,s-0.645945,s76.43608
179_15,s-1.456944,s0.661298,s83.771924
179_16,s-0.740772,s1.361527,s111.270673
179_17,s0.97787,s1.001884,s297.463483
179_18,s-0.629273,s1.739688,s1.553225
179_19,s-1.680577,s-1.084278,s101.500223
179_20,s1.623048,s-0.778277,s209.278812
179_21,s-0.833751,s-1.817927,s218.161732
179_22,s-1.916349,s1.179028,s111.169023
179_23,s-1.280872,s1.536023,s66.434036
179_24,s1.613792,s1.638803,s55.371005
179_25,s1.522809,s0.289055,s216.067609
179_26,s0.468313,s2.404825,s40.113282
179_27,s0.69866,s-1.874,s299.844059
179_28,s-1.377234,s-1.650978,s85.32734
179_29,s2.021313,s0.732662,s236.361939
179_30,s-1.197927,s-2.137164,s183.096492
179_31,s-0.802746,s-2.577906,s217.550163
179_32,s0.922671,s-2.269621,s146.629322
179_33,s2.137907,s-0.848146,s297.113569
179_34,s-2.360949,s-0.431182,s73.976505
179_35,s1.488701,s-1.818315,s164.330764
179_36,s-1.012541,s2.285774,s29.456702
179_37,s-2.124458,s1.666337,s88.150672
179_38,s-1.519058,s2.292371,s101.756916
179_39,s2.016567,s1.30133,s0.723876
179_40,s1.10743,s2.296976,s15.110186
179_41,s2.490596,s1.042561,s288.869752
179_42,s-0.484167,s2.554522,s358.622905
179_43,s-2.90154,s0.762278,s3.688647
179_44,s2.109286,s-1.764486,s306.21191
179_45,s-1.886577,s-2.000832,s210.02924
179_46,s1.397116,s2.767321,s326.568391
179_47,s-2.577456,s-1.329181,s167.508644
179_48,s1.969621,s-2.196154,s152.980053
179_49,s2.056015,s2.184674,s24.162355
179_50,s2.829427,s0.341819,s327.874672
179_51,s1.213886,s-2.852452,s111.28805
179_52,s-2.549588,s2.015466,s27.523502
179_53,s2.389854,s1.729479,s318.209469
179_54,s0.298641,s-3.186034,s44.057785
179_55,s-3.148724,s-0.805009,s192.277539
179_56,s3.010275,s1.580584,s308.518319
179_57,s-0.499709,s-3.413618,s104.547263
179_58,s3.134362,s-1.032365,s16.735136
179_59,s-2.080893,s-2.561227,s185.765985
179_60,s2.525674,s-2.200789,s297.958236
179_61,s-2.572826,s-2.222739,s148.980963
179_62,s-3.701542,s-1.058815,s359.141366
179_63,s0.900721,s-3.330346,s173.154876
179_64,s-2.128665,s2.521663,s14.16456
179_65,s1.500152,s-3.162206,s195.526879
179_66,s0.129557,s-3.547635,s129.630534
179_67,s3.239573,s-0.260131,s248.031166
179_68,s-1.362891,s-3.005417,s132.628938
179_69,s-3.074889,s0.393776,s75.084519
179_70,s-3.274326,s-1.723017,s64.665195
179_71,s2.146335,s-2.827675,s150.297604
179_72,s-1.543913,s3.08526,s325.408847
179_73,s2.384008,s3.211932,s58.059383
179_74,s0.954197,s3.263358,s282.436895
179_75,s-3.238542,s1.789371,s171.920817
179_76,s3.528216,s-1.114311,s279.852836
179_77,s0.242373,s3.140662,s5.976925
179_78,s3.165618,s2.445171,s52.380332
179_79,s-0.594792,s3.44909,s335.074057
179_80,s3.790423,s0.674682,s47.746101
179_81,s3.28234,s-1.707701,s257.485009
179_82,s-2.233555,s3.615762,s262.616415
179_83,s0.962294,s3.830991,s316.530336
179_84,s2.507003,s-2.788806,s278.004905
179_85,s-1.071253,s-3.853883,s213.675847
179_86,s-3.63722,s1.100286,s47.100179
179_87,s-2.592469,s3.046162,s92.648657
179_88,s3.297121,s-2.264727,s247.847907
179_89,s2.287782,s-3.341939,s238.776418
179_90,s-3.659059,s-2.061865,s92.429683
179_91,s3.761597,s1.205359,s4.035417
179_92,s-1.722798,s4.048699,s270.930403
179_93,s-2.368359,s-3.40784,s194.435626
179_94,s-3.608204,s2.050211,s354.481168
179_95,s-3.883701,s0.72067,s101.858086
179_96,s3.619644,s2.321245,s334.872717
179_97,s0.790873,s4.429957,s119.390125
179_98,s4.403808,s-0.925459,s353.572996
179_99,s4.146049,s0.671029,s254.799508
179_100,s-3.794542,s0.20359,s127.573646
179_101,s2.949522,s3.059873,s1.870195
179_102,s-3.190818,s-2.807344,s111.860962
179_103,s2.166557,s-3.886969,s233.062158
179_104,s1.604399,s3.718656,s1.899259
179_105,s3.307595,s-3.268381,s335.698308
179_106,s1.645038,s-4.24221,s241.577831
179_107,s4.19738,s-1.622345,s189.096833
179_108,s-4.488406,s-1.00708,s1.903808
179_109,s0.427796,s-4.278667,s74.387053
179_110,s4.204913,s2.099693,s327.982217
179_111,s1.949102,s4.221789,s240.957166
179_112,s4.264544,s1.586241,s233.479404
179_113,s-3.941597,s2.467045,s41.203763
179_114,s-1.474721,s-4.251494,s169.124634
179_115,s-0.870357,s-4.771266,s224.063275
179_116,s-3.094592,s-3.403454,s117.049979
179_117,s-2.669466,s4.049253,s174.150919
179_118,s-4.303484,s1.315303,s150.479946
179_119,s3.889615,s-2.897136,s304.29164
179_120,s-0.686363,s4.244868,s329.015739
179_121,s3.567673,s3.059692,s37.142101
179_122,s-3.265704,s3.310239,s57.468548
179_123,s3.071674,s-3.817698,s180.849631
179_124,s-4.991423,s-0.76694,s173.28726
179_125,s4.950407,s1.748134,s203.595737
179_126,s-2.827687,s-3.816633,s187.991472
179_127,s-4.731013,s0.424278,s82.136033
179_128,s3.80096,s-3.400397,s196.751418
179_129,s-0.730063,s4.845308,s55.515236
179_130,s-4.804723,s1.710157,s173.023405
179_131,s-1.953759,s4.439068,s76.916739
179_132,s4.463056,s3.039923,s251.495715
179_133,s1.052164,s-4.169287,s217.990603
179_134,s3.250387,s3.864904,s309.106253
179_135,s-4.753671,s2.228253,s337.761822
179_136,s-4.496772,s-2.29816,s102.110863
179_137,s4.582708,s-2.238032,s286.887177
179_138,s-2.245938,s-4.411152,s190.317511
179_139,s1.624321,s-4.887134,s170.79628
179_140,s0.78701,s-4.887035,s73.310976
179_141,s-4.208089,s-3.139186,s328.354983
179_142,s2.380055,s4.847199,s182.968775
179_143,s1.030458,s-5.249824,s137.212473
179_144,s3.703032,s3.721566,s264.726646
179_145,s-3.22781,s3.948575,s40.495142
179_146,s-4.933281,s-1.795895,s129.347804
179_147,s-4.43477,s-3.580896,s36.097881
179_148,s2.755784,s4.172008,s301.866943
179_149,s2.920698,s4.894847,s254.557573
179_150,s-5.202169,s1.013626,s52.240126
179_151,s4.893457,s-0.253142,s187.408777
179_152,s-4.629107,s3.151407,s18.690016
179_153,s5.488161,s-0.826189,s12.311594
179_154,s1.752472,s4.736174,s23.668878
179_155,s5.827439,s0.513282,s153.853309
179_156,s2.710172,s-4.785913,s88.603284
179_157,s-2.56428,s-5.202352,s26.348536
179_158,s-1.042775,s-5.34931,s213.691996
179_159,s-3.166937,s-4.187244,s142.019122
179_160,s3.628548,s-4.066465,s159.940911
179_161,s4.44939,s-2.970762,s261.568419
179_162,s-5.595474,s1.706801,s38.906578
179_163,s0.403935,s4.983657,s166.130022
179_164,s-2.783357,s4.916851,s148.538952
179_165,s-1.758723,s4.840392,s25.965743
179_166,s4.307451,s-3.656277,s292.790329
179_167,s-2.07726,s-5.415255,s115.079698
179_168,s-2.332898,s5.145881,s65.540546
179_169,s-5.666775,s0.614542,s141.646719
179_170,s5.089695,s-1.287441,s278.405069
179_171,s-3.736901,s-4.304134,s34.038658
179_172,s1.861049,s-5.493314,s264.51283
179_173,s4.712948,s3.465635,s1.13724
179_174,s-3.330226,s-4.93073,s164.787718
179_175,s-5.379878,s-2.656485,s144.947809
179_176,s2.226302,s5.247245,s319.61247
179_177,s-5.397262,s-1.49317,s74.628507
179_178,s5.317946,s-2.88478,s255.258118
180_0,s0.0,s0.0,s61.458974
180_1,s-0.087797,s0.492231,s34.479228
180_2,s0.458878,s0.65531,s347.407842
180_3,s0.369948,s-0.2562,s301.022519
180_4,s-0.404414,s-0.294023,s128.840276
180_5,s0.834052,s-0.454816,s262.731028
180_6,s-0.184418,s-0.778454,s224.38473
180_7,s0.819507,s0.480529,s278.525991
180_8,s-0.836532,s0.331986,s27.229171
180_9,s0.973831,s-1.005809,s247.702628
180_10,s-1.028382,s-0.949964,s213.937165
180_11,s-1.046449,s-0.086287,s57.453197
180_12,s0.705015,s1.491795,s17.209855
180_13,s0.254261,s-1.529003,s197.311675
180_14,s-1.353793,s-0.645945,s76.43608
180_15,s-1.456944,s0.661298,s83.771924
180_16,s-0.740772,s1.361527,s111.270673
180_17,s0.97787,s1.001884,s297.463483
180_18,s-0.629273,s1.739688,s1.553225
180_19,s-1.680577,s-1.084278,s101.500223
180_20,s1.623048,s-0.778277,s209.278812
180_21,s-0.833751,s-1.817927,s218.161732
180_22,s-1.916349,s1.179028,s111.169023
180_23,s-1.280872,s1.536023,s66.434036
180_24,s1.613792,s1.638803,s55.371005
180_25,s1.522809,s0.289055,s216.067609
180_26,s0.468313,s2.404825,s40.113282
180_27,s0.69866,s-1.874,s299.844059
180_28,s-1.377234,s-1.650978,s85.32734
180_29,s2.021313,s0.732662,s236.361939
180_30,s-1.197927,s-2.137164,s183.096492
180_31,s-0.802746,s-2.577906,s217.550163
180_32,s0.922671,s-2.269621,s146.629322
180_33,s2.137907,s-0.848146,s297.113569
180_34,s-2.360949,s-0.431182,s73.976505
180_35,s1.488701,s-1.818315,s164.330764
180_36,s-1.012541,s2.285774,s29.456702
180_37,s-2.124458,s1.666337,s88.150672
180_38,s-1.519058,s2.292371,s101.756916
180_39,s2.016567,s1.30133,s0.723876
180_40,s1.10743,s2.296976,s15.110186
180_41,s2.490596,s1.042561,s288.869752
180_42,s-0.484167,s2.554522,s358.622905
180_43,s-2.90154,s0.762278,s3.688647
180_44,s2.109286,s-1.764486,s306.21191
180_45,s-1.886577,s-2.000832,s210.02924
180_46,s1.397116,s2.767321,s326.568391
180_47,s-2.577456,s-1.329181,s167.508644
180_48,s1.969621,s-2.196154,s152.980053
180_49,s2.056015,s2.184674,s24.162355
180_50,s2.829427,s0.341819,s327.874672
180_51,s1.213886,s-2.852452,s111.28805
180_52,s-2.549588,s2.015466,s27.523502
180_53,s2.389854,s1.729479,s318.209469
180_54,s0.298641,s-3.186034,s44.057785
180_55,s-3.148724,s-0.805009,s192.277539
180_56,s3.010275,s1.580584,s308.518319
180_57,s-0.499709,s-3.413618,s104.547263
180_58,s3.134362,s-1.032365,s16.735136
180_59,s-2.080893,s-2.561227,s185.765985
180_60,s2.525674,s-2.200789,s297.958236
180_61,s-2.572826,s-2.222739,s148.980963
180_62,s-3.701542,s-1.058815,s359.141366
180_63,s0.900721,s-3.330346,s173.154876
180_64,s-2.128665,s2.521663,s14.16456
180_65,s1.500152,s-3.162206,s195.526879
180_66,s0.129557,s-3.547635,s129.630534
180_67,s3.239573,s-0.260131,s248.031166
180_68,s-1.362891,s-3.005417,s132.628938
180_69,s-3.074889,s0.393776,s75.084519
180_70,s-3.274326,s-1.723017,s64.665195
180_71,s2.146335,s-2.827675,s150.297604
180_72,s-1.543913,s3.08526,s325.408847
180_73,s2.384008,s3.211932,s58.059383
180_74,s0.954197,s3.263358,s282.436895
180_75,s-3.238542,s1.789371,s171.920817
180_76,s3.528216,s-1.114311,s279.852836
180_77,s0.242373,s3.140662,s5.976925
180_78,s3.165618,s2.445171,s52.380332
180_79,s-0.594792,s3.44909,s335.074057
180_80,s3.790423,s0.674682,s47.746101
180_81,s3.28234,s-1.707701,s257.485009
180_82,s-2.233555,s3.615762,s262.616415
180_83,s0.962294,s3.830991,s316.530336
180_84,s2.507003,s-2.788806,s278.004905
180_85,s-1.071253,s-3.853883,s213.675847
180_86,s-3.63722,s1.100286,s47.100179
180_87,s-2.592469,s3.046162,s92.648657
180_88,s3.297121,s-2.264727,s247.847907
180_89,s2.287782,s-3.341939,s238.776418
180_90,s-3.659059,s-2.061865,s92.429683
180_91,s3.761597,s1.205359,s4.035417
180_92,s-1.722798,s4.048699,s270.930403
180_93,s-2.368359,s-3.40784,s194.435626
180_94,s-3.608204,s2.050211,s354.481168
180_95,s-3.883701,s0.72067,s101.858086
180_96,s3.619644,s2.321245,s334.872717
180_97,s0.790873,s4.429957,s119.390125
180_98,s4.403808,s-0.925459,s353.572996
180_99,s4.146049,s0.671029,s254.799508
180_100,s-3.794542,s0.20359,s127.573646
180_101,s2.949522,s3.059873,s1.870195
180_102,s-3.190818,s-2.807344,s111.860962
180_103,s2.166557,s-3.886969,s233.062158
180_104,s1.604399,s3.718656,s1.899259
180_105,s3.307595,s-3.268381,s335.698308
180_106,s1.645038,s-4.24221,s241.577831
180_107,s4.19738,s-1.622345,s189.096833
180_108,s-4.488406,s-1.00708,s1.903808
180_109,s0.427796,s-4.278667,s74.387053
180_110,s4.204913,s2.099693,s327.982217
180_111,s1.949102,s4.221789,s240.957166
180_112,s4.264544,s1.586241,s233.479404
180_113,s-3.941597,s2.467045,s41.203763
180_114,s-1.474721,s-4.251494,s169.124634
180_115,s-0.870357,s-4.771266,s224.063275
180_116,s-3.094592,s-3.403454,s117.049979
180_117,s-2.669466,s4.049253,s174.150919
180_118,s-4.303484,s1.315303,s150.479946
180_119,s3.889615,s-2.897136,s304.29164
180_120,s-0.686363,s4.244868,s329.015739
180_121,s3.567673,s3.059692,s37.142101
180_122,s-3.265704,s3.310239,s57.468548
180_123,s3.071674,s-3.817698,s180.849631
180_124,s-4.991423,s-0.76694,s173.28726
180_125,s4.950407,s1.748134,s203.595737
180_126,s-2.827687,s-3.816633,s187.991472
180_127,s-4.731013,s0.424278,s82.136033
180_128,s3.80096,s-3.400397,s196.751418
180_129,s-0.730063,s4.845308,s55.515236
180_130,s-4.804723,s1.710157,s173.023405
180_131,s-1.953759,s4.439068,s76.916739
180_132,s4.463056,s3.039923,s251.495715
180_133,s1.052164,s-4.169287,s217.990603
180_134,s3.250387,s3.864904,s309.106253
180_135,s-4.753671,s2.228253,s337.761822
180_136,s-4.496772,s-2.29816,s102.110863
180_137,s4.582708,s-2.238032,s286.887177
180_138,s-2.245938,s-4.411152,s190.317511
180_139,s1.624321,s-4.887134,s170.79628
180_140,s0.78701,s-4.887035,s73.310976
180_141,s-4.208089,s-3.139186,s328.354983
180_142,s2.380055,s4.847199,s182.968775
180_143,s1.030458,s-5.249824,s137.212473
180_144,s3.703032,s3.721566,s264.726646
180_145,s-3.22781,s3.948575,s40.495142
180_146,s-4.933281,s-1.795895,s129.347804
180_147,s-4.43477,s-3.580896,s36.097881
180_148,s2.755784,s4.172008,s301.866943
180_149,s2.920698,s4.894847,s254.557573
180_150,s-5.202169,s1.013626,s52.240126
180_151,s4.893457,s-0.253142,s187.408777
180_152,s-4.629107,s3.151407,s18.690016
180_153,s5.488161,s-0.826189,s12.311594
180_154,s1.752472,s4.736174,s23.668878
180_155,s5.827439,s0.513282,s153.853309
180_156,s2.710172,s-4.785913,s88.603284
180_157,s-2.56428,s-5.202352,s26.348536
180_158,s-1.042775,s-5.34931,s213.691996
180_159,s-3.166937,s-4.187244,s142.019122
180_160,s3.628548,s-4.066465,s159.940911
180_161,s4.44939,s-2.970762,s261.568419
180_162,s-5.595474,s1.706801,s38.906578
180_163,s0.403935,s4.983657,s166.130022
180_164,s-2.783357,s4.916851,s148.538952
180_165,s-1.758723,s4.840392,s25.965743
180_166,s4.307451,s-3.656277,s292.790329
180_167,s-2.07726,s-5.415255,s115.079698
180_168,s-2.332898,s5.145881,s65.540546
180_169,s-5.666775,s0.614542,s141.646719
180_170,s5.089695,s-1.287441,s278.405069
180_171,s-3.736901,s-4.304134,s34.038658
180_172,s1.861049,s-5.493314,s264.51283
180_173,s4.712948,s3.465635,s1.13724
180_174,s-3.330226,s-4.93073,s164.787718
180_175,s-5.379878,s-2.656485,s144.947809
180_176,s2.226302,s5.247245,s319.61247
180_177,s-5.397262,s-1.49317,s74.628507
180_178,s5.317946,s-2.88478,s255.258118
180_179,s0.711208,s5.75623,s141.057874
181_0,s0.0,s0.0,s61.458974
181_1,s-0.087797,s0.492231,s34.479228
181_2,s0.458878,s0.65531,s347.407842
181_3,s0.369948,s-0.2562,s301.022519
181_4,s-0.404414,s-0.294023,s128.840276
181_5,s0.834052,s-0.454816,s262.731028
181_6,s-0.184418,s-0.778454,s224.38473
181_7,s0.819507,s0.480529,s278.525991
181_8,s-0.836532,s0.331986,s27.229171
181_9,s0.973831,s-1.005809,s247.702628
181_10,s-1.028382,s-0.949964,s213.937165
181_11,s-1.046449,s-0.086287,s57.453197
181_12,s0.705015,s1.491795,s17.209855
181_13,s0.254261,s-1.529003,s197.311675
181_14,s-1.353793,s-0.645945,s76.43608
181_15,s-1.456944,s0.661298,s83.771924
181_16,s-0.740772,s1.361527,s111.270673
181_17,s0.97787,s1.001884,s297.463483
181_18,s-0.629273,s1.739688,s1.553225
181_19,s-1.680577,s-1.084278,s101.500223
181_20,s1.623048,s-0.778277,s209.278812
181_21,s-0.833751,s-1.817927,s218.161732
181_22,s-1.916349,s1.179028,s111.169023
181_23,s-1.280872,s1.536023,s66.434036
181_24,s1.613792,s1.638803,s55.371005
181_25,s1.522809,s0.289055,s216.067609
181_26,s0.468313,s2.404825,s40.113282
181_27,s0.69866,s-1.874,s299.844059
181_28,s-1.377234,s-1.650978,s85.32734
181_29,s2.021313,s0.732662,s236.361939
181_30,s-1.197927,s-2.137164,s183.096492
181_31,s-0.802746,s-2.577906,s217.550163
181_32,s0.922671,s-2.269621,s146.629322
181_33,s2.137907,s-0.848146,s297.113569
181_34,s-2.360949,s-0.431182,s73.976505
181_35,s1.488701,s-1.818315,s164.330764
181_36,s-1.012541,s2.285774,s29.456702
181_37,s-2.124458,s1.666337,s88.150672
181_38,s-1.519058,s2.292371,s101.756916
181_39,s2.016567,s1.30133,s0.723876
181_40,s1.10743,s2.296976,s15.110186
181_41,s2.490596,s1.042561,s288.869752
181_42,s-0.484167,s2.554522,s358.622905
181_43,s-2.90154,s0.762278,s3.688647
181_44,s2.109286,s-1.764486,s306.21191
181_45,s-1.886577,s-2.000832,s210.02924
181_46,s1.397116,s2.767321,s326.568391
181_47,s-2.577456,s-1.329181,s167.508644
181_48,s1.969621,s-2.196154,s152.980053
181_49,s2.056015,s2.184674,s24.162355
181_50,s2.829427,s0.341819,s327.874672
181_51,s1.213886,s-2.852452,s111.28805
181_52,s-2.549588,s2.015466,s27.523502
181_53,s2.389854,s1.729479,s318.209469
181_54,s0.298641,s-3.186034,s44.057785
181_55,s-3.148724,s-0.805009,s192.277539
181_56,s3.010275,s1.580584,s308.518319
181_57,s-0.499709,s-3.413618,s104.547263
181_58,s3.134362,s-1.032365,s16.735136
181_59,s-2.080893,s-2.561227,s185.765985
181_60,s2.525674,s-2.200789,s297.958236
181_61,s-2.572826,s-2.222739,s148.980963
181_62,s-3.701542,s-1.058815,s359.141366
181_63,s0.900721,s-3.330346,s173.154876
181_64,s-2.128665,s2.521663,s14.16456
181_65,s1.500152,s-3.162206,s195.526879
181_66,s0.129557,s-3.547635,s129.630534
181_67,s3.239573,s-0.260131,s248.031166
181_68,s-1.362891,s-3.005417,s132.628938
181_69,s-3.074889,s0.393776,s75.084519
181_70,s-3.274326,s-1.723017,s64.665195
181_71,s2.146335,s-2.827675,s150.297604
181_72,s-1.543913,s3.08526,s325.408847
181_73,s2.384008,s3.211932,s58.059383
181_74,s0.954197,s3.263358,s282.436895
181_75,s-3.238542,s1.789371,s171.920817
181_76,s3.528216,s-1.114311,s279.852836
181_77,s0.242373,s3.140662,s5.976925
181_78,s3.165618,s2.445171,s52.380332
181_79,s-0.594792,s3.44909,s335.074057
181_80,s3.790423,s0.674682,s47.746101
181_81,s3.28234,s-1.707701,s257.485009
181_82,s-2.233555,s3.615762,s262.616415
181_83,s0.962294,s3.830991,s316.530336
181_84,s2.507003,s-2.788806,s278.004905
181_85,s-1.071253,s-3.853883,s213.675847
181_86,s-3.63722,s1.100286,s47.100179
181_87,s-2.592469,s3.046162,s92.648657
181_88,s3.297121,s-2.264727,s247.847907
181_89,s2.287782,s-3.341939,s238.776418
181_90,s-3.659059,s-2.061865,s92.429683
181_91,s3.761597,s1.205359,s4.035417
181_92,s-1.722798,s4.048699,s270.930403
181_93,s-2.368359,s-3.40784,s194.435626
181_94,s-3.608204,s2.050211,s354.481168
181_95,s-3.883701,s0.72067,s101.858086
181_96,s3.619644,s2.321245,s334.872717
181_97,s0.790873,s4.429957,s119.390125
181_98,s4.403808,s-0.925459,s353.572996
181_99,s4.146049,s0.671029,s254.799508
181_100,s-3.794542,s0.20359,s127.573646
181_101,s2.949522,s3.059873,s1.870195
181_102,s-3.190818,s-2.807344,s111.860962
181_103,s2.166557,s-3.886969,s233.062158
181_104,s1.604399,s3.718656,s1.899259
181_105,s3.307595,s-3.268381,s335.698308
181_106,s1.645038,s-4.24221,s241.577831
181_107,s4.19738,s-1.622345,s189.096833
181_108,s-4.488406,s-1.00708,s1.903808
181_109,s0.427796,s-4.278667,s74.387053
181_110,s4.204913,s2.099693,s327.982217
181_111,s1.949102,s4.221789,s240.957166
181_112,s4.264544,s1.586241,s233.479404
181_113,s-3.941597,s2.467045,s41.203763
181_114,s-1.474721,s-4.251494,s169.124634
181_115,s-0.870357,s-4.771266,s224.063275
181_116,s-3.094592,s-3.403454,s117.049979
181_117,s-2.669466,s4.049253,s174.150919
181_118,s-4.303484,s1.315303,s150.479946
181_119,s3.889615,s-2.897136,s304.29164
181_120,s-0.686363,s4.244868,s329.015739
181_121,s3.567673,s3.059692,s37.142101
181_122,s-3.265704,s3.310239,s57.468548
181_123,s3.071674,s-3.817698,s180.849631
181_124,s-4.991423,s-0.76694,s173.28726
181_125,s4.950407,s1.748134,s203.595737
181_126,s-2.827687,s-3.816633,s187.991472
181_127,s-4.731013,s0.424278,s82.136033
181_128,s3.80096,s-3.400397,s196.751418
181_129,s-0.730063,s4.845308,s55.515236
181_130,s-4.804723,s1.710157,s173.023405
181_131,s-1.953759,s4.439068,s76.916739
181_132,s4.463056,s3.039923,s251.495715
181_133,s1.052164,s-4.169287,s217.990603
181_134,s3.250387,s3.864904,s309.106253
181_135,s-4.753671,s2.228253,s337.761822
181_136,s-4.496772,s-2.29816,s102.110863
181_137,s4.582708,s-2.238032,s286.887177
181_138,s-2.245938,s-4.411152,s190.317511
181_139,s1.624321,s-4.887134,s170.79628
181_140,s0.78701,s-4.887035,s73.310976
181_141,s-4.208089,s-3.139186,s328.354983
181_142,s2.380055,s4.847199,s182.968775
181_143,s1.030458,s-5.249824,s137.212473
181_144,s3.703032,s3.721566,s264.726646
181_145,s-3.22781,s3.948575,s40.495142
181_146,s-4.933281,s-1.795895,s129.347804
181_147,s-4.43477,s-3.580896,s36.097881
181_148,s2.755784,s4.172008,s301.866943
181_149,s2.920698,s4.894847,s254.557573
181_150,s-5.202169,s1.013626,s52.240126
181_151,s4.893457,s-0.253142,s187.408777
181_152,s-4.629107,s3.151407,s18.690016
181_153,s5.488161,s-0.826189,s12.311594
181_154,s1.752472,s4.736174,s23.668878
181_155,s5.827439,s0.513282,s153.853309
181_156,s2.710172,s-4.785913,s88.603284
181_157,s-2.56428,s-5.202352,s26.348536
181_158,s-1.042775,s-5.34931,s213.691996
181_159,s-3.166937,s-4.187244,s142.019122
181_160,s3.628548,s-4.066465,s159.940911
181_161,s4.44939,s-2.970762,s261.568419
181_162,s-5.595474,s1.706801,s38.906578
181_163,s0.403935,s4.983657,s166.130022
181_164,s-2.783357,s4.916851,s148.538952
181_165,s-1.758723,s4.840392,s25.965743
181_166,s4.307451,s-3.656277,s292.790329
181_167,s-2.07726,s-5.415255,s115.079698
181_168,s-2.332898,s5.145881,s65.540546
181_169,s-5.666775,s0.614542,s141.646719
181_170,s5.089695,s-1.287441,s278.405069
181_171,s-3.736901,s-4.304134,s34.038658
181_172,s1.861049,s-5.493314,s264.51283
181_173,s4.712948,s3.465635,s1.13724
181_174,s-3.330226,s-4.93073,s164.787718
181_175,s-5.379878,s-2.656485,s144.947809
181_176,s2.226302,s5.247245,s319.61247
181_177,s-5.397262,s-1.49317,s74.628507
181_178,s5.317946,s-2.88478,s255.258118
181_179,s0.711208,s5.75623,s141.057874
181_180,s-4.991286,s-3.419001,s142.741641
182_0,s0.0,s0.0,s61.458974
182_1,s-0.087797,s0.492231,s34.479228
182_2,s0.458878,s0.65531,s347.407842
182_3,s0.369948,s-0.2562,s301.022519
182_4,s-0.404414,s-0.294023,s128.840276
182_5,s0.834052,s-0.454816,s262.731028
182_6,s-0.184418,s-0.778454,s224.38473
182_7,s0.819507,s0.480529,s278.525991
182_8,s-0.836532,s0.331986,s27.229171
182_9,s0.973831,s-1.005809,s247.702628
182_10,s-1.028382,s-0.949964,s213.937165
182_11,s-1.046449,s-0.086287,s57.453197
182_12,s0.705015,s1.491795,s17.209855
182_13,s0.254261,s-1.529003,s197.311675
182_14,s-1.353793,s-0.645945,s76.43608
182_15,s-1.456944,s0.661298,s83.771924
182_16,s-0.740772,s1.361527,s111.270673
182_17,s0.97787,s1.001884,s297.463483
182_18,s-0.629273,s1.739688,s1.553225
182_19,s-1.680577,s-1.084278,s101.500223
182_20,s1.623048,s-0.778277,s209.278812
182_21,s-0.833751,s-1.817927,s218.161732
182_22,s-1.916349,s1.179028,s111.169023
182_23,s-1.280872,s1.536023,s66.434036
182_24,s1.613792,s1.638803,s55.371005
182_25,s1.522809,s0.289055,s216.067609
182_26,s0.468313,s2.404825,s40.113282
182_27,s0.69866,s-1.874,s299.844059
182_28,s-1.377234,s-1.650978,s85.32734
182_29,s2.021313,s0.732662,s236.361939
182_30,s-1.197927,s-2.137164,s183.096492
182_31,s-0.802746,s-2.577906,s217.550163
182_32,s0.922671,s-2.269621,s146.629322
182_33,s2.137907,s-0.848146,s297.113569
182_34,s-2.360949,s-0.431182,s73.976505
182_35,s1.488701,s-1.818315,s164.330764
182_36,s-1.012541,s2.285774,s29.456702
182_37,s-2.124458,s1.666337,s88.150672
182_38,s-1.519058,s2.292371,s101.756916
182_39,s2.016567,s1.30133,s0.723876
182_40,s1.10743,s2.296976,s15.110186
182_41,s2.490596,s1.042561,s288.869752
182_42,s-0.484167,s2.554522,s358.622905
182_43,s-2.90154,s0.762278,s3.688647
182_44,s2.109286,s-1.764486,s306.21191
182_45,s-1.886577,s-2.000832,s210.02924
182_46,s1.397116,s2.767321,s326.568391
182_47,s-2.577456,s-1.329181,s167.508644
182_48,s1.969621,s-2.196154,s152.980053
182_49,s2.056015,s2.184674,s24.162355
182_50,s2.829427,s0.341819,s327.874672
182_51,s1.213886,s-2.852452,s111.28805
182_52,s-2.549588,s2.015466,s27.523502
182_53,s2.389854,s1.729479,s318.209469
182_54,s0.298641,s-3.186034,s44.057785
182_55,s-3.148724,s-0.805009,s192.277539
182_56,s3.010275,s1.580584,s308.518319
182_57,s-0.499709,s-3.413618,s104.547263
182_58,s3.134362,s-1.032365,s16.735136
182_59,s-2.080893,s-2.561227,s185.765985
182_60,s2.525674,s-2.200789,s297.958236
182_61,s-2.572826,s-2.222739,s148.980963
182_62,s-3.701542,s-1.058815,s359.141366
182_63,s0.900721,s-3.330346,s173.154876
182_64,s-2.128665,s2.521663,s14.16456
182_65,s1.500152,s-3.162206,s195.526879
182_66,s0.129557,s-3.547635,s129.630534
182_67,s3.239573,s-0.260131,s248.031166
182_68,s-1.362891,s-3.005417,s132.628938
182_69,s-3.074889,s0.393776,s75.084519
182_70,s-3.274326,s-1.723017,s64.665195
182_71,s2.146335,s-2.827675,s150.297604
182_72,s-1.543913,s3.08526,s325.408847
182_73,s2.384008,s3.211932,s58.059383
182_74,s0.954197,s3.263358,s282.436895
182_75,s-3.238542,s1.789371,s171.920817
182_76,s3.528216,s-1.114311,s279.852836
182_77,s0.242373,s3.140662,s5.976925
182_78,s3.165618,s2.445171,s52.380332
182_79,s-0.594792,s3.44909,s335.074057
182_80,s3.790423,s0.674682,s47.746101
182_81,s3.28234,s-1.707701,s257.485009
182_82,s-2.233555,s3.615762,s262.616415
182_83,s0.962294,s3.830991,s316.530336
182_84,s2.507003,s-2.788806,s278.004905
182_85,s-1.071253,s-3.853883,s213.675847
182_86,s-3.63722,s1.100286,s47.100179
182_87,s-2.592469,s3.046162,s92.648657
182_88,s3.297121,s-2.264727,s247.847907
182_89,s2.287782,s-3.341939,s238.776418
182_90,s-3.659059,s-2.061865,s92.429683
182_91,s3.761597,s1.205359,s4.035417
182_92,s-1.722798,s4.048699,s270.930403
182_93,s-2.368359,s-3.40784,s194.435626
182_94,s-3.608204,s2.050211,s354.481168
182_95,s-3.883701,s0.72067,s101.858086
182_96,s3.619644,s2.321245,s334.872717
182_97,s0.790873,s4.429957,s119.390125
182_98,s4.403808,s-0.925459,s353.572996
182_99,s4.146049,s0.671029,s254.799508
182_100,s-3.794542,s0.20359,s127.573646
182_101,s2.949522,s3.059873,s1.870195
182_102,s-3.190818,s-2.807344,s111.860962
182_103,s2.166557,s-3.886969,s233.062158
182_104,s1.604399,s3.718656,s1.899259
182_105,s3.307595,s-3.268381,s335.698308
182_106,s1.645038,s-4.24221,s241.577831
182_107,s4.19738,s-1.622345,s189.096833
182_108,s-4.488406,s-1.00708,s1.903808
182_109,s0.427796,s-4.278667,s74.387053
182_110,s4.204913,s2.099693,s327.982217
182_111,s1.949102,s4.221789,s240.957166
182_112,s4.264544,s1.586241,s233.479404
182_113,s-3.941597,s2.467045,s41.203763
182_114,s-1.474721,s-4.251494,s169.124634
182_115,s-0.870357,s-4.771266,s224.063275
182_116,s-3.094592,s-3.403454,s117.049979
182_117,s-2.669466,s4.049253,s174.150919
182_118,s-4.303484,s1.315303,s150.479946
182_119,s3.889615,s-2.897136,s304.29164
182_120,s-0.686363,s4.244868,s329.015739
182_121,s3.567673,s3.059692,s37.142101
182_122,s-3.265704,s3.310239,s57.468548
182_123,s3.071674,s-3.817698,s180.849631
182_124,s-4.991423,s-0.76694,s173.28726
182_125,s4.950407,s1.748134,s203.595737
182_126,s-2.827687,s-3.816633,s187.991472
182_127,s-4.731013,s0.424278,s82.136033
182_128,s3.80096,s-3.400397,s196.751418
182_129,s-0.730063,s4.845308,s55.515236
182_130,s-4.804723,s1.710157,s173.023405
182_131,s-1.953759,s4.439068,s76.916739
182_132,s4.463056,s3.039923,s251.495715
182_133,s1.052164,s-4.169287,s217.990603
182_134,s3.250387,s3.864904,s309.106253
182_135,s-4.753671,s2.228253,s337.761822
182_136,s-4.496772,s-2.29816,s102.110863
182_137,s4.582708,s-2.238032,s286.887177
182_138,s-2.245938,s-4.411152,s190.317511
182_139,s1.624321,s-4.887134,s170.79628
182_140,s0.78701,s-4.887035,s73.310976
182_141,s-4.208089,s-3.139186,s328.354983
182_142,s2.380055,s4.847199,s182.968775
182_143,s1.030458,s-5.249824,s137.212473
182_144,s3.703032,s3.721566,s264.726646
182_145,s-3.22781,s3.948575,s40.495142
182_146,s-4.933281,s-1.795895,s129.347804
182_147,s-4.43477,s-3.580896,s36.097881
182_148,s2.755784,s4.172008,s301.866943
182_149,s2.920698,s4.894847,s254.557573
182_150,s-5.202169,s1.013626,s52.240126
182_151,s4.893457,s-0.253142,s187.408777
182_152,s-4.629107,s3.151407,s18.690016
182_153,s5.488161,s-0.826189,s12.311594
182_154,s1.752472,s4.736174,s23.668878
182_155,s5.827439,s0.513282,s153.853309
182_156,s2.710172,s-4.785913,s88.603284
182_157,s-2.56428,s-5.202352,s26.348536
182_158,s-1.042775,s-5.34931,s213.691996
182_159,s-3.166937,s-4.187244,s142.019122
182_160,s3.628548,s-4.066465,s159.940911
182_161,s4.44939,s-2.970762,s261.568419
182_162,s-5.595474,s1.706801,s38.906578
182_163,s0.403935,s4.983657,s166.130022
182_164,s-2.783357,s4.916851,s148.538952
182_165,s-1.758723,s4.840392,s25.965743
182_166,s4.307451,s-3.656277,s292.790329
182_167,s-2.07726,s-5.415255,s115.079698
182_168,s-2.332898,s5.145881,s65.540546
182_169,s-5.666775,s0.614542,s141.646719
182_170,s5.089695,s-1.287441,s278.405069
182_171,s-3.736901,s-4.304134,s34.038658
182_172,s1.861049,s-5.493314,s264.51283
182_173,s4.712948,s3.465635,s1.13724
182_174,s-3.330226,s-4.93073,s164.787718
182_175,s-5.379878,s-2.656485,s144.947809
182_176,s2.226302,s5.247245,s319.61247
182_177,s-5.397262,s-1.49317,s74.628507
182_178,s5.317946,s-2.88478,s255.258118
182_179,s0.711208,s5.75623,s141.057874
182_180,s-4.991286,s-3.419001,s142.741641
182_181,s-5.173891,s2.508655,s87.02009
183_0,s0.0,s0.0,s61.458974
183_1,s-0.087797,s0.492231,s34.479228
183_2,s0.458878,s0.65531,s347.407842
183_3,s0.369948,s-0.2562,s301.022519
183_4,s-0.404414,s-0.294023,s128.840276
183_5,s0.834052,s-0.454816,s262.731028
183_6,s-0.184418,s-0.778454,s224.38473
183_7,s0.819507,s0.480529,s278.525991
183_8,s-0.836532,s0.331986,s27.229171
183_9,s0.973831,s-1.005809,s247.702628
183_10,s-1.028382,s-0.949964,s213.937165
183_11,s-1.046449,s-0.086287,s57.453197
183_12,s0.705015,s1.491795,s17.209855
183_13,s0.254261,s-1.529003,s197.311675
183_14,s-1.353793,s-0.645945,s76.43608
183_15,s-1.456944,s0.661298,s83.771924
183_16,s-0.740772,s1.361527,s111.270673
183_17,s0.97787,s1.001884,s297.463483
183_18,s-0.629273,s1.739688,s1.553225
183_19,s-1.680577,s-1.084278,s101.500223
183_20,s1.623048,s-0.778277,s209.278812
183_21,s-0.833751,s-1.817927,s218.161732
183_22,s-1.916349,s1.179028,s111.169023
183_23,s-1.280872,s1.536023,s66.434036
183_24,s1.613792,s1.638803,s55.371005
183_25,s1.522809,s0.289055,s216.067609
183_26,s0.468313,s2.404825,s40.113282
183_27,s0.69866,s-1.874,s299.844059
183_28,s-1.377234,s-1.650978,s85.32734
183_29,s2.021313,s0.732662,s236.361939
183_30,s-1.197927,s-2.137164,s183.096492
183_31,s-0.802746,s-2.577906,s217.550163
183_32,s0.922671,s-2.269621,s146.629322
183_33,s2.137907,s-0.848146,s297.113569
183_34,s-2.360949,s-0.431182,s73.976505
183_35,s1.488701,s-1.818315,s164.330764
183_36,s-1.012541,s2.285774,s29.456702
183_37,s-2.124458,s1.666337,s88.150672
183_38,s-1.519058,s2.292371,s101.756916
183_39,s2.016567,s1.30133,s0.723876
183_40,s1.10743,s2.296976,s15.110186
183_41,s2.490596,s1.042561,s288.869752
183_42,s-0.484167,s2.554522,s358.622905
183_43,s-2.90154,s0.762278,s3.688647
183_44,s2.109286,s-1.764486,s306.21191
183_45,s-1.886577,s-2.000832,s210.02924
183_46,s1.397116,s2.767321,s326.568391
183_47,s-2.577456,s-1.329181,s167.508644
183_48,s1.969621,s-2.196154,s152.980053
183_49,s2.056015,s2.184674,s24.162355
183_50,s2.829427,s0.341819,s327.874672
183_51,s1.213886,s-2.852452,s111.28805
183_52,s-2.549588,s2.015466,s27.523502
183_53,s2.389854,s1.729479,s318.209469
183_54,s0.298641,s-3.186034,s44.057785
183_55,s-3.148724,s-0.805009,s192.277539
183_56,s3.010275,s1.580584,s308.518319
183_57,s-0.499709,s-3.413618,s104.547263
183_58,s3.134362,s-1.032365,s16.735136
183_59,s-2.080893,s-2.561227,s185.765985
183_60,s2.525674,s-2.200789,s297.958236
183_61,s-2.572826,s-2.222739,s148.980963
183_62,s-3.701542,s-1.058815,s359.141366
183_63,s0.900721,s-3.330346,s173.154876
183_64,s-2.128665,s2.521663,s14.16456
183_65,s1.500152,s-3.162206,s195.526879
183_66,s0.129557,s-3.547635,s129.630534
183_67,s3.239573,s-0.260131,s248.031166
183_68,s-1.362891,s-3.005417,s132.628938
183_69,s-3.074889,s0.393776,s75.084519
183_70,s-3.274326,s-1.723017,s64.665195
183_71,s2.146335,s-2.827675,s150.297604
183_72,s-1.543913,s3.08526,s325.408847
183_73,s2.384008,s3.211932,s58.059383
183_74,s0.954197,s3.263358,s282.436895
183_75,s-3.238542,s1.789371,s171.920817
183_76,s3.528216,s-1.114311,s279.852836
183_77,s0.242373,s3.140662,s5.976925
183_78,s3.165618,s2.445171,s52.380332
183_79,s-0.594792,s3.44909,s335.074057
183_80,s3.790423,s0.674682,s47.746101
183_81,s3.28234,s-1.707701,s257.485009
183_82,s-2.233555,s3.615762,s262.616415
183_83,s0.962294,s3.830991,s316.530336
183_84,s2.507003,s-2.788806,s278.004905
183_85,s-1.071253,s-3.853883,s213.675847
183_86,s-3.63722,s1.100286,s47.100179
183_87,s-2.592469,s3.046162,s92.648657
183_88,s3.297121,s-2.264727,s247.847907
183_89,s2.287782,s-3.341939,s238.776418
183_90,s-3.659059,s-2.061865,s92.429683
183_91,s3.761597,s1.205359,s4.035417
183_92,s-1.722798,s4.048699,s270.930403
183_93,s-2.368359,s-3.40784,s194.435626
183_94,s-3.608204,s2.050211,s354.481168
183_95,s-3.883701,s0.72067,s101.858086
183_96,s3.619644,s2.321245,s334.872717
183_97,s0.790873,s4.429957,s119.390125
183_98,s4.403808,s-0.925459,s353.572996
183_99,s4.146049,s0.671029,s254.799508
183_100,s-3.794542,s0.20359,s127.573646
183_101,s2.949522,s3.059873,s1.870195
183_102,s-3.190818,s-2.807344,s111.860962
183_103,s2.166557,s-3.886969,s233.062158
183_104,s1.604399,s3.718656,s1.899259
183_105,s3.307595,s-3.268381,s335.698308
183_106,s1.645038,s-4.24221,s241.577831
183_107,s4.19738,s-1.622345,s189.096833
183_108,s-4.488406,s-1.00708,s1.903808
183_109,s0.427796,s-4.278667,s74.387053
183_110,s4.204913,s2.099693,s327.982217
183_111,s1.949102,s4.221789,s240.957166
183_112,s4.264544,s1.586241,s233.479404
183_113,s-3.941597,s2.467045,s41.203763
183_114,s-1.474721,s-4.251494,s169.124634
183_115,s-0.870357,s-4.771266,s224.063275
183_116,s-3.094592,s-3.403454,s117.049979
183_117,s-2.669466,s4.049253,s174.150919
183_118,s-4.303484,s1.315303,s150.479946
183_119,s3.889615,s-2.897136,s304.29164
183_120,s-0.686363,s4.244868,s329.015739
183_121,s3.567673,s3.059692,s37.142101
183_122,s-3.265704,s3.310239,s57.468548
183_123,s3.071674,s-3.817698,s180.849631
183_124,s-4.991423,s-0.76694,s173.28726
183_125,s4.950407,s1.748134,s203.595737
183_126,s-2.827687,s-3.816633,s187.991472
183_127,s-4.731013,s0.424278,s82.136033
183_128,s3.80096,s-3.400397,s196.751418
183_129,s-0.730063,s4.845308,s55.515236
183_130,s-4.804723,s1.710157,s173.023405
183_131,s-1.953759,s4.439068,s76.916739
183_132,s4.463056,s3.039923,s251.495715
183_133,s1.052164,s-4.169287,s217.990603
183_134,s3.250387,s3.864904,s309.106253
183_135,s-4.753671,s2.228253,s337.761822
183_136,s-4.496772,s-2.29816,s102.110863
183_137,s4.582708,s-2.238032,s286.887177
183_138,s-2.245938,s-4.411152,s190.317511
183_139,s1.624321,s-4.887134,s170.79628
183_140,s0.78701,s-4.887035,s73.310976
183_141,s-4.208089,s-3.139186,s328.354983
183_142,s2.380055,s4.847199,s182.968775
183_143,s1.030458,s-5.249824,s137.212473
183_144,s3.703032,s3.721566,s264.726646
183_145,s-3.22781,s3.948575,s40.495142
183_146,s-4.933281,s-1.795895,s129.347804
183_147,s-4.43477,s-3.580896,s36.097881
183_148,s2.755784,s4.172008,s301.866943
183_149,s2.920698,s4.894847,s254.557573
183_150,s-5.202169,s1.013626,s52.240126
183_151,s4.893457,s-0.253142,s187.408777
183_152,s-4.629107,s3.151407,s18.690016
183_153,s5.488161,s-0.826189,s12.311594
183_154,s1.752472,s4.736174,s23.668878
183_155,s5.827439,s0.513282,s153.853309
183_156,s2.710172,s-4.785913,s88.603284
183_157,s-2.56428,s-5.202352,s26.348536
183_158,s-1.042775,s-5.34931,s213.691996
183_159,s-3.166937,s-4.187244,s142.019122
183_160,s3.628548,s-4.066465,s159.940911
183_161,s4.44939,s-2.970762,s261.568419
183_162,s-5.595474,s1.706801,s38.906578
183_163,s0.403935,s4.983657,s166.130022
183_164,s-2.783357,s4.916851,s148.538952
183_165,s-1.758723,s4.840392,s25.965743
183_166,s4.307451,s-3.656277,s292.790329
183_167,s-2.07726,s-5.415255,s115.079698
183_168,s-2.332898,s5.145881,s65.540546
183_169,s-5.666775,s0.614542,s141.646719
183_170,s5.089695,s-1.287441,s278.405069
183_171,s-3.736901,s-4.304134,s34.038658
183_172,s1.861049,s-5.493314,s264.51283
183_173,s4.712948,s3.465635,s1.13724
183_174,s-3.330226,s-4.93073,s164.787718
183_175,s-5.379878,s-2.656485,s144.947809
183_176,s2.226302,s5.247245,s319.61247
183_177,s-5.397262,s-1.49317,s74.628507
183_178,s5.317946,s-2.88478,s255.258118
183_179,s0.711208,s5.75623,s141.057874
183_180,s-4.991286,s-3.419001,s142.741641
183_181,s-5.173891,s2.508655,s87.02009
183_182,s3.082158,s-5.030935,s219.96909
184_0,s0.0,s0.0,s61.458974
184_1,s-0.087797,s0.492231,s34.479228
184_2,s0.458878,s0.65531,s347.407842
184_3,s0.369948,s-0.2562,s301.022519
184_4,s-0.404414,s-0.294023,s128.840276
184_5,s0.834052,s-0.454816,s262.731028
184_6,s-0.184418,s-0.778454,s224.38473
184_7,s0.819507,s0.480529,s278.525991
184_8,s-0.836532,s0.331986,s27.229171
184_9,s0.973831,s-1.005809,s247.702628
184_10,s-1.028382,s-0.949964,s213.937165
184_11,s-1.046449,s-0.086287,s57.453197
184_12,s0.705015,s1.491795,s17.209855
184_13,s0.254261,s-1.529003,s197.311675
184_14,s-1.353793,s-0.645945,s76.43608
184_15,s-1.456944,s0.661298,s83.771924
184_16,s-0.740772,s1.361527,s111.270673
184_17,s0.97787,s1.001884,s297.463483
184_18,s-0.629273,s1.739688,s1.553225
184_19,s-1.680577,s-1.084278,s101.500223
184_20,s1.623048,s-0.778277,s209.278812
184_21,s-0.833751,s-1.817927,s218.161732
184_22,s-1.916349,s1.179028,s111.169023
184_23,s-1.280872,s1.536023,s66.434036
184_24,s1.613792,s1.638803,s55.371005
184_25,s1.522809,s0.289055,s216.067609
184_26,s0.468313,s2.404825,s40.113282
184_27,s0.69866,s-1.874,s299.844059
184_28,s-1.377234,s-1.650978,s85.32734
184_29,s2.021313,s0.732662,s236.361939
184_30,s-1.197927,s-2.137164,s183.096492
184_31,s-0.802746,s-2.577906,s217.550163
184_32,s0.922671,s-2.269621,s146.629322
184_33,s2.137907,s-0.848146,s297.113569
184_34,s-2.360949,s-0.431182,s73.976505
184_35,s1.488701,s-1.818315,s164.330764
184_36,s-1.012541,s2.285774,s29.456702
184_37,s-2.124458,s1.666337,s88.150672
184_38,s-1.519058,s2.292371,s101.756916
184_39,s2.016567,s1.30133,s0.723876
184_40,s1.10743,s2.296976,s15.110186
184_41,s2.490596,s1.042561,s288.869752
184_42,s-0.484167,s2.554522,s358.622905
184_43,s-2.90154,s0.762278,s3.688647
184_44,s2.109286,s-1.764486,s306.21191
184_45,s-1.886577,s-2.000832,s210.02924
184_46,s1.397116,s2.767321,s326.568391
184_47,s-2.577456,s-1.329181,s167.508644
184_48,s1.969621,s-2.196154,s152.980053
184_49,s2.056015,s2.184674,s24.162355
184_50,s2.829427,s0.341819,s327.874672
184_51,s1.213886,s-2.852452,s111.28805
184_52,s-2.549588,s2.015466,s27.523502
184_53,s2.389854,s1.729479,s318.209469
184_54,s0.298641,s-3.186034,s44.057785
184_55,s-3.148724,s-0.805009,s192.277539
184_56,s3.010275,s1.580584,s308.518319
184_57,s-0.499709,s-3.413618,s104.547263
184_58,s3.134362,s-1.032365,s16.735136
184_59,s-2.080893,s-2.561227,s185.765985
184_60,s2.525674,s-2.200789,s297.958236
184_61,s-2.572826,s-2.222739,s148.980963
184_62,s-3.701542,s-1.058815,s359.141366
184_63,s0.900721,s-3.330346,s173.154876
184_64,s-2.128665,s2.521663,s14.16456
184_65,s1.500152,s-3.162206,s195.526879
184_66,s0.129557,s-3.547635,s129.630534
184_67,s3.239573,s-0.260131,s248.031166
184_68,s-1.362891,s-3.005417,s132.628938
184_69,s-3.074889,s0.393776,s75.084519
184_70,s-3.274326,s-1.723017,s64.665195
184_71,s2.146335,s-2.827675,s150.297604
184_72,s-1.543913,s3.08526,s325.408847
184_73,s2.384008,s3.211932,s58.059383
184_74,s0.954197,s3.263358,s282.436895
184_75,s-3.238542,s1.789371,s171.920817
184_76,s3.528216,s-1.114311,s279.852836
184_77,s0.242373,s3.140662,s5.976925
184_78,s3.165618,s2.445171,s52.380332
184_79,s-0.594792,s3.44909,s335.074057
184_80,s3.790423,s0.674682,s47.746101
184_81,s3.28234,s-1.707701,s257.485009
184_82,s-2.233555,s3.615762,s262.616415
184_83,s0.962294,s3.830991,s316.530336
184_84,s2.507003,s-2.788806,s278.004905
184_85,s-1.071253,s-3.853883,s213.675847
184_86,s-3.63722,s1.100286,s47.100179
184_87,s-2.592469,s3.046162,s92.648657
184_88,s3.297121,s-2.264727,s247.847907
184_89,s2.287782,s-3.341939,s238.776418
184_90,s-3.659059,s-2.061865,s92.429683
184_91,s3.761597,s1.205359,s4.035417
184_92,s-1.722798,s4.048699,s270.930403
184_93,s-2.368359,s-3.40784,s194.435626
184_94,s-3.608204,s2.050211,s354.481168
184_95,s-3.883701,s0.72067,s101.858086
184_96,s3.619644,s2.321245,s334.872717
184_97,s0.790873,s4.429957,s119.390125
184_98,s4.403808,s-0.925459,s353.572996
184_99,s4.146049,s0.671029,s254.799508
184_100,s-3.794542,s0.20359,s127.573646
184_101,s2.949522,s3.059873,s1.870195
184_102,s-3.190818,s-2.807344,s111.860962
184_103,s2.166557,s-3.886969,s233.062158
184_104,s1.604399,s3.718656,s1.899259
184_105,s3.307595,s-3.268381,s335.698308
184_106,s1.645038,s-4.24221,s241.577831
184_107,s4.19738,s-1.622345,s189.096833
184_108,s-4.488406,s-1.00708,s1.903808
184_109,s0.427796,s-4.278667,s74.387053
184_110,s4.204913,s2.099693,s327.982217
184_111,s1.949102,s4.221789,s240.957166
184_112,s4.264544,s1.586241,s233.479404
184_113,s-3.941597,s2.467045,s41.203763
184_114,s-1.474721,s-4.251494,s169.124634
184_115,s-0.870357,s-4.771266,s224.063275
184_116,s-3.094592,s-3.403454,s117.049979
184_117,s-2.669466,s4.049253,s174.150919
184_118,s-4.303484,s1.315303,s150.479946
184_119,s3.889615,s-2.897136,s304.29164
184_120,s-0.686363,s4.244868,s329.015739
184_121,s3.567673,s3.059692,s37.142101
184_122,s-3.265704,s3.310239,s57.468548
184_123,s3.071674,s-3.817698,s180.849631
184_124,s-4.991423,s-0.76694,s173.28726
184_125,s4.950407,s1.748134,s203.595737
184_126,s-2.827687,s-3.816633,s187.991472
184_127,s-4.731013,s0.424278,s82.136033
184_128,s3.80096,s-3.400397,s196.751418
184_129,s-0.730063,s4.845308,s55.515236
184_130,s-4.804723,s1.710157,s173.023405
184_131,s-1.953759,s4.439068,s76.916739
184_132,s4.463056,s3.039923,s251.495715
184_133,s1.052164,s-4.169287,s217.990603
184_134,s3.250387,s3.864904,s309.106253
184_135,s-4.753671,s2.228253,s337.761822
184_136,s-4.496772,s-2.29816,s102.110863
184_137,s4.582708,s-2.238032,s286.887177
184_138,s-2.245938,s-4.411152,s190.317511
184_139,s1.624321,s-4.887134,s170.79628
184_140,s0.78701,s-4.887035,s73.310976
184_141,s-4.208089,s-3.139186,s328.354983
184_142,s2.380055,s4.847199,s182.968775
184_143,s1.030458,s-5.249824,s137.212473
184_144,s3.703032,s3.721566,s264.726646
184_145,s-3.22781,s3.948575,s40.495142
184_146,s-4.933281,s-1.795895,s129.347804
184_147,s-4.43477,s-3.580896,s36.097881
184_148,s2.755784,s4.172008,s301.866943
184_149,s2.920698,s4.894847,s254.557573
184_150,s-5.202169,s1.013626,s52.240126
184_151,s4.893457,s-0.253142,s187.408777
184_152,s-4.629107,s3.151407,s18.690016
184_153,s5.488161,s-0.826189,s12.311594
184_154,s1.752472,s4.736174,s23.668878
184_155,s5.827439,s0.513282,s153.853309
184_156,s2.710172,s-4.785913,s88.603284
184_157,s-2.56428,s-5.202352,s26.348536
184_158,s-1.042775,s-5.34931,s213.691996
184_159,s-3.166937,s-4.187244,s142.019122
184_160,s3.628548,s-4.066465,s159.940911
184_161,s4.44939,s-2.970762,s261.568419
184_162,s-5.595474,s1.706801,s38.906578
184_163,s0.403935,s4.983657,s166.130022
184_164,s-2.783357,s4.916851,s148.538952
184_165,s-1.758723,s4.840392,s25.965743
184_166,s4.307451,s-3.656277,s292.790329
184_167,s-2.07726,s-5.415255,s115.079698
184_168,s-2.332898,s5.145881,s65.540546
184_169,s-5.666775,s0.614542,s141.646719
184_170,s5.089695,s-1.287441,s278.405069
184_171,s-3.736901,s-4.304134,s34.038658
184_172,s1.861049,s-5.493314,s264.51283
184_173,s4.712948,s3.465635,s1.13724
184_174,s-3.330226,s-4.93073,s164.787718
184_175,s-5.379878,s-2.656485,s144.947809
184_176,s2.226302,s5.247245,s319.61247
184_177,s-5.397262,s-1.49317,s74.628507
184_178,s5.317946,s-2.88478,s255.258118
184_179,s0.711208,s5.75623,s141.057874
184_180,s-4.991286,s-3.419001,s142.741641
184_181,s-5.173891,s2.508655,s87.02009
184_182,s3.082158,s-5.030935,s219.96909
184_183,s5.641132,s1.113613,s129.019829
185_0,s0.0,s0.0,s61.458974
185_1,s-0.087797,s0.492231,s34.479228
185_2,s0.458878,s0.65531,s347.407842
185_3,s0.369948,s-0.2562,s301.022519
185_4,s-0.404414,s-0.294023,s128.840276
185_5,s0.834052,s-0.454816,s262.731028
185_6,s-0.184418,s-0.778454,s224.38473
185_7,s0.819507,s0.480529,s278.525991
185_8,s-0.836532,s0.331986,s27.229171
185_9,s0.973831,s-1.005809,s247.702628
185_10,s-1.028382,s-0.949964,s213.937165
185_11,s-1.046449,s-0.086287,s57.453197
185_12,s0.705015,s1.491795,s17.209855
185_13,s0.254261,s-1.529003,s197.311675
185_14,s-1.353793,s-0.645945,s76.43608
185_15,s-1.456944,s0.661298,s83.771924
185_16,s-0.740772,s1.361527,s111.270673
185_17,s0.97787,s1.001884,s297.463483
185_18,s-0.629273,s1.739688,s1.553225
185_19,s-1.680577,s-1.084278,s101.500223
185_20,s1.623048,s-0.778277,s209.278812
185_21,s-0.833751,s-1.817927,s218.161732
185_22,s-1.916349,s1.179028,s111.169023
185_23,s-1.280872,s1.536023,s66.434036
185_24,s1.613792,s1.638803,s55.371005
185_25,s1.522809,s0.289055,s216.067609
185_26,s0.468313,s2.404825,s40.113282
185_27,s0.69866,s-1.874,s299.844059
185_28,s-1.377234,s-1.650978,s85.32734
185_29,s2.021313,s0.732662,s236.361939
185_30,s-1.197927,s-2.137164,s183.096492
185_31,s-0.802746,s-2.577906,s217.550163
185_32,s0.922671,s-2.269621,s146.629322
185_33,s2.137907,s-0.848146,s297.113569
185_34,s-2.360949,s-0.431182,s73.976505
185_35,s1.488701,s-1.818315,s164.330764
185_36,s-1.012541,s2.285774,s29.456702
185_37,s-2.124458,s1.666337,s88.150672
185_38,s-1.519058,s2.292371,s101.756916
185_39,s2.016567,s1.30133,s0.723876
185_40,s1.10743,s2.296976,s15.110186
185_41,s2.490596,s1.042561,s288.869752
185_42,s-0.484167,s2.554522,s358.622905
185_43,s-2.90154,s0.762278,s3.688647
185_44,s2.109286,s-1.764486,s306.21191
185_45,s-1.886577,s-2.000832,s210.02924
185_46,s1.397116,s2.767321,s326.568391
185_47,s-2.577456,s-1.329181,s167.508644
185_48,s1.969621,s-2.196154,s152.980053
185_49,s2.056015,s2.184674,s24.162355
185_50,s2.829427,s0.341819,s327.874672
185_51,s1.213886,s-2.852452,s111.28805
185_52,s-2.549588,s2.015466,s27.523502
185_53,s2.389854,s1.729479,s318.209469
185_54,s0.298641,s-3.186034,s44.057785
185_55,s-3.148724,s-0.805009,s192.277539
185_56,s3.010275,s1.580584,s308.518319
185_57,s-0.499709,s-3.413618,s104.547263
185_58,s3.134362,s-1.032365,s16.735136
185_59,s-2.080893,s-2.561227,s185.765985
185_60,s2.525674,s-2.200789,s297.958236
185_61,s-2.572826,s-2.222739,s148.980963
185_62,s-3.701542,s-1.058815,s359.141366
185_63,s0.900721,s-3.330346,s173.154876
185_64,s-2.128665,s2.521663,s14.16456
185_65,s1.500152,s-3.162206,s195.526879
185_66,s0.129557,s-3.547635,s129.630534
185_67,s3.239573,s-0.260131,s248.031166
185_68,s-1.362891,s-3.005417,s132.628938
185_69,s-3.074889,s0.393776,s75.084519
185_70,s-3.274326,s-1.723017,s64.665195
185_71,s2.146335,s-2.827675,s150.297604
185_72,s-1.543913,s3.08526,s325.408847
185_73,s2.384008,s3.211932,s58.059383
185_74,s0.954197,s3.263358,s282.436895
185_75,s-3.238542,s1.789371,s171.920817
185_76,s3.528216,s-1.114311,s279.852836
185_77,s0.242373,s3.140662,s5.976925
185_78,s3.165618,s2.445171,s52.380332
185_79,s-0.594792,s3.44909,s335.074057
185_80,s3.790423,s0.674682,s47.746101
185_81,s3.28234,s-1.707701,s257.485009
185_82,s-2.233555,s3.615762,s262.616415
185_83,s0.962294,s3.830991,s316.530336
185_84,s2.507003,s-2.788806,s278.004905
185_85,s-1.071253,s-3.853883,s213.675847
185_86,s-3.63722,s1.100286,s47.100179
185_87,s-2.592469,s3.046162,s92.648657
185_88,s3.297121,s-2.264727,s247.847907
185_89,s2.287782,s-3.341939,s238.776418
185_90,s-3.659059,s-2.061865,s92.429683
185_91,s3.761597,s1.205359,s4.035417
185_92,s-1.722798,s4.048699,s270.930403
185_93,s-2.368359,s-3.40784,s194.435626
185_94,s-3.608204,s2.050211,s354.481168
185_95,s-3.883701,s0.72067,s101.858086
185_96,s3.619644,s2.321245,s334.872717
185_97,s0.790873,s4.429957,s119.390125
185_98,s4.403808,s-0.925459,s353.572996
185_99,s4.146049,s0.671029,s254.799508
185_100,s-3.794542,s0.20359,s127.573646
185_101,s2.949522,s3.059873,s1.870195
185_102,s-3.190818,s-2.807344,s111.860962
185_103,s2.166557,s-3.886969,s233.062158
185_104,s1.604399,s3.718656,s1.899259
185_105,s3.307595,s-3.268381,s335.698308
185_106,s1.645038,s-4.24221,s241.577831
185_107,s4.19738,s-1.622345,s189.096833
185_108,s-4.488406,s-1.00708,s1.903808
185_109,s0.427796,s-4.278667,s74.387053
185_110,s4.204913,s2.099693,s327.982217
185_111,s1.949102,s4.221789,s240.957166
185_112,s4.264544,s1.586241,s233.479404
185_113,s-3.941597,s2.467045,s41.203763
185_114,s-1.474721,s-4.251494,s169.124634
185_115,s-0.870357,s-4.771266,s224.063275
185_116,s-3.094592,s-3.403454,s117.049979
185_117,s-2.669466,s4.049253,s174.150919
185_118,s-4.303484,s1.315303,s150.479946
185_119,s3.889615,s-2.897136,s304.29164
185_120,s-0.686363,s4.244868,s329.015739
185_121,s3.567673,s3.059692,s37.142101
185_122,s-3.265704,s3.310239,s57.468548
185_123,s3.071674,s-3.817698,s180.849631
185_124,s-4.991423,s-0.76694,s173.28726
185_125,s4.950407,s1.748134,s203.595737
185_126,s-2.827687,s-3.816633,s187.991472
185_127,s-4.731013,s0.424278,s82.136033
185_128,s3.80096,s-3.400397,s196.751418
185_129,s-0.730063,s4.845308,s55.515236
185_130,s-4.804723,s1.710157,s173.023405
185_131,s-1.953759,s4.439068,s76.916739
185_132,s4.463056,s3.039923,s251.495715
185_133,s1.052164,s-4.169287,s217.990603
185_134,s3.250387,s3.864904,s309.106253
185_135,s-4.753671,s2.228253,s337.761822
185_136,s-4.496772,s-2.29816,s102.110863
185_137,s4.582708,s-2.238032,s286.887177
185_138,s-2.245938,s-4.411152,s190.317511
185_139,s1.624321,s-4.887134,s170.79628
185_140,s0.78701,s-4.887035,s73.310976
185_141,s-4.208089,s-3.139186,s328.354983
185_142,s2.380055,s4.847199,s182.968775
185_143,s1.030458,s-5.249824,s137.212473
185_144,s3.703032,s3.721566,s264.726646
185_145,s-3.22781,s3.948575,s40.495142
185_146,s-4.933281,s-1.795895,s129.347804
185_147,s-4.43477,s-3.580896,s36.097881
185_148,s2.755784,s4.172008,s301.866943
185_149,s2.920698,s4.894847,s254.557573
185_150,s-5.202169,s1.013626,s52.240126
185_151,s4.893457,s-0.253142,s187.408777
185_152,s-4.629107,s3.151407,s18.690016
185_153,s5.488161,s-0.826189,s12.311594
185_154,s1.752472,s4.736174,s23.668878
185_155,s5.827439,s0.513282,s153.853309
185_156,s2.710172,s-4.785913,s88.603284
185_157,s-2.56428,s-5.202352,s26.348536
185_158,s-1.042775,s-5.34931,s213.691996
185_159,s-3.166937,s-4.187244,s142.019122
185_160,s3.628548,s-4.066465,s159.940911
185_161,s4.44939,s-2.970762,s261.568419
185_162,s-5.595474,s1.706801,s38.906578
185_163,s0.403935,s4.983657,s166.130022
185_164,s-2.783357,s4.916851,s148.538952
185_165,s-1.758723,s4.840392,s25.965743
185_166,s4.307451,s-3.656277,s292.790329
185_167,s-2.07726,s-5.415255,s115.079698
185_168,s-2.332898,s5.145881,s65.540546
185_169,s-5.666775,s0.614542,s141.646719
185_170,s5.089695,s-1.287441,s278.405069
185_171,s-3.736901,s-4.304134,s34.038658
185_172,s1.861049,s-5.493314,s264.51283
185_173,s4.712948,s3.465635,s1.13724
185_174,s-3.330226,s-4.93073,s164.787718
185_175,s-5.379878,s-2.656485,s144.947809
185_176,s2.226302,s5.247245,s319.61247
185_177,s-5.397262,s-1.49317,s74.628507
185_178,s5.317946,s-2.88478,s255.258118
185_179,s0.711208,s5.75623,s141.057874
185_180,s-4.991286,s-3.419001,s142.741641
185_181,s-5.173891,s2.508655,s87.02009
185_182,s3.082158,s-5.030935,s219.96909
185_183,s5.641132,s1.113613,s129.019829
185_184,s3.705874,s-4.782154,s211.577087
186_0,s0.0,s0.0,s61.458974
186_1,s-0.087797,s0.492231,s34.479228
186_2,s0.458878,s0.65531,s347.407842
186_3,s0.369948,s-0.2562,s301.022519
186_4,s-0.404414,s-0.294023,s128.840276
186_5,s0.834052,s-0.454816,s262.731028
186_6,s-0.184418,s-0.778454,s224.38473
186_7,s0.819507,s0.480529,s278.525991
186_8,s-0.836532,s0.331986,s27.229171
186_9,s0.973831,s-1.005809,s247.702628
186_10,s-1.028382,s-0.949964,s213.937165
186_11,s-1.046449,s-0.086287,s57.453197
186_12,s0.705015,s1.491795,s17.209855
186_13,s0.254261,s-1.529003,s197.311675
186_14,s-1.353793,s-0.645945,s76.43608
186_15,s-1.456944,s0.661298,s83.771924
186_16,s-0.740772,s1.361527,s111.270673
186_17,s0.97787,s1.001884,s297.463483
186_18,s-0.629273,s1.739688,s1.553225
186_19,s-1.680577,s-1.084278,s101.500223
186_20,s1.623048,s-0.778277,s209.278812
186_21,s-0.833751,s-1.817927,s218.161732
186_22,s-1.916349,s1.179028,s111.169023
186_23,s-1.280872,s1.536023,s66.434036
186_24,s1.613792,s1.638803,s55.371005
186_25,s1.522809,s0.289055,s216.067609
186_26,s0.468313,s2.404825,s40.113282
186_27,s0.69866,s-1.874,s299.844059
186_28,s-1.377234,s-1.650978,s85.32734
186_29,s2.021313,s0.732662,s236.361939
186_30,s-1.197927,s-2.137164,s183.096492
186_31,s-0.802746,s-2.577906,s217.550163
186_32,s0.922671,s-2.269621,s146.629322
186_33,s2.137907,s-0.848146,s297.113569
186_34,s-2.360949,s-0.431182,s73.976505
186_35,s1.488701,s-1.818315,s164.330764
186_36,s-1.012541,s2.285774,s29.456702
186_37,s-2.124458,s1.666337,s88.150672
186_38,s-1.519058,s2.292371,s101.756916
186_39,s2.016567,s1.30133,s0.723876
186_40,s1.10743,s2.296976,s15.110186
186_41,s2.490596,s1.042561,s288.869752
186_42,s-0.484167,s2.554522,s358.622905
186_43,s-2.90154,s0.762278,s3.688647
186_44,s2.109286,s-1.764486,s306.21191
186_45,s-1.886577,s-2.000832,s210.02924
186_46,s1.397116,s2.767321,s326.568391
186_47,s-2.577456,s-1.329181,s167.508644
186_48,s1.969621,s-2.196154,s152.980053
186_49,s2.056015,s2.184674,s24.162355
186_50,s2.829427,s0.341819,s327.874672
186_51,s1.213886,s-2.852452,s111.28805
186_52,s-2.549588,s2.015466,s27.523502
186_53,s2.389854,s1.729479,s318.209469
186_54,s0.298641,s-3.186034,s44.057785
186_55,s-3.148724,s-0.805009,s192.277539
186_56,s3.010275,s1.580584,s308.518319
186_57,s-0.499709,s-3.413618,s104.547263
186_58,s3.134362,s-1.032365,s16.735136
186_59,s-2.080893,s-2.561227,s185.765985
186_60,s2.525674,s-2.200789,s297.958236
186_61,s-2.572826,s-2.222739,s148.980963
186_62,s-3.701542,s-1.058815,s359.141366
186_63,s0.900721,s-3.330346,s173.154876
186_64,s-2.128665,s2.521663,s14.16456
186_65,s1.500152,s-3.162206,s195.526879
186_66,s0.129557,s-3.547635,s129.630534
186_67,s3.239573,s-0.260131,s248.031166
186_68,s-1.362891,s-3.005417,s132.628938
186_69,s-3.074889,s0.393776,s75.084519
186_70,s-3.274326,s-1.723017,s64.665195
186_71,s2.146335,s-2.827675,s150.297604
186_72,s-1.543913,s3.08526,s325.408847
186_73,s2.384008,s3.211932,s58.059383
186_74,s0.954197,s3.263358,s282.436895
186_75,s-3.238542,s1.789371,s171.920817
186_76,s3.528216,s-1.114311,s279.852836
186_77,s0.242373,s3.140662,s5.976925
186_78,s3.165618,s2.445171,s52.380332
186_79,s-0.594792,s3.44909,s335.074057
186_80,s3.790423,s0.674682,s47.746101
186_81,s3.28234,s-1.707701,s257.485009
186_82,s-2.233555,s3.615762,s262.616415
186_83,s0.962294,s3.830991,s316.530336
186_84,s2.507003,s-2.788806,s278.004905
186_85,s-1.071253,s-3.853883,s213.675847
186_86,s-3.63722,s1.100286,s47.100179
186_87,s-2.592469,s3.046162,s92.648657
186_88,s3.297121,s-2.264727,s247.847907
186_89,s2.287782,s-3.341939,s238.776418
186_90,s-3.659059,s-2.061865,s92.429683
186_91,s3.761597,s1.205359,s4.035417
186_92,s-1.722798,s4.048699,s270.930403
186_93,s-2.368359,s-3.40784,s194.435626
186_94,s-3.608204,s2.050211,s354.481168
186_95,s-3.883701,s0.72067,s101.858086
186_96,s3.619644,s2.321245,s334.872717
186_97,s0.790873,s4.429957,s119.390125
186_98,s4.403808,s-0.925459,s353.572996
186_99,s4.146049,s0.671029,s254.799508
186_100,s-3.794542,s0.20359,s127.573646
186_101,s2.949522,s3.059873,s1.870195
186_102,s-3.190818,s-2.807344,s111.860962
186_103,s2.166557,s-3.886969,s233.062158
186_104,s1.604399,s3.718656,s1.899259
186_105,s3.307595,s-3.268381,s335.698308
186_106,s1.645038,s-4.24221,s241.577831
186_107,s4.19738,s-1.622345,s189.096833
186_108,s-4.488406,s-1.00708,s1.903808
186_109,s0.427796,s-4.278667,s74.387053
186_110,s4.204913,s2.099693,s327.982217
186_111,s1.949102,s4.221789,s240.957166
186_112,s4.264544,s1.586241,s233.479404
186_113,s-3.941597,s2.467045,s41.203763
186_114,s-1.474721,s-4.251494,s169.124634
186_115,s-0.870357,s-4.771266,s224.063275
186_116,s-3.094592,s-3.403454,s117.049979
186_117,s-2.669466,s4.049253,s174.150919
186_118,s-4.303484,s1.315303,s150.479946
186_119,s3.889615,s-2.897136,s304.29164
186_120,s-0.686363,s4.244868,s329.015739
186_121,s3.567673,s3.059692,s37.142101
186_122,s-3.265704,s3.310239,s57.468548
186_123,s3.071674,s-3.817698,s180.849631
186_124,s-4.991423,s-0.76694,s173.28726
186_125,s4.950407,s1.748134,s203.595737
186_126,s-2.827687,s-3.816633,s187.991472
186_127,s-4.731013,s0.424278,s82.136033
186_128,s3.80096,s-3.400397,s196.751418
186_129,s-0.730063,s4.845308,s55.515236
186_130,s-4.804723,s1.710157,s173.023405
186_131,s-1.953759,s4.439068,s76.916739
186_132,s4.463056,s3.039923,s251.495715
186_133,s1.052164,s-4.169287,s217.990603
186_134,s3.250387,s3.864904,s309.106253
186_135,s-4.753671,s2.228253,s337.761822
186_136,s-4.496772,s-2.29816,s102.110863
186_137,s4.582708,s-2.238032,s286.887177
186_138,s-2.245938,s-4.411152,s190.317511
186_139,s1.624321,s-4.887134,s170.79628
186_140,s0.78701,s-4.887035,s73.310976
186_141,s-4.208089,s-3.139186,s328.354983
186_142,s2.380055,s4.847199,s182.968775
186_143,s1.030458,s-5.249824,s137.212473
186_144,s3.703032,s3.721566,s264.726646
186_145,s-3.22781,s3.948575,s40.495142
186_146,s-4.933281,s-1.795895,s129.347804
186_147,s-4.43477,s-3.580896,s36.097881
186_148,s2.755784,s4.172008,s301.866943
186_149,s2.920698,s4.894847,s254.557573
186_150,s-5.202169,s1.013626,s52.240126
186_151,s4.893457,s-0.253142,s187.408777
186_152,s-4.629107,s3.151407,s18.690016
186_153,s5.488161,s-0.826189,s12.311594
186_154,s1.752472,s4.736174,s23.668878
186_155,s5.827439,s0.513282,s153.853309
186_156,s2.710172,s-4.785913,s88.603284
186_157,s-2.56428,s-5.202352,s26.348536
186_158,s-1.042775,s-5.34931,s213.691996
186_159,s-3.166937,s-4.187244,s142.019122
186_160,s3.628548,s-4.066465,s159.940911
186_161,s4.44939,s-2.970762,s261.568419
186_162,s-5.595474,s1.706801,s38.906578
186_163,s0.403935,s4.983657,s166.130022
186_164,s-2.783357,s4.916851,s148.538952
186_165,s-1.758723,s4.840392,s25.965743
186_166,s4.307451,s-3.656277,s292.790329
186_167,s-2.07726,s-5.415255,s115.079698
186_168,s-2.332898,s5.145881,s65.540546
186_169,s-5.666775,s0.614542,s141.646719
186_170,s5.089695,s-1.287441,s278.405069
186_171,s-3.736901,s-4.304134,s34.038658
186_172,s1.861049,s-5.493314,s264.51283
186_173,s4.712948,s3.465635,s1.13724
186_174,s-3.330226,s-4.93073,s164.787718
186_175,s-5.379878,s-2.656485,s144.947809
186_176,s2.226302,s5.247245,s319.61247
186_177,s-5.397262,s-1.49317,s74.628507
186_178,s5.317946,s-2.88478,s255.258118
186_179,s0.711208,s5.75623,s141.057874
186_180,s-4.991286,s-3.419001,s142.741641
186_181,s-5.173891,s2.508655,s87.02009
186_182,s3.082158,s-5.030935,s219.96909
186_183,s5.641132,s1.113613,s129.019829
186_184,s3.705874,s-4.782154,s211.577087
186_185,s-4.056672,s3.639494,s54.672844
187_0,s0.0,s0.0,s61.458974
187_1,s-0.087797,s0.492231,s34.479228
187_2,s0.458878,s0.65531,s347.407842
187_3,s0.369948,s-0.2562,s301.022519
187_4,s-0.404414,s-0.294023,s128.840276
187_5,s0.834052,s-0.454816,s262.731028
187_6,s-0.184418,s-0.778454,s224.38473
187_7,s0.819507,s0.480529,s278.525991
187_8,s-0.836532,s0.331986,s27.229171
187_9,s0.973831,s-1.005809,s247.702628
187_10,s-1.028382,s-0.949964,s213.937165
187_11,s-1.046449,s-0.086287,s57.453197
187_12,s0.705015,s1.491795,s17.209855
187_13,s0.254261,s-1.529003,s197.311675
187_14,s-1.353793,s-0.645945,s76.43608
187_15,s-1.456944,s0.661298,s83.771924
187_16,s-0.740772,s1.361527,s111.270673
187_17,s0.97787,s1.001884,s297.463483
187_18,s-0.629273,s1.739688,s1.553225
187_19,s-1.680577,s-1.084278,s101.500223
187_20,s1.623048,s-0.778277,s209.278812
187_21,s-0.833751,s-1.817927,s218.161732
187_22,s-1.916349,s1.179028,s111.169023
187_23,s-1.280872,s1.536023,s66.434036
187_24,s1.613792,s1.638803,s55.371005
187_25,s1.522809,s0.289055,s216.067609
187_26,s0.468313,s2.404825,s40.113282
187_27,s0.69866,s-1.874,s299.844059
187_28,s-1.377234,s-1.650978,s85.32734
187_29,s2.021313,s0.732662,s236.361939
187_30,s-1.197927,s-2.137164,s183.096492
187_31,s-0.802746,s-2.577906,s217.550163
187_32,s0.922671,s-2.269621,s146.629322
187_33,s2.137907,s-0.848146,s297.113569
187_34,s-2.360949,s-0.431182,s73.976505
187_35,s1.488701,s-1.818315,s164.330764
187_36,s-1.012541,s2.285774,s29.456702
187_37,s-2.124458,s1.666337,s88.150672
187_38,s-1.519058,s2.292371,s101.756916
187_39,s2.016567,s1.30133,s0.723876
187_40,s1.10743,s2.296976,s15.110186
187_41,s2.490596,s1.042561,s288.869752
187_42,s-0.484167,s2.554522,s358.622905
187_43,s-2.90154,s0.762278,s3.688647
187_44,s2.109286,s-1.764486,s306.21191
187_45,s-1.886577,s-2.000832,s210.02924
187_46,s1.397116,s2.767321,s326.568391
187_47,s-2.577456,s-1.329181,s167.508644
187_48,s1.969621,s-2.196154,s152.980053
187_49,s2.056015,s2.184674,s24.162355
187_50,s2.829427,s0.341819,s327.874672
187_51,s1.213886,s-2.852452,s111.28805
187_52,s-2.549588,s2.015466,s27.523502
187_53,s2.389854,s1.729479,s318.209469
187_54,s0.298641,s-3.186034,s44.057785
187_55,s-3.148724,s-0.805009,s192.277539
187_56,s3.010275,s1.580584,s308.518319
187_57,s-0.499709,s-3.413618,s104.547263
187_58,s3.134362,s-1.032365,s16.735136
187_59,s-2.080893,s-2.561227,s185.765985
187_60,s2.525674,s-2.200789,s297.958236
187_61,s-2.572826,s-2.222739,s148.980963
187_62,s-3.701542,s-1.058815,s359.141366
187_63,s0.900721,s-3.330346,s173.154876
187_64,s-2.128665,s2.521663,s14.16456
187_65,s1.500152,s-3.162206,s195.526879
187_66,s0.129557,s-3.547635,s129.630534
187_67,s3.239573,s-0.260131,s248.031166
187_68,s-1.362891,s-3.005417,s132.628938
187_69,s-3.074889,s0.393776,s75.084519
187_70,s-3.274326,s-1.723017,s64.665195
187_71,s2.146335,s-2.827675,s150.297604
187_72,s-1.543913,s3.08526,s325.408847
187_73,s2.384008,s3.211932,s58.059383
187_74,s0.954197,s3.263358,s282.436895
187_75,s-3.238542,s1.789371,s171.920817
187_76,s3.528216,s-1.114311,s279.852836
187_77,s0.242373,s3.140662,s5.976925
187_78,s3.165618,s2.445171,s52.380332
187_79,s-0.594792,s3.44909,s335.074057
187_80,s3.790423,s0.674682,s47.746101
187_81,s3.28234,s-1.707701,s257.485009
187_82,s-2.233555,s3.615762,s262.616415
187_83,s0.962294,s3.830991,s316.530336
187_84,s2.507003,s-2.788806,s278.004905
187_85,s-1.071253,s-3.853883,s213.675847
187_86,s-3.63722,s1.100286,s47.100179
187_87,s-2.592469,s3.046162,s92.648657
187_88,s3.297121,s-2.264727,s247.847907
187_89,s2.287782,s-3.341939,s238.776418
187_90,s-3.659059,s-2.061865,s92.429683
187_91,s3.761597,s1.205359,s4.035417
187_92,s-1.722798,s4.048699,s270.930403
187_93,s-2.368359,s-3.40784,s194.435626
187_94,s-3.608204,s2.050211,s354.481168
187_95,s-3.883701,s0.72067,s101.858086
187_96,s3.619644,s2.321245,s334.872717
187_97,s0.790873,s4.429957,s119.390125
187_98,s4.403808,s-0.925459,s353.572996
187_99,s4.146049,s0.671029,s254.799508
187_100,s-3.794542,s0.20359,s127.573646
187_101,s2.949522,s3.059873,s1.870195
187_102,s-3.190818,s-2.807344,s111.860962
187_103,s2.166557,s-3.886969,s233.062158
187_104,s1.604399,s3.718656,s1.899259
187_105,s3.307595,s-3.268381,s335.698308
187_106,s1.645038,s-4.24221,s241.577831
187_107,s4.19738,s-1.622345,s189.096833
187_108,s-4.488406,s-1.00708,s1.903808
187_109,s0.427796,s-4.278667,s74.387053
187_110,s4.204913,s2.099693,s327.982217
187_111,s1.949102,s4.221789,s240.957166
187_112,s4.264544,s1.586241,s233.479404
187_113,s-3.941597,s2.467045,s41.203763
187_114,s-1.474721,s-4.251494,s169.124634
187_115,s-0.870357,s-4.771266,s224.063275
187_116,s-3.094592,s-3.403454,s117.049979
187_117,s-2.669466,s4.049253,s174.150919
187_118,s-4.303484,s1.315303,s150.479946
187_119,s3.889615,s-2.897136,s304.29164
187_120,s-0.686363,s4.244868,s329.015739
187_121,s3.567673,s3.059692,s37.142101
187_122,s-3.265704,s3.310239,s57.468548
187_123,s3.071674,s-3.817698,s180.849631
187_124,s-4.991423,s-0.76694,s173.28726
187_125,s4.950407,s1.748134,s203.595737
187_126,s-2.827687,s-3.816633,s187.991472
187_127,s-4.731013,s0.424278,s82.136033
187_128,s3.80096,s-3.400397,s196.751418
187_129,s-0.730063,s4.845308,s55.515236
187_130,s-4.804723,s1.710157,s173.023405
187_131,s-1.953759,s4.439068,s76.916739
187_132,s4.463056,s3.039923,s251.495715
187_133,s1.052164,s-4.169287,s217.990603
187_134,s3.250387,s3.864904,s309.106253
187_135,s-4.753671,s2.228253,s337.761822
187_136,s-4.496772,s-2.29816,s102.110863
187_137,s4.582708,s-2.238032,s286.887177
187_138,s-2.245938,s-4.411152,s190.317511
187_139,s1.624321,s-4.887134,s170.79628
187_140,s0.78701,s-4.887035,s73.310976
187_141,s-4.208089,s-3.139186,s328.354983
187_142,s2.380055,s4.847199,s182.968775
187_143,s1.030458,s-5.249824,s137.212473
187_144,s3.703032,s3.721566,s264.726646
187_145,s-3.22781,s3.948575,s40.495142
187_146,s-4.933281,s-1.795895,s129.347804
187_147,s-4.43477,s-3.580896,s36.097881
187_148,s2.755784,s4.172008,s301.866943
187_149,s2.920698,s4.894847,s254.557573
187_150,s-5.202169,s1.013626,s52.240126
187_151,s4.893457,s-0.253142,s187.408777
187_152,s-4.629107,s3.151407,s18.690016
187_153,s5.488161,s-0.826189,s12.311594
187_154,s1.752472,s4.736174,s23.668878
187_155,s5.827439,s0.513282,s153.853309
187_156,s2.710172,s-4.785913,s88.603284
187_157,s-2.56428,s-5.202352,s26.348536
187_158,s-1.042775,s-5.34931,s213.691996
187_159,s-3.166937,s-4.187244,s142.019122
187_160,s3.628548,s-4.066465,s159.940911
187_161,s4.44939,s-2.970762,s261.568419
187_162,s-5.595474,s1.706801,s38.906578
187_163,s0.403935,s4.983657,s166.130022
187_164,s-2.783357,s4.916851,s148.538952
187_165,s-1.758723,s4.840392,s25.965743
187_166,s4.307451,s-3.656277,s292.790329
187_167,s-2.07726,s-5.415255,s115.079698
187_168,s-2.332898,s5.145881,s65.540546
187_169,s-5.666775,s0.614542,s141.646719
187_170,s5.089695,s-1.287441,s278.405069
187_171,s-3.736901,s-4.304134,s34.038658
187_172,s1.861049,s-5.493314,s264.51283
187_173,s4.712948,s3.465635,s1.13724
187_174,s-3.330226,s-4.93073,s164.787718
187_175,s-5.379878,s-2.656485,s144.947809
187_176,s2.226302,s5.247245,s319.61247
187_177,s-5.397262,s-1.49317,s74.628507
187_178,s5.317946,s-2.88478,s255.258118
187_179,s0.711208,s5.75623,s141.057874
187_180,s-4.991286,s-3.419001,s142.741641
187_181,s-5.173891,s2.508655,s87.02009
187_182,s3.082158,s-5.030935,s219.96909
187_183,s5.641132,s1.113613,s129.019829
187_184,s3.705874,s-4.782154,s211.577087
187_185,s-4.056672,s3.639494,s54.672844
187_186,s-4.225248,s4.189245,s325.520093
188_0,s0.0,s0.0,s61.458974
188_1,s-0.087797,s0.492231,s34.479228
188_2,s0.458878,s0.65531,s347.407842
188_3,s0.369948,s-0.2562,s301.022519
188_4,s-0.404414,s-0.294023,s128.840276
188_5,s0.834052,s-0.454816,s262.731028
188_6,s-0.184418,s-0.778454,s224.38473
188_7,s0.819507,s0.480529,s278.525991
188_8,s-0.836532,s0.331986,s27.229171
188_9,s0.973831,s-1.005809,s247.702628
188_10,s-1.028382,s-0.949964,s213.937165
188_11,s-1.046449,s-0.086287,s57.453197
188_12,s0.705015,s1.491795,s17.209855
188_13,s0.254261,s-1.529003,s197.311675
188_14,s-1.353793,s-0.645945,s76.43608
188_15,s-1.456944,s0.661298,s83.771924
188_16,s-0.740772,s1.361527,s111.270673
188_17,s0.97787,s1.001884,s297.463483
188_18,s-0.629273,s1.739688,s1.553225
188_19,s-1.680577,s-1.084278,s101.500223
188_20,s1.623048,s-0.778277,s209.278812
188_21,s-0.833751,s-1.817927,s218.161732
188_22,s-1.916349,s1.179028,s111.169023
188_23,s-1.280872,s1.536023,s66.434036
188_24,s1.613792,s1.638803,s55.371005
188_25,s1.522809,s0.289055,s216.067609
188_26,s0.468313,s2.404825,s40.113282
188_27,s0.69866,s-1.874,s299.844059
188_28,s-1.377234,s-1.650978,s85.32734
188_29,s2.021313,s0.732662,s236.361939
188_30,s-1.197927,s-2.137164,s183.096492
188_31,s-0.802746,s-2.577906,s217.550163
188_32,s0.922671,s-2.269621,s146.629322
188_33,s2.137907,s-0.848146,s297.113569
188_34,s-2.360949,s-0.431182,s73.976505
188_35,s1.488701,s-1.818315,s164.330764
188_36,s-1.012541,s2.285774,s29.456702
188_37,s-2.124458,s1.666337,s88.150672
188_38,s-1.519058,s2.292371,s101.756916
188_39,s2.016567,s1.30133,s0.723876
188_40,s1.10743,s2.296976,s15.110186
188_41,s2.490596,s1.042561,s288.869752
188_42,s-0.484167,s2.554522,s358.622905
188_43,s-2.90154,s0.762278,s3.688647
188_44,s2.109286,s-1.764486,s306.21191
188_45,s-1.886577,s-2.000832,s210.02924
188_46,s1.397116,s2.767321,s326.568391
188_47,s-2.577456,s-1.329181,s167.508644
188_48,s1.969621,s-2.196154,s152.980053
188_49,s2.056015,s2.184674,s24.162355
188_50,s2.829427,s0.341819,s327.874672
188_51,s1.213886,s-2.852452,s111.28805
188_52,s-2.549588,s2.015466,s27.523502
188_53,s2.389854,s1.729479,s318.209469
188_54,s0.298641,s-3.186034,s44.057785
188_55,s-3.148724,s-0.805009,s192.277539
188_56,s3.010275,s1.580584,s308.518319
188_57,s-0.499709,s-3.413618,s104.547263
188_58,s3.134362,s-1.032365,s16.735136
188_59,s-2.080893,s-2.561227,s185.765985
188_60,s2.525674,s-2.200789,s297.958236
188_61,s-2.572826,s-2.222739,s148.980963
188_62,s-3.701542,s-1.058815,s359.141366
188_63,s0.900721,s-3.330346,s173.154876
188_64,s-2.128665,s2.521663,s14.16456
188_65,s1.500152,s-3.162206,s195.526879
188_66,s0.129557,s-3.547635,s129.630534
188_67,s3.239573,s-0.260131,s248.031166
188_68,s-1.362891,s-3.005417,s132.628938
188_69,s-3.074889,s0.393776,s75.084519
188_70,s-3.274326,s-1.723017,s64.665195
188_71,s2.146335,s-2.827675,s150.297604
188_72,s-1.543913,s3.08526,s325.408847
188_73,s2.384008,s3.211932,s58.059383
188_74,s0.954197,s3.263358,s282.436895
188_75,s-3.238542,s1.789371,s171.920817
188_76,s3.528216,s-1.114311,s279.852836
188_77,s0.242373,s3.140662,s5.976925
188_78,s3.165618,s2.445171,s52.380332
188_79,s-0.594792,s3.44909,s335.074057
188_80,s3.790423,s0.674682,s47.746101
188_81,s3.28234,s-1.707701,s257.485009
188_82,s-2.233555,s3.615762,s262.616415
188_83,s0.962294,s3.830991,s316.530336
188_84,s2.507003,s-2.788806,s278.004905
188_85,s-1.071253,s-3.853883,s213.675847
188_86,s-3.63722,s1.100286,s47.100179
188_87,s-2.592469,s3.046162,s92.648657
188_88,s3.297121,s-2.264727,s247.847907
188_89,s2.287782,s-3.341939,s238.776418
188_90,s-3.659059,s-2.061865,s92.429683
188_91,s3.761597,s1.205359,s4.035417
188_92,s-1.722798,s4.048699,s270.930403
188_93,s-2.368359,s-3.40784,s194.435626
188_94,s-3.608204,s2.050211,s354.481168
188_95,s-3.883701,s0.72067,s101.858086
188_96,s3.619644,s2.321245,s334.872717
188_97,s0.790873,s4.429957,s119.390125
188_98,s4.403808,s-0.925459,s353.572996
188_99,s4.146049,s0.671029,s254.799508
188_100,s-3.794542,s0.20359,s127.573646
188_101,s2.949522,s3.059873,s1.870195
188_102,s-3.190818,s-2.807344,s111.860962
188_103,s2.166557,s-3.886969,s233.062158
188_104,s1.604399,s3.718656,s1.899259
188_105,s3.307595,s-3.268381,s335.698308
188_106,s1.645038,s-4.24221,s241.577831
188_107,s4.19738,s-1.622345,s189.096833
188_108,s-4.488406,s-1.00708,s1.903808
188_109,s0.427796,s-4.278667,s74.387053
188_110,s4.204913,s2.099693,s327.982217
188_111,s1.949102,s4.221789,s240.957166
188_112,s4.264544,s1.586241,s233.479404
188_113,s-3.941597,s2.467045,s41.203763
188_114,s-1.474721,s-4.251494,s169.124634
188_115,s-0.870357,s-4.771266,s224.063275
188_116,s-3.094592,s-3.403454,s117.049979
188_117,s-2.669466,s4.049253,s174.150919
188_118,s-4.303484,s1.315303,s150.479946
188_119,s3.889615,s-2.897136,s304.29164
188_120,s-0.686363,s4.244868,s329.015739
188_121,s3.567673,s3.059692,s37.142101
188_122,s-3.265704,s3.310239,s57.468548
188_123,s3.071674,s-3.817698,s180.849631
188_124,s-4.991423,s-0.76694,s173.28726
188_125,s4.950407,s1.748134,s203.595737
188_126,s-2.827687,s-3.816633,s187.991472
188_127,s-4.731013,s0.424278,s82.136033
188_128,s3.80096,s-3.400397,s196.751418
188_129,s-0.730063,s4.845308,s55.515236
188_130,s-4.804723,s1.710157,s173.023405
188_131,s-1.953759,s4.439068,s76.916739
188_132,s4.463056,s3.039923,s251.495715
188_133,s1.052164,s-4.169287,s217.990603
188_134,s3.250387,s3.864904,s309.106253
188_135,s-4.753671,s2.228253,s337.761822
188_136,s-4.496772,s-2.29816,s102.110863
188_137,s4.582708,s-2.238032,s286.887177
188_138,s-2.245938,s-4.411152,s190.317511
188_139,s1.624321,s-4.887134,s170.79628
188_140,s0.78701,s-4.887035,s73.310976
188_141,s-4.208089,s-3.139186,s328.354983
188_142,s2.380055,s4.847199,s182.968775
188_143,s1.030458,s-5.249824,s137.212473
188_144,s3.703032,s3.721566,s264.726646
188_145,s-3.22781,s3.948575,s40.495142
188_146,s-4.933281,s-1.795895,s129.347804
188_147,s-4.43477,s-3.580896,s36.097881
188_148,s2.755784,s4.172008,s301.866943
188_149,s2.920698,s4.894847,s254.557573
188_150,s-5.202169,s1.013626,s52.240126
188_151,s4.893457,s-0.253142,s187.408777
188_152,s-4.629107,s3.151407,s18.690016
188_153,s5.488161,s-0.826189,s12.311594
188_154,s1.752472,s4.736174,s23.668878
188_155,s5.827439,s0.513282,s153.853309
188_156,s2.710172,s-4.785913,s88.603284
188_157,s-2.56428,s-5.202352,s26.348536
188_158,s-1.042775,s-5.34931,s213.691996
188_159,s-3.166937,s-4.187244,s142.019122
188_160,s3.628548,s-4.066465,s159.940911
188_161,s4.44939,s-2.970762,s261.568419
188_162,s-5.595474,s1.706801,s38.906578
188_163,s0.403935,s4.983657,s166.130022
188_164,s-2.783357,s4.916851,s148.538952
188_165,s-1.758723,s4.840392,s25.965743
188_166,s4.307451,s-3.656277,s292.790329
188_167,s-2.07726,s-5.415255,s115.079698
188_168,s-2.332898,s5.145881,s65.540546
188_169,s-5.666775,s0.614542,s141.646719
188_170,s5.089695,s-1.287441,s278.405069
188_171,s-3.736901,s-4.304134,s34.038658
188_172,s1.861049,s-5.493314,s264.51283
188_173,s4.712948,s3.465635,s1.13724
188_174,s-3.330226,s-4.93073,s164.787718
188_175,s-5.379878,s-2.656485,s144.947809
188_176,s2.226302,s5.247245,s319.61247
188_177,s-5.397262,s-1.49317,s74.628507
188_178,s5.317946,s-2.88478,s255.258118
188_179,s0.711208,s5.75623,s141.057874
188_180,s-4.991286,s-3.419001,s142.741641
188_181,s-5.173891,s2.508655,s87.02009
188_182,s3.082158,s-5.030935,s219.96909
188_183,s5.641132,s1.113613,s129.019829
188_184,s3.705874,s-4.782154,s211.577087
188_185,s-4.056672,s3.639494,s54.672844
188_186,s-4.225248,s4.189245,s325.520093
188_187,s-0.822483,s5.438154,s27.061727
189_0,s0.0,s0.0,s61.458974
189_1,s-0.087797,s0.492231,s34.479228
189_2,s0.458878,s0.65531,s347.407842
189_3,s0.369948,s-0.2562,s301.022519
189_4,s-0.404414,s-0.294023,s128.840276
189_5,s0.834052,s-0.454816,s262.731028
189_6,s-0.184418,s-0.778454,s224.38473
189_7,s0.819507,s0.480529,s278.525991
189_8,s-0.836532,s0.331986,s27.229171
189_9,s0.973831,s-1.005809,s247.702628
189_10,s-1.028382,s-0.949964,s213.937165
189_11,s-1.046449,s-0.086287,s57.453197
189_12,s0.705015,s1.491795,s17.209855
189_13,s0.254261,s-1.529003,s197.311675
189_14,s-1.353793,s-0.645945,s76.43608
189_15,s-1.456944,s0.661298,s83.771924
189_16,s-0.740772,s1.361527,s111.270673
189_17,s0.97787,s1.001884,s297.463483
189_18,s-0.629273,s1.739688,s1.553225
189_19,s-1.680577,s-1.084278,s101.500223
189_20,s1.623048,s-0.778277,s209.278812
189_21,s-0.833751,s-1.817927,s218.161732
189_22,s-1.916349,s1.179028,s111.169023
189_23,s-1.280872,s1.536023,s66.434036
189_24,s1.613792,s1.638803,s55.371005
189_25,s1.522809,s0.289055,s216.067609
189_26,s0.468313,s2.404825,s40.113282
189_27,s0.69866,s-1.874,s299.844059
189_28,s-1.377234,s-1.650978,s85.32734
189_29,s2.021313,s0.732662,s236.361939
189_30,s-1.197927,s-2.137164,s183.096492
189_31,s-0.802746,s-2.577906,s217.550163
189_32,s0.922671,s-2.269621,s146.629322
189_33,s2.137907,s-0.848146,s297.113569
189_34,s-2.360949,s-0.431182,s73.976505
189_35,s1.488701,s-1.818315,s164.330764
189_36,s-1.012541,s2.285774,s29.456702
189_37,s-2.124458,s1.666337,s88.150672
189_38,s-1.519058,s2.292371,s101.756916
189_39,s2.016567,s1.30133,s0.723876
189_40,s1.10743,s2.296976,s15.110186
189_41,s2.490596,s1.042561,s288.869752
189_42,s-0.484167,s2.554522,s358.622905
189_43,s-2.90154,s0.762278,s3.688647
189_44,s2.109286,s-1.764486,s306.21191
189_45,s-1.886577,s-2.000832,s210.02924
189_46,s1.397116,s2.767321,s326.568391
189_47,s-2.577456,s-1.329181,s167.508644
189_48,s1.969621,s-2.196154,s152.980053
189_49,s2.056015,s2.184674,s24.162355
189_50,s2.829427,s0.341819,s327.874672
189_51,s1.213886,s-2.852452,s111.28805
189_52,s-2.549588,s2.015466,s27.523502
189_53,s2.389854,s1.729479,s318.209469
189_54,s0.298641,s-3.186034,s44.057785
189_55,s-3.148724,s-0.805009,s192.277539
189_56,s3.010275,s1.580584,s308.518319
189_57,s-0.499709,s-3.413618,s104.547263
189_58,s3.134362,s-1.032365,s16.735136
189_59,s-2.080893,s-2.561227,s185.765985
189_60,s2.525674,s-2.200789,s297.958236
189_61,s-2.572826,s-2.222739,s148.980963
189_62,s-3.701542,s-1.058815,s359.141366
189_63,s0.900721,s-3.330346,s173.154876
189_64,s-2.128665,s2.521663,s14.16456
189_65,s1.500152,s-3.162206,s195.526879
189_66,s0.129557,s-3.547635,s129.630534
189_67,s3.239573,s-0.260131,s248.031166
189_68,s-1.362891,s-3.005417,s132.628938
189_69,s-3.074889,s0.393776,s75.084519
189_70,s-3.274326,s-1.723017,s64.665195
189_71,s2.146335,s-2.827675,s150.297604
189_72,s-1.543913,s3.08526,s325.408847
189_73,s2.384008,s3.211932,s58.059383
189_74,s0.954197,s3.263358,s282.436895
189_75,s-3.238542,s1.789371,s171.920817
189_76,s3.528216,s-1.114311,s279.852836
189_77,s0.242373,s3.140662,s5.976925
189_78,s3.165618,s2.445171,s52.380332
189_79,s-0.594792,s3.44909,s335.074057
189_80,s3.790423,s0.674682,s47.746101
189_81,s3.28234,s-1.707701,s257.485009
189_82,s-2.233555,s3.615762,s262.616415
189_83,s0.962294,s3.830991,s316.530336
189_84,s2.507003,s-2.788806,s278.004905
189_85,s-1.071253,s-3.853883,s213.675847
189_86,s-3.63722,s1.100286,s47.100179
189_87,s-2.592469,s3.046162,s92.648657
189_88,s3.297121,s-2.264727,s247.847907
189_89,s2.287782,s-3.341939,s238.776418
189_90,s-3.659059,s-2.061865,s92.429683
189_91,s3.761597,s1.205359,s4.035417
189_92,s-1.722798,s4.048699,s270.930403
189_93,s-2.368359,s-3.40784,s194.435626
189_94,s-3.608204,s2.050211,s354.481168
189_95,s-3.883701,s0.72067,s101.858086
189_96,s3.619644,s2.321245,s334.872717
189_97,s0.790873,s4.429957,s119.390125
189_98,s4.403808,s-0.925459,s353.572996
189_99,s4.146049,s0.671029,s254.799508
189_100,s-3.794542,s0.20359,s127.573646
189_101,s2.949522,s3.059873,s1.870195
189_102,s-3.190818,s-2.807344,s111.860962
189_103,s2.166557,s-3.886969,s233.062158
189_104,s1.604399,s3.718656,s1.899259
189_105,s3.307595,s-3.268381,s335.698308
189_106,s1.645038,s-4.24221,s241.577831
189_107,s4.19738,s-1.622345,s189.096833
189_108,s-4.488406,s-1.00708,s1.903808
189_109,s0.427796,s-4.278667,s74.387053
189_110,s4.204913,s2.099693,s327.982217
189_111,s1.949102,s4.221789,s240.957166
189_112,s4.264544,s1.586241,s233.479404
189_113,s-3.941597,s2.467045,s41.203763
189_114,s-1.474721,s-4.251494,s169.124634
189_115,s-0.870357,s-4.771266,s224.063275
189_116,s-3.094592,s-3.403454,s117.049979
189_117,s-2.669466,s4.049253,s174.150919
189_118,s-4.303484,s1.315303,s150.479946
189_119,s3.889615,s-2.897136,s304.29164
189_120,s-0.686363,s4.244868,s329.015739
189_121,s3.567673,s3.059692,s37.142101
189_122,s-3.265704,s3.310239,s57.468548
189_123,s3.071674,s-3.817698,s180.849631
189_124,s-4.991423,s-0.76694,s173.28726
189_125,s4.950407,s1.748134,s203.595737
189_126,s-2.827687,s-3.816633,s187.991472
189_127,s-4.731013,s0.424278,s82.136033
189_128,s3.80096,s-3.400397,s196.751418
189_129,s-0.730063,s4.845308,s55.515236
189_130,s-4.804723,s1.710157,s173.023405
189_131,s-1.953759,s4.439068,s76.916739
189_132,s4.463056,s3.039923,s251.495715
189_133,s1.052164,s-4.169287,s217.990603
189_134,s3.250387,s3.864904,s309.106253
189_135,s-4.753671,s2.228253,s337.761822
189_136,s-4.496772,s-2.29816,s102.110863
189_137,s4.582708,s-2.238032,s286.887177
189_138,s-2.245938,s-4.411152,s190.317511
189_139,s1.624321,s-4.887134,s170.79628
189_140,s0.78701,s-4.887035,s73.310976
189_141,s-4.208089,s-3.139186,s328.354983
189_142,s2.380055,s4.847199,s182.968775
189_143,s1.030458,s-5.249824,s137.212473
189_144,s3.703032,s3.721566,s264.726646
189_145,s-3.22781,s3.948575,s40.495142
189_146,s-4.933281,s-1.795895,s129.347804
189_147,s-4.43477,s-3.580896,s36.097881
189_148,s2.755784,s4.172008,s301.866943
189_149,s2.920698,s4.894847,s254.557573
189_150,s-5.202169,s1.013626,s52.240126
189_151,s4.893457,s-0.253142,s187.408777
189_152,s-4.629107,s3.151407,s18.690016
189_153,s5.488161,s-0.826189,s12.311594
189_154,s1.752472,s4.736174,s23.668878
189_155,s5.827439,s0.513282,s153.853309
189_156,s2.710172,s-4.785913,s88.603284
189_157,s-2.56428,s-5.202352,s26.348536
189_158,s-1.042775,s-5.34931,s213.691996
189_159,s-3.166937,s-4.187244,s142.019122
189_160,s3.628548,s-4.066465,s159.940911
189_161,s4.44939,s-2.970762,s261.568419
189_162,s-5.595474,s1.706801,s38.906578
189_163,s0.403935,s4.983657,s166.130022
189_164,s-2.783357,s4.916851,s148.538952
189_165,s-1.758723,s4.840392,s25.965743
189_166,s4.307451,s-3.656277,s292.790329
189_167,s-2.07726,s-5.415255,s115.079698
189_168,s-2.332898,s5.145881,s65.540546
189_169,s-5.666775,s0.614542,s141.646719
189_170,s5.089695,s-1.287441,s278.405069
189_171,s-3.736901,s-4.304134,s34.038658
189_172,s1.861049,s-5.493314,s264.51283
189_173,s4.712948,s3.465635,s1.13724
189_174,s-3.330226,s-4.93073,s164.787718
189_175,s-5.379878,s-2.656485,s144.947809
189_176,s2.226302,s5.247245,s319.61247
189_177,s-5.397262,s-1.49317,s74.628507
189_178,s5.317946,s-2.88478,s255.258118
189_179,s0.711208,s5.75623,s141.057874
189_180,s-4.991286,s-3.419001,s142.741641
189_181,s-5.173891,s2.508655,s87.02009
189_182,s3.082158,s-5.030935,s219.96909
189_183,s5.641132,s1.113613,s129.019829
189_184,s3.705874,s-4.782154,s211.577087
189_185,s-4.056672,s3.639494,s54.672844
189_186,s-4.225248,s4.189245,s325.520093
189_187,s-0.822483,s5.438154,s27.061727
189_188,s4.727039,s2.284208,s289.666623
190_0,s0.0,s0.0,s61.458974
190_1,s-0.087797,s0.492231,s34.479228
190_2,s0.458878,s0.65531,s347.407842
190_3,s0.369948,s-0.2562,s301.022519
190_4,s-0.404414,s-0.294023,s128.840276
190_5,s0.834052,s-0.454816,s262.731028
190_6,s-0.184418,s-0.778454,s224.38473
190_7,s0.819507,s0.480529,s278.525991
190_8,s-0.836532,s0.331986,s27.229171
190_9,s0.973831,s-1.005809,s247.702628
190_10,s-1.028382,s-0.949964,s213.937165
190_11,s-1.046449,s-0.086287,s57.453197
190_12,s0.705015,s1.491795,s17.209855
190_13,s0.254261,s-1.529003,s197.311675
190_14,s-1.353793,s-0.645945,s76.43608
190_15,s-1.456944,s0.661298,s83.771924
190_16,s-0.740772,s1.361527,s111.270673
190_17,s0.97787,s1.001884,s297.463483
190_18,s-0.629273,s1.739688,s1.553225
190_19,s-1.680577,s-1.084278,s101.500223
190_20,s1.623048,s-0.778277,s209.278812
190_21,s-0.833751,s-1.817927,s218.161732
190_22,s-1.916349,s1.179028,s111.169023
190_23,s-1.280872,s1.536023,s66.434036
190_24,s1.613792,s1.638803,s55.371005
190_25,s1.522809,s0.289055,s216.067609
190_26,s0.468313,s2.404825,s40.113282
190_27,s0.69866,s-1.874,s299.844059
190_28,s-1.377234,s-1.650978,s85.32734
190_29,s2.021313,s0.732662,s236.361939
190_30,s-1.197927,s-2.137164,s183.096492
190_31,s-0.802746,s-2.577906,s217.550163
190_32,s0.922671,s-2.269621,s146.629322
190_33,s2.137907,s-0.848146,s297.113569
190_34,s-2.360949,s-0.431182,s73.976505
190_35,s1.488701,s-1.818315,s164.330764
190_36,s-1.012541,s2.285774,s29.456702
190_37,s-2.124458,s1.666337,s88.150672
190_38,s-1.519058,s2.292371,s101.756916
190_39,s2.016567,s1.30133,s0.723876
190_40,s1.10743,s2.296976,s15.110186
190_41,s2.490596,s1.042561,s288.869752
190_42,s-0.484167,s2.554522,s358.622905
190_43,s-2.90154,s0.762278,s3.688647
190_44,s2.109286,s-1.764486,s306.21191
190_45,s-1.886577,s-2.000832,s210.02924
190_46,s1.397116,s2.767321,s326.568391
190_47,s-2.577456,s-1.329181,s167.508644
190_48,s1.969621,s-2.196154,s152.980053
190_49,s2.056015,s2.184674,s24.162355
190_50,s2.829427,s0.341819,s327.874672
190_51,s1.213886,s-2.852452,s111.28805
190_52,s-2.549588,s2.015466,s27.523502
190_53,s2.389854,s1.729479,s318.209469
190_54,s0.298641,s-3.186034,s44.057785
190_55,s-3.148724,s-0.805009,s192.277539
190_56,s3.010275,s1.580584,s308.518319
190_57,s-0.499709,s-3.413618,s104.547263
190_58,s3.134362,s-1.032365,s16.735136
190_59,s-2.080893,s-2.561227,s185.765985
190_60,s2.525674,s-2.200789,s297.958236
190_61,s-2.572826,s-2.222739,s148.980963
190_62,s-3.701542,s-1.058815,s359.141366
190_63,s0.900721,s-3.330346,s173.154876
190_64,s-2.128665,s2.521663,s14.16456
190_65,s1.500152,s-3.162206,s195.526879
190_66,s0.129557,s-3.547635,s129.630534
190_67,s3.239573,s-0.260131,s248.031166
190_68,s-1.362891,s-3.005417,s132.628938
190_69,s-3.074889,s0.393776,s75.084519
190_70,s-3.274326,s-1.723017,s64.665195
190_71,s2.146335,s-2.827675,s150.297604
190_72,s-1.543913,s3.08526,s325.408847
190_73,s2.384008,s3.211932,s58.059383
190_74,s0.954197,s3.263358,s282.436895
190_75,s-3.238542,s1.789371,s171.920817
190_76,s3.528216,s-1.114311,s279.852836
190_77,s0.242373,s3.140662,s5.976925
190_78,s3.165618,s2.445171,s52.380332
190_79,s-0.594792,s3.44909,s335.074057
190_80,s3.790423,s0.674682,s47.746101
190_81,s3.28234,s-1.707701,s257.485009
190_82,s-2.233555,s3.615762,s262.616415
190_83,s0.962294,s3.830991,s316.530336
190_84,s2.507003,s-2.788806,s278.004905
190_85,s-1.071253,s-3.853883,s213.675847
190_86,s-3.63722,s1.100286,s47.100179
190_87,s-2.592469,s3.046162,s92.648657
190_88,s3.297121,s-2.264727,s247.847907
190_89,s2.287782,s-3.341939,s238.776418
190_90,s-3.659059,s-2.061865,s92.429683
190_91,s3.761597,s1.205359,s4.035417
190_92,s-1.722798,s4.048699,s270.930403
190_93,s-2.368359,s-3.40784,s194.435626
190_94,s-3.608204,s2.050211,s354.481168
190_95,s-3.883701,s0.72067,s101.858086
190_96,s3.619644,s2.321245,s334.872717
190_97,s0.790873,s4.429957,s119.390125
190_98,s4.403808,s-0.925459,s353.572996
190_99,s4.146049,s0.671029,s254.799508
190_100,s-3.794542,s0.20359,s127.573646
190_101,s2.949522,s3.059873,s1.870195
190_102,s-3.190818,s-2.807344,s111.860962
190_103,s2.166557,s-3.886969,s233.062158
190_104,s1.604399,s3.718656,s1.899259
190_105,s3.307595,s-3.268381,s335.698308
190_106,s1.645038,s-4.24221,s241.577831
190_107,s4.19738,s-1.622345,s189.096833
190_108,s-4.488406,s-1.00708,s1.903808
190_109,s0.427796,s-4.278667,s74.387053
190_110,s4.204913,s2.099693,s327.982217
190_111,s1.949102,s4.221789,s240.957166
190_112,s4.264544,s1.586241,s233.479404
190_113,s-3.941597,s2.467045,s41.203763
190_114,s-1.474721,s-4.251494,s169.124634
190_115,s-0.870357,s-4.771266,s224.063275
190_116,s-3.094592,s-3.403454,s117.049979
190_117,s-2.669466,s4.049253,s174.150919
190_118,s-4.303484,s1.315303,s150.479946
190_119,s3.889615,s-2.897136,s304.29164
190_120,s-0.686363,s4.244868,s329.015739
190_121,s3.567673,s3.059692,s37.142101
190_122,s-3.265704,s3.310239,s57.468548
190_123,s3.071674,s-3.817698,s180.849631
190_124,s-4.991423,s-0.76694,s173.28726
190_125,s4.950407,s1.748134,s203.595737
190_126,s-2.827687,s-3.816633,s187.991472
190_127,s-4.731013,s0.424278,s82.136033
190_128,s3.80096,s-3.400397,s196.751418
190_129,s-0.730063,s4.845308,s55.515236
190_130,s-4.804723,s1.710157,s173.023405
190_131,s-1.953759,s4.439068,s76.916739
190_132,s4.463056,s3.039923,s251.495715
190_133,s1.052164,s-4.169287,s217.990603
190_134,s3.250387,s3.864904,s309.106253
190_135,s-4.753671,s2.228253,s337.761822
190_136,s-4.496772,s-2.29816,s102.110863
190_137,s4.582708,s-2.238032,s286.887177
190_138,s-2.245938,s-4.411152,s190.317511
190_139,s1.624321,s-4.887134,s170.79628
190_140,s0.78701,s-4.887035,s73.310976
190_141,s-4.208089,s-3.139186,s328.354983
190_142,s2.380055,s4.847199,s182.968775
190_143,s1.030458,s-5.249824,s137.212473
190_144,s3.703032,s3.721566,s264.726646
190_145,s-3.22781,s3.948575,s40.495142
190_146,s-4.933281,s-1.795895,s129.347804
190_147,s-4.43477,s-3.580896,s36.097881
190_148,s2.755784,s4.172008,s301.866943
190_149,s2.920698,s4.894847,s254.557573
190_150,s-5.202169,s1.013626,s52.240126
190_151,s4.893457,s-0.253142,s187.408777
190_152,s-4.629107,s3.151407,s18.690016
190_153,s5.488161,s-0.826189,s12.311594
190_154,s1.752472,s4.736174,s23.668878
190_155,s5.827439,s0.513282,s153.853309
190_156,s2.710172,s-4.785913,s88.603284
190_157,s-2.56428,s-5.202352,s26.348536
190_158,s-1.042775,s-5.34931,s213.691996
190_159,s-3.166937,s-4.187244,s142.019122
190_160,s3.628548,s-4.066465,s159.940911
190_161,s4.44939,s-2.970762,s261.568419
190_162,s-5.595474,s1.706801,s38.906578
190_163,s0.403935,s4.983657,s166.130022
190_164,s-2.783357,s4.916851,s148.538952
190_165,s-1.758723,s4.840392,s25.965743
190_166,s4.307451,s-3.656277,s292.790329
190_167,s-2.07726,s-5.415255,s115.079698
190_168,s-2.332898,s5.145881,s65.540546
190_169,s-5.666775,s0.614542,s141.646719
190_170,s5.089695,s-1.287441,s278.405069
190_171,s-3.736901,s-4.304134,s34.038658
190_172,s1.861049,s-5.493314,s264.51283
190_173,s4.712948,s3.465635,s1.13724
190_174,s-3.330226,s-4.93073,s164.787718
190_175,s-5.379878,s-2.656485,s144.947809
190_176,s2.226302,s5.247245,s319.61247
190_177,s-5.397262,s-1.49317,s74.628507
190_178,s5.317946,s-2.88478,s255.258118
190_179,s0.711208,s5.75623,s141.057874
190_180,s-4.991286,s-3.419001,s142.741641
190_181,s-5.173891,s2.508655,s87.02009
190_182,s3.082158,s-5.030935,s219.96909
190_183,s5.641132,s1.113613,s129.019829
190_184,s3.705874,s-4.782154,s211.577087
190_185,s-4.056672,s3.639494,s54.672844
190_186,s-4.225248,s4.189245,s325.520093
190_187,s-0.822483,s5.438154,s27.061727
190_188,s4.727039,s2.284208,s289.666623
190_189,s5.675168,s2.096418,s145.697392
191_0,s0.0,s0.0,s61.458974
191_1,s-0.087797,s0.492231,s34.479228
191_2,s0.458878,s0.65531,s347.407842
191_3,s0.369948,s-0.2562,s301.022519
191_4,s-0.404414,s-0.294023,s128.840276
191_5,s0.834052,s-0.454816,s262.731028
191_6,s-0.184418,s-0.778454,s224.38473
191_7,s0.819507,s0.480529,s278.525991
191_8,s-0.836532,s0.331986,s27.229171
191_9,s0.973831,s-1.005809,s247.702628
191_10,s-1.028382,s-0.949964,s213.937165
191_11,s-1.046449,s-0.086287,s57.453197
191_12,s0.705015,s1.491795,s17.209855
191_13,s0.254261,s-1.529003,s197.311675
191_14,s-1.353793,s-0.645945,s76.43608
191_15,s-1.456944,s0.661298,s83.771924
191_16,s-0.740772,s1.361527,s111.270673
191_17,s0.97787,s1.001884,s297.463483
191_18,s-0.629273,s1.739688,s1.553225
191_19,s-1.680577,s-1.084278,s101.500223
191_20,s1.623048,s-0.778277,s209.278812
191_21,s-0.833751,s-1.817927,s218.161732
191_22,s-1.916349,s1.179028,s111.169023
191_23,s-1.280872,s1.536023,s66.434036
191_24,s1.613792,s1.638803,s55.371005
191_25,s1.522809,s0.289055,s216.067609
191_26,s0.468313,s2.404825,s40.113282
191_27,s0.69866,s-1.874,s299.844059
191_28,s-1.377234,s-1.650978,s85.32734
191_29,s2.021313,s0.732662,s236.361939
191_30,s-1.197927,s-2.137164,s183.096492
191_31,s-0.802746,s-2.577906,s217.550163
191_32,s0.922671,s-2.269621,s146.629322
191_33,s2.137907,s-0.848146,s297.113569
191_34,s-2.360949,s-0.431182,s73.976505
191_35,s1.488701,s-1.818315,s164.330764
191_36,s-1.012541,s2.285774,s29.456702
191_37,s-2.124458,s1.666337,s88.150672
191_38,s-1.519058,s2.292371,s101.756916
191_39,s2.016567,s1.30133,s0.723876
191_40,s1.10743,s2.296976,s15.110186
191_41,s2.490596,s1.042561,s288.869752
191_42,s-0.484167,s2.554522,s358.622905
191_43,s-2.90154,s0.762278,s3.688647
191_44,s2.109286,s-1.764486,s306.21191
191_45,s-1.886577,s-2.000832,s210.02924
191_46,s1.397116,s2.767321,s326.568391
191_47,s-2.577456,s-1.329181,s167.508644
191_48,s1.969621,s-2.196154,s152.980053
191_49,s2.056015,s2.184674,s24.162355
191_50,s2.829427,s0.341819,s327.874672
191_51,s1.213886,s-2.852452,s111.28805
191_52,s-2.549588,s2.015466,s27.523502
191_53,s2.389854,s1.729479,s318.209469
191_54,s0.298641,s-3.186034,s44.057785
191_55,s-3.148724,s-0.805009,s192.277539
191_56,s3.010275,s1.580584,s308.518319
191_57,s-0.499709,s-3.413618,s104.547263
191_58,s3.134362,s-1.032365,s16.735136
191_59,s-2.080893,s-2.561227,s185.765985
191_60,s2.525674,s-2.200789,s297.958236
191_61,s-2.572826,s-2.222739,s148.980963
191_62,s-3.701542,s-1.058815,s359.141366
191_63,s0.900721,s-3.330346,s173.154876
191_64,s-2.128665,s2.521663,s14.16456
191_65,s1.500152,s-3.162206,s195.526879
191_66,s0.129557,s-3.547635,s129.630534
191_67,s3.239573,s-0.260131,s248.031166
191_68,s-1.362891,s-3.005417,s132.628938
191_69,s-3.074889,s0.393776,s75.084519
191_70,s-3.274326,s-1.723017,s64.665195
191_71,s2.146335,s-2.827675,s150.297604
191_72,s-1.543913,s3.08526,s325.408847
191_73,s2.384008,s3.211932,s58.059383
191_74,s0.954197,s3.263358,s282.436895
191_75,s-3.238542,s1.789371,s171.920817
191_76,s3.528216,s-1.114311,s279.852836
191_77,s0.242373,s3.140662,s5.976925
191_78,s3.165618,s2.445171,s52.380332
191_79,s-0.594792,s3.44909,s335.074057
191_80,s3.790423,s0.674682,s47.746101
191_81,s3.28234,s-1.707701,s257.485009
191_82,s-2.233555,s3.615762,s262.616415
191_83,s0.962294,s3.830991,s316.530336
191_84,s2.507003,s-2.788806,s278.004905
191_85,s-1.071253,s-3.853883,s213.675847
191_86,s-3.63722,s1.100286,s47.100179
191_87,s-2.592469,s3.046162,s92.648657
191_88,s3.297121,s-2.264727,s247.847907
191_89,s2.287782,s-3.341939,s238.776418
191_90,s-3.659059,s-2.061865,s92.429683
191_91,s3.761597,s1.205359,s4.035417
191_92,s-1.722798,s4.048699,s270.930403
191_93,s-2.368359,s-3.40784,s194.435626
191_94,s-3.608204,s2.050211,s354.481168
191_95,s-3.883701,s0.72067,s101.858086
191_96,s3.619644,s2.321245,s334.872717
191_97,s0.790873,s4.429957,s119.390125
191_98,s4.403808,s-0.925459,s353.572996
191_99,s4.146049,s0.671029,s254.799508
191_100,s-3.794542,s0.20359,s127.573646
191_101,s2.949522,s3.059873,s1.870195
191_102,s-3.190818,s-2.807344,s111.860962
191_103,s2.166557,s-3.886969,s233.062158
191_104,s1.604399,s3.718656,s1.899259
191_105,s3.307595,s-3.268381,s335.698308
191_106,s1.645038,s-4.24221,s241.577831
191_107,s4.19738,s-1.622345,s189.096833
191_108,s-4.488406,s-1.00708,s1.903808
191_109,s0.427796,s-4.278667,s74.387053
191_110,s4.204913,s2.099693,s327.982217
191_111,s1.949102,s4.221789,s240.957166
191_112,s4.264544,s1.586241,s233.479404
191_113,s-3.941597,s2.467045,s41.203763
191_114,s-1.474721,s-4.251494,s169.124634
191_115,s-0.870357,s-4.771266,s224.063275
191_116,s-3.094592,s-3.403454,s117.049979
191_117,s-2.669466,s4.049253,s174.150919
191_118,s-4.303484,s1.315303,s150.479946
191_119,s3.889615,s-2.897136,s304.29164
191_120,s-0.686363,s4.244868,s329.015739
191_121,s3.567673,s3.059692,s37.142101
191_122,s-3.265704,s3.310239,s57.468548
191_123,s3.071674,s-3.817698,s180.849631
191_124,s-4.991423,s-0.76694,s173.28726
191_125,s4.950407,s1.748134,s203.595737
191_126,s-2.827687,s-3.816633,s187.991472
191_127,s-4.731013,s0.424278,s82.136033
191_128,s3.80096,s-3.400397,s196.751418
191_129,s-0.730063,s4.845308,s55.515236
191_130,s-4.804723,s1.710157,s173.023405
191_131,s-1.953759,s4.439068,s76.916739
191_132,s4.463056,s3.039923,s251.495715
191_133,s1.052164,s-4.169287,s217.990603
191_134,s3.250387,s3.864904,s309.106253
191_135,s-4.753671,s2.228253,s337.761822
191_136,s-4.496772,s-2.29816,s102.110863
191_137,s4.582708,s-2.238032,s286.887177
191_138,s-2.245938,s-4.411152,s190.317511
191_139,s1.624321,s-4.887134,s170.79628
191_140,s0.78701,s-4.887035,s73.310976
191_141,s-4.208089,s-3.139186,s328.354983
191_142,s2.380055,s4.847199,s182.968775
191_143,s1.030458,s-5.249824,s137.212473
191_144,s3.703032,s3.721566,s264.726646
191_145,s-3.22781,s3.948575,s40.495142
191_146,s-4.933281,s-1.795895,s129.347804
191_147,s-4.43477,s-3.580896,s36.097881
191_148,s2.755784,s4.172008,s301.866943
191_149,s2.920698,s4.894847,s254.557573
191_150,s-5.202169,s1.013626,s52.240126
191_151,s4.893457,s-0.253142,s187.408777
191_152,s-4.629107,s3.151407,s18.690016
191_153,s5.488161,s-0.826189,s12.311594
191_154,s1.752472,s4.736174,s23.668878
191_155,s5.827439,s0.513282,s153.853309
191_156,s2.710172,s-4.785913,s88.603284
191_157,s-2.56428,s-5.202352,s26.348536
191_158,s-1.042775,s-5.34931,s213.691996
191_159,s-3.166937,s-4.187244,s142.019122
191_160,s3.628548,s-4.066465,s159.940911
191_161,s4.44939,s-2.970762,s261.568419
191_162,s-5.595474,s1.706801,s38.906578
191_163,s0.403935,s4.983657,s166.130022
191_164,s-2.783357,s4.916851,s148.538952
191_165,s-1.758723,s4.840392,s25.965743
191_166,s4.307451,s-3.656277,s292.790329
191_167,s-2.07726,s-5.415255,s115.079698
191_168,s-2.332898,s5.145881,s65.540546
191_169,s-5.666775,s0.614542,s141.646719
191_170,s5.089695,s-1.287441,s278.405069
191_171,s-3.736901,s-4.304134,s34.038658
191_172,s1.861049,s-5.493314,s264.51283
191_173,s4.712948,s3.465635,s1.13724
191_174,s-3.330226,s-4.93073,s164.787718
191_175,s-5.379878,s-2.656485,s144.947809
191_176,s2.226302,s5.247245,s319.61247
191_177,s-5.397262,s-1.49317,s74.628507
191_178,s5.317946,s-2.88478,s255.258118
191_179,s0.711208,s5.75623,s141.057874
191_180,s-4.991286,s-3.419001,s142.741641
191_181,s-5.173891,s2.508655,s87.02009
191_182,s3.082158,s-5.030935,s219.96909
191_183,s5.641132,s1.113613,s129.019829
191_184,s3.705874,s-4.782154,s211.577087
191_185,s-4.056672,s3.639494,s54.672844
191_186,s-4.225248,s4.189245,s325.520093
191_187,s-0.822483,s5.438154,s27.061727
191_188,s4.727039,s2.284208,s289.666623
191_189,s5.675168,s2.096418,s145.697392
191_190,s-4.509858,s-3.957421,s177.131124
192_0,s0.0,s0.0,s61.458974
192_1,s-0.087797,s0.492231,s34.479228
192_2,s0.458878,s0.65531,s347.407842
192_3,s0.369948,s-0.2562,s301.022519
192_4,s-0.404414,s-0.294023,s128.840276
192_5,s0.834052,s-0.454816,s262.731028
192_6,s-0.184418,s-0.778454,s224.38473
192_7,s0.819507,s0.480529,s278.525991
192_8,s-0.836532,s0.331986,s27.229171
192_9,s0.973831,s-1.005809,s247.702628
192_10,s-1.028382,s-0.949964,s213.937165
192_11,s-1.046449,s-0.086287,s57.453197
192_12,s0.705015,s1.491795,s17.209855
192_13,s0.254261,s-1.529003,s197.311675
192_14,s-1.353793,s-0.645945,s76.43608
192_15,s-1.456944,s0.661298,s83.771924
192_16,s-0.740772,s1.361527,s111.270673
192_17,s0.97787,s1.001884,s297.463483
192_18,s-0.629273,s1.739688,s1.553225
192_19,s-1.680577,s-1.084278,s101.500223
192_20,s1.623048,s-0.778277,s209.278812
192_21,s-0.833751,s-1.817927,s218.161732
192_22,s-1.916349,s1.179028,s111.169023
192_23,s-1.280872,s1.536023,s66.434036
192_24,s1.613792,s1.638803,s55.371005
192_25,s1.522809,s0.289055,s216.067609
192_26,s0.468313,s2.404825,s40.113282
192_27,s0.69866,s-1.874,s299.844059
192_28,s-1.377234,s-1.650978,s85.32734
192_29,s2.021313,s0.732662,s236.361939
192_30,s-1.197927,s-2.137164,s183.096492
192_31,s-0.802746,s-2.577906,s217.550163
192_32,s0.922671,s-2.269621,s146.629322
192_33,s2.137907,s-0.848146,s297.113569
192_34,s-2.360949,s-0.431182,s73.976505
192_35,s1.488701,s-1.818315,s164.330764
192_36,s-1.012541,s2.285774,s29.456702
192_37,s-2.124458,s1.666337,s88.150672
192_38,s-1.519058,s2.292371,s101.756916
192_39,s2.016567,s1.30133,s0.723876
192_40,s1.10743,s2.296976,s15.110186
192_41,s2.490596,s1.042561,s288.869752
192_42,s-0.484167,s2.554522,s358.622905
192_43,s-2.90154,s0.762278,s3.688647
192_44,s2.109286,s-1.764486,s306.21191
192_45,s-1.886577,s-2.000832,s210.02924
192_46,s1.397116,s2.767321,s326.568391
192_47,s-2.577456,s-1.329181,s167.508644
192_48,s1.969621,s-2.196154,s152.980053
192_49,s2.056015,s2.184674,s24.162355
192_50,s2.829427,s0.341819,s327.874672
192_51,s1.213886,s-2.852452,s111.28805
192_52,s-2.549588,s2.015466,s27.523502
192_53,s2.389854,s1.729479,s318.209469
192_54,s0.298641,s-3.186034,s44.057785
192_55,s-3.148724,s-0.805009,s192.277539
192_56,s3.010275,s1.580584,s308.518319
192_57,s-0.499709,s-3.413618,s104.547263
192_58,s3.134362,s-1.032365,s16.735136
192_59,s-2.080893,s-2.561227,s185.765985
192_60,s2.525674,s-2.200789,s297.958236
192_61,s-2.572826,s-2.222739,s148.980963
192_62,s-3.701542,s-1.058815,s359.141366
192_63,s0.900721,s-3.330346,s173.154876
192_64,s-2.128665,s2.521663,s14.16456
192_65,s1.500152,s-3.162206,s195.526879
192_66,s0.129557,s-3.547635,s129.630534
192_67,s3.239573,s-0.260131,s248.031166
192_68,s-1.362891,s-3.005417,s132.628938
192_69,s-3.074889,s0.393776,s75.084519
192_70,s-3.274326,s-1.723017,s64.665195
192_71,s2.146335,s-2.827675,s150.297604
192_72,s-1.543913,s3.08526,s325.408847
192_73,s2.384008,s3.211932,s58.059383
192_74,s0.954197,s3.263358,s282.436895
192_75,s-3.238542,s1.789371,s171.920817
192_76,s3.528216,s-1.114311,s279.852836
192_77,s0.242373,s3.140662,s5.976925
192_78,s3.165618,s2.445171,s52.380332
192_79,s-0.594792,s3.44909,s335.074057
192_80,s3.790423,s0.674682,s47.746101
192_81,s3.28234,s-1.707701,s257.485009
192_82,s-2.233555,s3.615762,s262.616415
192_83,s0.962294,s3.830991,s316.530336
192_84,s2.507003,s-2.788806,s278.004905
192_85,s-1.071253,s-3.853883,s213.675847
192_86,s-3.63722,s1.100286,s47.100179
192_87,s-2.592469,s3.046162,s92.648657
192_88,s3.297121,s-2.264727,s247.847907
192_89,s2.287782,s-3.341939,s238.776418
192_90,s-3.659059,s-2.061865,s92.429683
192_91,s3.761597,s1.205359,s4.035417
192_92,s-1.722798,s4.048699,s270.930403
192_93,s-2.368359,s-3.40784,s194.435626
192_94,s-3.608204,s2.050211,s354.481168
192_95,s-3.883701,s0.72067,s101.858086
192_96,s3.619644,s2.321245,s334.872717
192_97,s0.790873,s4.429957,s119.390125
192_98,s4.403808,s-0.925459,s353.572996
192_99,s4.146049,s0.671029,s254.799508
192_100,s-3.794542,s0.20359,s127.573646
192_101,s2.949522,s3.059873,s1.870195
192_102,s-3.190818,s-2.807344,s111.860962
192_103,s2.166557,s-3.886969,s233.062158
192_104,s1.604399,s3.718656,s1.899259
192_105,s3.307595,s-3.268381,s335.698308
192_106,s1.645038,s-4.24221,s241.577831
192_107,s4.19738,s-1.622345,s189.096833
192_108,s-4.488406,s-1.00708,s1.903808
192_109,s0.427796,s-4.278667,s74.387053
192_110,s4.204913,s2.099693,s327.982217
192_111,s1.949102,s4.221789,s240.957166
192_112,s4.264544,s1.586241,s233.479404
192_113,s-3.941597,s2.467045,s41.203763
192_114,s-1.474721,s-4.251494,s169.124634
192_115,s-0.870357,s-4.771266,s224.063275
192_116,s-3.094592,s-3.403454,s117.049979
192_117,s-2.669466,s4.049253,s174.150919
192_118,s-4.303484,s1.315303,s150.479946
192_119,s3.889615,s-2.897136,s304.29164
192_120,s-0.686363,s4.244868,s329.015739
192_121,s3.567673,s3.059692,s37.142101
192_122,s-3.265704,s3.310239,s57.468548
192_123,s3.071674,s-3.817698,s180.849631
192_124,s-4.991423,s-0.76694,s173.28726
192_125,s4.950407,s1.748134,s203.595737
192_126,s-2.827687,s-3.816633,s187.991472
192_127,s-4.731013,s0.424278,s82.136033
192_128,s3.80096,s-3.400397,s196.751418
192_129,s-0.730063,s4.845308,s55.515236
192_130,s-4.804723,s1.710157,s173.023405
192_131,s-1.953759,s4.439068,s76.916739
192_132,s4.463056,s3.039923,s251.495715
192_133,s1.052164,s-4.169287,s217.990603
192_134,s3.250387,s3.864904,s309.106253
192_135,s-4.753671,s2.228253,s337.761822
192_136,s-4.496772,s-2.29816,s102.110863
192_137,s4.582708,s-2.238032,s286.887177
192_138,s-2.245938,s-4.411152,s190.317511
192_139,s1.624321,s-4.887134,s170.79628
192_140,s0.78701,s-4.887035,s73.310976
192_141,s-4.208089,s-3.139186,s328.354983
192_142,s2.380055,s4.847199,s182.968775
192_143,s1.030458,s-5.249824,s137.212473
192_144,s3.703032,s3.721566,s264.726646
192_145,s-3.22781,s3.948575,s40.495142
192_146,s-4.933281,s-1.795895,s129.347804
192_147,s-4.43477,s-3.580896,s36.097881
192_148,s2.755784,s4.172008,s301.866943
192_149,s2.920698,s4.894847,s254.557573
192_150,s-5.202169,s1.013626,s52.240126
192_151,s4.893457,s-0.253142,s187.408777
192_152,s-4.629107,s3.151407,s18.690016
192_153,s5.488161,s-0.826189,s12.311594
192_154,s1.752472,s4.736174,s23.668878
192_155,s5.827439,s0.513282,s153.853309
192_156,s2.710172,s-4.785913,s88.603284
192_157,s-2.56428,s-5.202352,s26.348536
192_158,s-1.042775,s-5.34931,s213.691996
192_159,s-3.166937,s-4.187244,s142.019122
192_160,s3.628548,s-4.066465,s159.940911
192_161,s4.44939,s-2.970762,s261.568419
192_162,s-5.595474,s1.706801,s38.906578
192_163,s0.403935,s4.983657,s166.130022
192_164,s-2.783357,s4.916851,s148.538952
192_165,s-1.758723,s4.840392,s25.965743
192_166,s4.307451,s-3.656277,s292.790329
192_167,s-2.07726,s-5.415255,s115.079698
192_168,s-2.332898,s5.145881,s65.540546
192_169,s-5.666775,s0.614542,s141.646719
192_170,s5.089695,s-1.287441,s278.405069
192_171,s-3.736901,s-4.304134,s34.038658
192_172,s1.861049,s-5.493314,s264.51283
192_173,s4.712948,s3.465635,s1.13724
192_174,s-3.330226,s-4.93073,s164.787718
192_175,s-5.379878,s-2.656485,s144.947809
192_176,s2.226302,s5.247245,s319.61247
192_177,s-5.397262,s-1.49317,s74.628507
192_178,s5.317946,s-2.88478,s255.258118
192_179,s0.711208,s5.75623,s141.057874
192_180,s-4.991286,s-3.419001,s142.741641
192_181,s-5.173891,s2.508655,s87.02009
192_182,s3.082158,s-5.030935,s219.96909
192_183,s5.641132,s1.113613,s129.019829
192_184,s3.705874,s-4.782154,s211.577087
192_185,s-4.056672,s3.639494,s54.672844
192_186,s-4.225248,s4.189245,s325.520093
192_187,s-0.822483,s5.438154,s27.061727
192_188,s4.727039,s2.284208,s289.666623
192_189,s5.675168,s2.096418,s145.697392
192_190,s-4.509858,s-3.957421,s177.131124
192_191,s5.963317,s1.284076,s245.630493
193_0,s0.0,s0.0,s61.458974
193_1,s-0.087797,s0.492231,s34.479228
193_2,s0.458878,s0.65531,s347.407842
193_3,s0.369948,s-0.2562,s301.022519
193_4,s-0.404414,s-0.294023,s128.840276
193_5,s0.834052,s-0.454816,s262.731028
193_6,s-0.184418,s-0.778454,s224.38473
193_7,s0.819507,s0.480529,s278.525991
193_8,s-0.836532,s0.331986,s27.229171
193_9,s0.973831,s-1.005809,s247.702628
193_10,s-1.028382,s-0.949964,s213.937165
193_11,s-1.046449,s-0.086287,s57.453197
193_12,s0.705015,s1.491795,s17.209855
193_13,s0.254261,s-1.529003,s197.311675
193_14,s-1.353793,s-0.645945,s76.43608
193_15,s-1.456944,s0.661298,s83.771924
193_16,s-0.740772,s1.361527,s111.270673
193_17,s0.97787,s1.001884,s297.463483
193_18,s-0.629273,s1.739688,s1.553225
193_19,s-1.680577,s-1.084278,s101.500223
193_20,s1.623048,s-0.778277,s209.278812
193_21,s-0.833751,s-1.817927,s218.161732
193_22,s-1.916349,s1.179028,s111.169023
193_23,s-1.280872,s1.536023,s66.434036
193_24,s1.613792,s1.638803,s55.371005
193_25,s1.522809,s0.289055,s216.067609
193_26,s0.468313,s2.404825,s40.113282
193_27,s0.69866,s-1.874,s299.844059
193_28,s-1.377234,s-1.650978,s85.32734
193_29,s2.021313,s0.732662,s236.361939
193_30,s-1.197927,s-2.137164,s183.096492
193_31,s-0.802746,s-2.577906,s217.550163
193_32,s0.922671,s-2.269621,s146.629322
193_33,s2.137907,s-0.848146,s297.113569
193_34,s-2.360949,s-0.431182,s73.976505
193_35,s1.488701,s-1.818315,s164.330764
193_36,s-1.012541,s2.285774,s29.456702
193_37,s-2.124458,s1.666337,s88.150672
193_38,s-1.519058,s2.292371,s101.756916
193_39,s2.016567,s1.30133,s0.723876
193_40,s1.10743,s2.296976,s15.110186
193_41,s2.490596,s1.042561,s288.869752
193_42,s-0.484167,s2.554522,s358.622905
193_43,s-2.90154,s0.762278,s3.688647
193_44,s2.109286,s-1.764486,s306.21191
193_45,s-1.886577,s-2.000832,s210.02924
193_46,s1.397116,s2.767321,s326.568391
193_47,s-2.577456,s-1.329181,s167.508644
193_48,s1.969621,s-2.196154,s152.980053
193_49,s2.056015,s2.184674,s24.162355
193_50,s2.829427,s0.341819,s327.874672
193_51,s1.213886,s-2.852452,s111.28805
193_52,s-2.549588,s2.015466,s27.523502
193_53,s2.389854,s1.729479,s318.209469
193_54,s0.298641,s-3.186034,s44.057785
193_55,s-3.148724,s-0.805009,s192.277539
193_56,s3.010275,s1.580584,s308.518319
193_57,s-0.499709,s-3.413618,s104.547263
193_58,s3.134362,s-1.032365,s16.735136
193_59,s-2.080893,s-2.561227,s185.765985
193_60,s2.525674,s-2.200789,s297.958236
193_61,s-2.572826,s-2.222739,s148.980963
193_62,s-3.701542,s-1.058815,s359.141366
193_63,s0.900721,s-3.330346,s173.154876
193_64,s-2.128665,s2.521663,s14.16456
193_65,s1.500152,s-3.162206,s195.526879
193_66,s0.129557,s-3.547635,s129.630534
193_67,s3.239573,s-0.260131,s248.031166
193_68,s-1.362891,s-3.005417,s132.628938
193_69,s-3.074889,s0.393776,s75.084519
193_70,s-3.274326,s-1.723017,s64.665195
193_71,s2.146335,s-2.827675,s150.297604
193_72,s-1.543913,s3.08526,s325.408847
193_73,s2.384008,s3.211932,s58.059383
193_74,s0.954197,s3.263358,s282.436895
193_75,s-3.238542,s1.789371,s171.920817
193_76,s3.528216,s-1.114311,s279.852836
193_77,s0.242373,s3.140662,s5.976925
193_78,s3.165618,s2.445171,s52.380332
193_79,s-0.594792,s3.44909,s335.074057
193_80,s3.790423,s0.674682,s47.746101
193_81,s3.28234,s-1.707701,s257.485009
193_82,s-2.233555,s3.615762,s262.616415
193_83,s0.962294,s3.830991,s316.530336
193_84,s2.507003,s-2.788806,s278.004905
193_85,s-1.071253,s-3.853883,s213.675847
193_86,s-3.63722,s1.100286,s47.100179
193_87,s-2.592469,s3.046162,s92.648657
193_88,s3.297121,s-2.264727,s247.847907
193_89,s2.287782,s-3.341939,s238.776418
193_90,s-3.659059,s-2.061865,s92.429683
193_91,s3.761597,s1.205359,s4.035417
193_92,s-1.722798,s4.048699,s270.930403
193_93,s-2.368359,s-3.40784,s194.435626
193_94,s-3.608204,s2.050211,s354.481168
193_95,s-3.883701,s0.72067,s101.858086
193_96,s3.619644,s2.321245,s334.872717
193_97,s0.790873,s4.429957,s119.390125
193_98,s4.403808,s-0.925459,s353.572996
193_99,s4.146049,s0.671029,s254.799508
193_100,s-3.794542,s0.20359,s127.573646
193_101,s2.949522,s3.059873,s1.870195
193_102,s-3.190818,s-2.807344,s111.860962
193_103,s2.166557,s-3.886969,s233.062158
193_104,s1.604399,s3.718656,s1.899259
193_105,s3.307595,s-3.268381,s335.698308
193_106,s1.645038,s-4.24221,s241.577831
193_107,s4.19738,s-1.622345,s189.096833
193_108,s-4.488406,s-1.00708,s1.903808
193_109,s0.427796,s-4.278667,s74.387053
193_110,s4.204913,s2.099693,s327.982217
193_111,s1.949102,s4.221789,s240.957166
193_112,s4.264544,s1.586241,s233.479404
193_113,s-3.941597,s2.467045,s41.203763
193_114,s-1.474721,s-4.251494,s169.124634
193_115,s-0.870357,s-4.771266,s224.063275
193_116,s-3.094592,s-3.403454,s117.049979
193_117,s-2.669466,s4.049253,s174.150919
193_118,s-4.303484,s1.315303,s150.479946
193_119,s3.889615,s-2.897136,s304.29164
193_120,s-0.686363,s4.244868,s329.015739
193_121,s3.567673,s3.059692,s37.142101
193_122,s-3.265704,s3.310239,s57.468548
193_123,s3.071674,s-3.817698,s180.849631
193_124,s-4.991423,s-0.76694,s173.28726
193_125,s4.950407,s1.748134,s203.595737
193_126,s-2.827687,s-3.816633,s187.991472
193_127,s-4.731013,s0.424278,s82.136033
193_128,s3.80096,s-3.400397,s196.751418
193_129,s-0.730063,s4.845308,s55.515236
193_130,s-4.804723,s1.710157,s173.023405
193_131,s-1.953759,s4.439068,s76.916739
193_132,s4.463056,s3.039923,s251.495715
193_133,s1.052164,s-4.169287,s217.990603
193_134,s3.250387,s3.864904,s309.106253
193_135,s-4.753671,s2.228253,s337.761822
193_136,s-4.496772,s-2.29816,s102.110863
193_137,s4.582708,s-2.238032,s286.887177
193_138,s-2.245938,s-4.411152,s190.317511
193_139,s1.624321,s-4.887134,s170.79628
193_140,s0.78701,s-4.887035,s73.310976
193_141,s-4.208089,s-3.139186,s328.354983
193_142,s2.380055,s4.847199,s182.968775
193_143,s1.030458,s-5.249824,s137.212473
193_144,s3.703032,s3.721566,s264.726646
193_145,s-3.22781,s3.948575,s40.495142
193_146,s-4.933281,s-1.795895,s129.347804
193_147,s-4.43477,s-3.580896,s36.097881
193_148,s2.755784,s4.172008,s301.866943
193_149,s2.920698,s4.894847,s254.557573
193_150,s-5.202169,s1.013626,s52.240126
193_151,s4.893457,s-0.253142,s187.408777
193_152,s-4.629107,s3.151407,s18.690016
193_153,s5.488161,s-0.826189,s12.311594
193_154,s1.752472,s4.736174,s23.668878
193_155,s5.827439,s0.513282,s153.853309
193_156,s2.710172,s-4.785913,s88.603284
193_157,s-2.56428,s-5.202352,s26.348536
193_158,s-1.042775,s-5.34931,s213.691996
193_159,s-3.166937,s-4.187244,s142.019122
193_160,s3.628548,s-4.066465,s159.940911
193_161,s4.44939,s-2.970762,s261.568419
193_162,s-5.595474,s1.706801,s38.906578
193_163,s0.403935,s4.983657,s166.130022
193_164,s-2.783357,s4.916851,s148.538952
193_165,s-1.758723,s4.840392,s25.965743
193_166,s4.307451,s-3.656277,s292.790329
193_167,s-2.07726,s-5.415255,s115.079698
193_168,s-2.332898,s5.145881,s65.540546
193_169,s-5.666775,s0.614542,s141.646719
193_170,s5.089695,s-1.287441,s278.405069
193_171,s-3.736901,s-4.304134,s34.038658
193_172,s1.861049,s-5.493314,s264.51283
193_173,s4.712948,s3.465635,s1.13724
193_174,s-3.330226,s-4.93073,s164.787718
193_175,s-5.379878,s-2.656485,s144.947809
193_176,s2.226302,s5.247245,s319.61247
193_177,s-5.397262,s-1.49317,s74.628507
193_178,s5.317946,s-2.88478,s255.258118
193_179,s0.711208,s5.75623,s141.057874
193_180,s-4.991286,s-3.419001,s142.741641
193_181,s-5.173891,s2.508655,s87.02009
193_182,s3.082158,s-5.030935,s219.96909
193_183,s5.641132,s1.113613,s129.019829
193_184,s3.705874,s-4.782154,s211.577087
193_185,s-4.056672,s3.639494,s54.672844
193_186,s-4.225248,s4.189245,s325.520093
193_187,s-0.822483,s5.438154,s27.061727
193_188,s4.727039,s2.284208,s289.666623
193_189,s5.675168,s2.096418,s145.697392
193_190,s-4.509858,s-3.957421,s177.131124
193_191,s5.963317,s1.284076,s245.630493
193_192,s-5.220272,s3.057983,s75.069484
194_0,s0.0,s0.0,s61.458974
194_1,s-0.087797,s0.492231,s34.479228
194_2,s0.458878,s0.65531,s347.407842
194_3,s0.369948,s-0.2562,s301.022519
194_4,s-0.404414,s-0.294023,s128.840276
194_5,s0.834052,s-0.454816,s262.731028
194_6,s-0.184418,s-0.778454,s224.38473
194_7,s0.819507,s0.480529,s278.525991
194_8,s-0.836532,s0.331986,s27.229171
194_9,s0.973831,s-1.005809,s247.702628
194_10,s-1.028382,s-0.949964,s213.937165
194_11,s-1.046449,s-0.086287,s57.453197
194_12,s0.705015,s1.491795,s17.209855
194_13,s0.254261,s-1.529003,s197.311675
194_14,s-1.353793,s-0.645945,s76.43608
194_15,s-1.456944,s0.661298,s83.771924
194_16,s-0.740772,s1.361527,s111.270673
194_17,s0.97787,s1.001884,s297.463483
194_18,s-0.629273,s1.739688,s1.553225
194_19,s-1.680577,s-1.084278,s101.500223
194_20,s1.623048,s-0.778277,s209.278812
194_21,s-0.833751,s-1.817927,s218.161732
194_22,s-1.916349,s1.179028,s111.169023
194_23,s-1.280872,s1.536023,s66.434036
194_24,s1.613792,s1.638803,s55.371005
194_25,s1.522809,s0.289055,s216.067609
194_26,s0.468313,s2.404825,s40.113282
194_27,s0.69866,s-1.874,s299.844059
194_28,s-1.377234,s-1.650978,s85.32734
194_29,s2.021313,s0.732662,s236.361939
194_30,s-1.197927,s-2.137164,s183.096492
194_31,s-0.802746,s-2.577906,s217.550163
194_32,s0.922671,s-2.269621,s146.629322
194_33,s2.137907,s-0.848146,s297.113569
194_34,s-2.360949,s-0.431182,s73.976505
194_35,s1.488701,s-1.818315,s164.330764
194_36,s-1.012541,s2.285774,s29.456702
194_37,s-2.124458,s1.666337,s88.150672
194_38,s-1.519058,s2.292371,s101.756916
194_39,s2.016567,s1.30133,s0.723876
194_40,s1.10743,s2.296976,s15.110186
194_41,s2.490596,s1.042561,s288.869752
194_42,s-0.484167,s2.554522,s358.622905
194_43,s-2.90154,s0.762278,s3.688647
194_44,s2.109286,s-1.764486,s306.21191
194_45,s-1.886577,s-2.000832,s210.02924
194_46,s1.397116,s2.767321,s326.568391
194_47,s-2.577456,s-1.329181,s167.508644
194_48,s1.969621,s-2.196154,s152.980053
194_49,s2.056015,s2.184674,s24.162355
194_50,s2.829427,s0.341819,s327.874672
194_51,s1.213886,s-2.852452,s111.28805
194_52,s-2.549588,s2.015466,s27.523502
194_53,s2.389854,s1.729479,s318.209469
194_54,s0.298641,s-3.186034,s44.057785
194_55,s-3.148724,s-0.805009,s192.277539
194_56,s3.010275,s1.580584,s308.518319
194_57,s-0.499709,s-3.413618,s104.547263
194_58,s3.134362,s-1.032365,s16.735136
194_59,s-2.080893,s-2.561227,s185.765985
194_60,s2.525674,s-2.200789,s297.958236
194_61,s-2.572826,s-2.222739,s148.980963
194_62,s-3.701542,s-1.058815,s359.141366
194_63,s0.900721,s-3.330346,s173.154876
194_64,s-2.128665,s2.521663,s14.16456
194_65,s1.500152,s-3.162206,s195.526879
194_66,s0.129557,s-3.547635,s129.630534
194_67,s3.239573,s-0.260131,s248.031166
194_68,s-1.362891,s-3.005417,s132.628938
194_69,s-3.074889,s0.393776,s75.084519
194_70,s-3.274326,s-1.723017,s64.665195
194_71,s2.146335,s-2.827675,s150.297604
194_72,s-1.543913,s3.08526,s325.408847
194_73,s2.384008,s3.211932,s58.059383
194_74,s0.954197,s3.263358,s282.436895
194_75,s-3.238542,s1.789371,s171.920817
194_76,s3.528216,s-1.114311,s279.852836
194_77,s0.242373,s3.140662,s5.976925
194_78,s3.165618,s2.445171,s52.380332
194_79,s-0.594792,s3.44909,s335.074057
194_80,s3.790423,s0.674682,s47.746101
194_81,s3.28234,s-1.707701,s257.485009
194_82,s-2.233555,s3.615762,s262.616415
194_83,s0.962294,s3.830991,s316.530336
194_84,s2.507003,s-2.788806,s278.004905
194_85,s-1.071253,s-3.853883,s213.675847
194_86,s-3.63722,s1.100286,s47.100179
194_87,s-2.592469,s3.046162,s92.648657
194_88,s3.297121,s-2.264727,s247.847907
194_89,s2.287782,s-3.341939,s238.776418
194_90,s-3.659059,s-2.061865,s92.429683
194_91,s3.761597,s1.205359,s4.035417
194_92,s-1.722798,s4.048699,s270.930403
194_93,s-2.368359,s-3.40784,s194.435626
194_94,s-3.608204,s2.050211,s354.481168
194_95,s-3.883701,s0.72067,s101.858086
194_96,s3.619644,s2.321245,s334.872717
194_97,s0.790873,s4.429957,s119.390125
194_98,s4.403808,s-0.925459,s353.572996
194_99,s4.146049,s0.671029,s254.799508
194_100,s-3.794542,s0.20359,s127.573646
194_101,s2.949522,s3.059873,s1.870195
194_102,s-3.190818,s-2.807344,s111.860962
194_103,s2.166557,s-3.886969,s233.062158
194_104,s1.604399,s3.718656,s1.899259
194_105,s3.307595,s-3.268381,s335.698308
194_106,s1.645038,s-4.24221,s241.577831
194_107,s4.19738,s-1.622345,s189.096833
194_108,s-4.488406,s-1.00708,s1.903808
194_109,s0.427796,s-4.278667,s74.387053
194_110,s4.204913,s2.099693,s327.982217
194_111,s1.949102,s4.221789,s240.957166
194_112,s4.264544,s1.586241,s233.479404
194_113,s-3.941597,s2.467045,s41.203763
194_114,s-1.474721,s-4.251494,s169.124634
194_115,s-0.870357,s-4.771266,s224.063275
194_116,s-3.094592,s-3.403454,s117.049979
194_117,s-2.669466,s4.049253,s174.150919
194_118,s-4.303484,s1.315303,s150.479946
194_119,s3.889615,s-2.897136,s304.29164
194_120,s-0.686363,s4.244868,s329.015739
194_121,s3.567673,s3.059692,s37.142101
194_122,s-3.265704,s3.310239,s57.468548
194_123,s3.071674,s-3.817698,s180.849631
194_124,s-4.991423,s-0.76694,s173.28726
194_125,s4.950407,s1.748134,s203.595737
194_126,s-2.827687,s-3.816633,s187.991472
194_127,s-4.731013,s0.424278,s82.136033
194_128,s3.80096,s-3.400397,s196.751418
194_129,s-0.730063,s4.845308,s55.515236
194_130,s-4.804723,s1.710157,s173.023405
194_131,s-1.953759,s4.439068,s76.916739
194_132,s4.463056,s3.039923,s251.495715
194_133,s1.052164,s-4.169287,s217.990603
194_134,s3.250387,s3.864904,s309.106253
194_135,s-4.753671,s2.228253,s337.761822
194_136,s-4.496772,s-2.29816,s102.110863
194_137,s4.582708,s-2.238032,s286.887177
194_138,s-2.245938,s-4.411152,s190.317511
194_139,s1.624321,s-4.887134,s170.79628
194_140,s0.78701,s-4.887035,s73.310976
194_141,s-4.208089,s-3.139186,s328.354983
194_142,s2.380055,s4.847199,s182.968775
194_143,s1.030458,s-5.249824,s137.212473
194_144,s3.703032,s3.721566,s264.726646
194_145,s-3.22781,s3.948575,s40.495142
194_146,s-4.933281,s-1.795895,s129.347804
194_147,s-4.43477,s-3.580896,s36.097881
194_148,s2.755784,s4.172008,s301.866943
194_149,s2.920698,s4.894847,s254.557573
194_150,s-5.202169,s1.013626,s52.240126
194_151,s4.893457,s-0.253142,s187.408777
194_152,s-4.629107,s3.151407,s18.690016
194_153,s5.488161,s-0.826189,s12.311594
194_154,s1.752472,s4.736174,s23.668878
194_155,s5.827439,s0.513282,s153.853309
194_156,s2.710172,s-4.785913,s88.603284
194_157,s-2.56428,s-5.202352,s26.348536
194_158,s-1.042775,s-5.34931,s213.691996
194_159,s-3.166937,s-4.187244,s142.019122
194_160,s3.628548,s-4.066465,s159.940911
194_161,s4.44939,s-2.970762,s261.568419
194_162,s-5.595474,s1.706801,s38.906578
194_163,s0.403935,s4.983657,s166.130022
194_164,s-2.783357,s4.916851,s148.538952
194_165,s-1.758723,s4.840392,s25.965743
194_166,s4.307451,s-3.656277,s292.790329
194_167,s-2.07726,s-5.415255,s115.079698
194_168,s-2.332898,s5.145881,s65.540546
194_169,s-5.666775,s0.614542,s141.646719
194_170,s5.089695,s-1.287441,s278.405069
194_171,s-3.736901,s-4.304134,s34.038658
194_172,s1.861049,s-5.493314,s264.51283
194_173,s4.712948,s3.465635,s1.13724
194_174,s-3.330226,s-4.93073,s164.787718
194_175,s-5.379878,s-2.656485,s144.947809
194_176,s2.226302,s5.247245,s319.61247
194_177,s-5.397262,s-1.49317,s74.628507
194_178,s5.317946,s-2.88478,s255.258118
194_179,s0.711208,s5.75623,s141.057874
194_180,s-4.991286,s-3.419001,s142.741641
194_181,s-5.173891,s2.508655,s87.02009
194_182,s3.082158,s-5.030935,s219.96909
194_183,s5.641132,s1.113613,s129.019829
194_184,s3.705874,s-4.782154,s211.577087
194_185,s-4.056672,s3.639494,s54.672844
194_186,s-4.225248,s4.189245,s325.520093
194_187,s-0.822483,s5.438154,s27.061727
194_188,s4.727039,s2.284208,s289.666623
194_189,s5.675168,s2.096418,s145.697392
194_190,s-4.509858,s-3.957421,s177.131124
194_191,s5.963317,s1.284076,s245.630493
194_192,s-5.220272,s3.057983,s75.069484
194_193,s1.222162,s-5.823128,s258.702876
195_0,s0.0,s0.0,s61.458974
195_1,s-0.087797,s0.492231,s34.479228
195_2,s0.458878,s0.65531,s347.407842
195_3,s0.369948,s-0.2562,s301.022519
195_4,s-0.404414,s-0.294023,s128.840276
195_5,s0.834052,s-0.454816,s262.731028
195_6,s-0.184418,s-0.778454,s224.38473
195_7,s0.819507,s0.480529,s278.525991
195_8,s-0.836532,s0.331986,s27.229171
195_9,s0.973831,s-1.005809,s247.702628
195_10,s-1.028382,s-0.949964,s213.937165
195_11,s-1.046449,s-0.086287,s57.453197
195_12,s0.705015,s1.491795,s17.209855
195_13,s0.254261,s-1.529003,s197.311675
195_14,s-1.353793,s-0.645945,s76.43608
195_15,s-1.456944,s0.661298,s83.771924
195_16,s-0.740772,s1.361527,s111.270673
195_17,s0.97787,s1.001884,s297.463483
195_18,s-0.629273,s1.739688,s1.553225
195_19,s-1.680577,s-1.084278,s101.500223
195_20,s1.623048,s-0.778277,s209.278812
195_21,s-0.833751,s-1.817927,s218.161732
195_22,s-1.916349,s1.179028,s111.169023
195_23,s-1.280872,s1.536023,s66.434036
195_24,s1.613792,s1.638803,s55.371005
195_25,s1.522809,s0.289055,s216.067609
195_26,s0.468313,s2.404825,s40.113282
195_27,s0.69866,s-1.874,s299.844059
195_28,s-1.377234,s-1.650978,s85.32734
195_29,s2.021313,s0.732662,s236.361939
195_30,s-1.197927,s-2.137164,s183.096492
195_31,s-0.802746,s-2.577906,s217.550163
195_32,s0.922671,s-2.269621,s146.629322
195_33,s2.137907,s-0.848146,s297.113569
195_34,s-2.360949,s-0.431182,s73.976505
195_35,s1.488701,s-1.818315,s164.330764
195_36,s-1.012541,s2.285774,s29.456702
195_37,s-2.124458,s1.666337,s88.150672
195_38,s-1.519058,s2.292371,s101.756916
195_39,s2.016567,s1.30133,s0.723876
195_40,s1.10743,s2.296976,s15.110186
195_41,s2.490596,s1.042561,s288.869752
195_42,s-0.484167,s2.554522,s358.622905
195_43,s-2.90154,s0.762278,s3.688647
195_44,s2.109286,s-1.764486,s306.21191
195_45,s-1.886577,s-2.000832,s210.02924
195_46,s1.397116,s2.767321,s326.568391
195_47,s-2.577456,s-1.329181,s167.508644
195_48,s1.969621,s-2.196154,s152.980053
195_49,s2.056015,s2.184674,s24.162355
195_50,s2.829427,s0.341819,s327.874672
195_51,s1.213886,s-2.852452,s111.28805
195_52,s-2.549588,s2.015466,s27.523502
195_53,s2.389854,s1.729479,s318.209469
195_54,s0.298641,s-3.186034,s44.057785
195_55,s-3.148724,s-0.805009,s192.277539
195_56,s3.010275,s1.580584,s308.518319
195_57,s-0.499709,s-3.413618,s104.547263
195_58,s3.134362,s-1.032365,s16.735136
195_59,s-2.080893,s-2.561227,s185.765985
195_60,s2.525674,s-2.200789,s297.958236
195_61,s-2.572826,s-2.222739,s148.980963
195_62,s-3.701542,s-1.058815,s359.141366
195_63,s0.900721,s-3.330346,s173.154876
195_64,s-2.128665,s2.521663,s14.16456
195_65,s1.500152,s-3.162206,s195.526879
195_66,s0.129557,s-3.547635,s129.630534
195_67,s3.239573,s-0.260131,s248.031166
195_68,s-1.362891,s-3.005417,s132.628938
195_69,s-3.074889,s0.393776,s75.084519
195_70,s-3.274326,s-1.723017,s64.665195
195_71,s2.146335,s-2.827675,s150.297604
195_72,s-1.543913,s3.08526,s325.408847
195_73,s2.384008,s3.211932,s58.059383
195_74,s0.954197,s3.263358,s282.436895
195_75,s-3.238542,s1.789371,s171.920817
195_76,s3.528216,s-1.114311,s279.852836
195_77,s0.242373,s3.140662,s5.976925
195_78,s3.165618,s2.445171,s52.380332
195_79,s-0.594792,s3.44909,s335.074057
195_80,s3.790423,s0.674682,s47.746101
195_81,s3.28234,s-1.707701,s257.485009
195_82,s-2.233555,s3.615762,s262.616415
195_83,s0.962294,s3.830991,s316.530336
195_84,s2.507003,s-2.788806,s278.004905
195_85,s-1.071253,s-3.853883,s213.675847
195_86,s-3.63722,s1.100286,s47.100179
195_87,s-2.592469,s3.046162,s92.648657
195_88,s3.297121,s-2.264727,s247.847907
195_89,s2.287782,s-3.341939,s238.776418
195_90,s-3.659059,s-2.061865,s92.429683
195_91,s3.761597,s1.205359,s4.035417
195_92,s-1.722798,s4.048699,s270.930403
195_93,s-2.368359,s-3.40784,s194.435626
195_94,s-3.608204,s2.050211,s354.481168
195_95,s-3.883701,s0.72067,s101.858086
195_96,s3.619644,s2.321245,s334.872717
195_97,s0.790873,s4.429957,s119.390125
195_98,s4.403808,s-0.925459,s353.572996
195_99,s4.146049,s0.671029,s254.799508
195_100,s-3.794542,s0.20359,s127.573646
195_101,s2.949522,s3.059873,s1.870195
195_102,s-3.190818,s-2.807344,s111.860962
195_103,s2.166557,s-3.886969,s233.062158
195_104,s1.604399,s3.718656,s1.899259
195_105,s3.307595,s-3.268381,s335.698308
195_106,s1.645038,s-4.24221,s241.577831
195_107,s4.19738,s-1.622345,s189.096833
195_108,s-4.488406,s-1.00708,s1.903808
195_109,s0.427796,s-4.278667,s74.387053
195_110,s4.204913,s2.099693,s327.982217
195_111,s1.949102,s4.221789,s240.957166
195_112,s4.264544,s1.586241,s233.479404
195_113,s-3.941597,s2.467045,s41.203763
195_114,s-1.474721,s-4.251494,s169.124634
195_115,s-0.870357,s-4.771266,s224.063275
195_116,s-3.094592,s-3.403454,s117.049979
195_117,s-2.669466,s4.049253,s174.150919
195_118,s-4.303484,s1.315303,s150.479946
195_119,s3.889615,s-2.897136,s304.29164
195_120,s-0.686363,s4.244868,s329.015739
195_121,s3.567673,s3.059692,s37.142101
195_122,s-3.265704,s3.310239,s57.468548
195_123,s3.071674,s-3.817698,s180.849631
195_124,s-4.991423,s-0.76694,s173.28726
195_125,s4.950407,s1.748134,s203.595737
195_126,s-2.827687,s-3.816633,s187.991472
195_127,s-4.731013,s0.424278,s82.136033
195_128,s3.80096,s-3.400397,s196.751418
195_129,s-0.730063,s4.845308,s55.515236
195_130,s-4.804723,s1.710157,s173.023405
195_131,s-1.953759,s4.439068,s76.916739
195_132,s4.463056,s3.039923,s251.495715
195_133,s1.052164,s-4.169287,s217.990603
195_134,s3.250387,s3.864904,s309.106253
195_135,s-4.753671,s2.228253,s337.761822
195_136,s-4.496772,s-2.29816,s102.110863
195_137,s4.582708,s-2.238032,s286.887177
195_138,s-2.245938,s-4.411152,s190.317511
195_139,s1.624321,s-4.887134,s170.79628
195_140,s0.78701,s-4.887035,s73.310976
195_141,s-4.208089,s-3.139186,s328.354983
195_142,s2.380055,s4.847199,s182.968775
195_143,s1.030458,s-5.249824,s137.212473
195_144,s3.703032,s3.721566,s264.726646
195_145,s-3.22781,s3.948575,s40.495142
195_146,s-4.933281,s-1.795895,s129.347804
195_147,s-4.43477,s-3.580896,s36.097881
195_148,s2.755784,s4.172008,s301.866943
195_149,s2.920698,s4.894847,s254.557573
195_150,s-5.202169,s1.013626,s52.240126
195_151,s4.893457,s-0.253142,s187.408777
195_152,s-4.629107,s3.151407,s18.690016
195_153,s5.488161,s-0.826189,s12.311594
195_154,s1.752472,s4.736174,s23.668878
195_155,s5.827439,s0.513282,s153.853309
195_156,s2.710172,s-4.785913,s88.603284
195_157,s-2.56428,s-5.202352,s26.348536
195_158,s-1.042775,s-5.34931,s213.691996
195_159,s-3.166937,s-4.187244,s142.019122
195_160,s3.628548,s-4.066465,s159.940911
195_161,s4.44939,s-2.970762,s261.568419
195_162,s-5.595474,s1.706801,s38.906578
195_163,s0.403935,s4.983657,s166.130022
195_164,s-2.783357,s4.916851,s148.538952
195_165,s-1.758723,s4.840392,s25.965743
195_166,s4.307451,s-3.656277,s292.790329
195_167,s-2.07726,s-5.415255,s115.079698
195_168,s-2.332898,s5.145881,s65.540546
195_169,s-5.666775,s0.614542,s141.646719
195_170,s5.089695,s-1.287441,s278.405069
195_171,s-3.736901,s-4.304134,s34.038658
195_172,s1.861049,s-5.493314,s264.51283
195_173,s4.712948,s3.465635,s1.13724
195_174,s-3.330226,s-4.93073,s164.787718
195_175,s-5.379878,s-2.656485,s144.947809
195_176,s2.226302,s5.247245,s319.61247
195_177,s-5.397262,s-1.49317,s74.628507
195_178,s5.317946,s-2.88478,s255.258118
195_179,s0.711208,s5.75623,s141.057874
195_180,s-4.991286,s-3.419001,s142.741641
195_181,s-5.173891,s2.508655,s87.02009
195_182,s3.082158,s-5.030935,s219.96909
195_183,s5.641132,s1.113613,s129.019829
195_184,s3.705874,s-4.782154,s211.577087
195_185,s-4.056672,s3.639494,s54.672844
195_186,s-4.225248,s4.189245,s325.520093
195_187,s-0.822483,s5.438154,s27.061727
195_188,s4.727039,s2.284208,s289.666623
195_189,s5.675168,s2.096418,s145.697392
195_190,s-4.509858,s-3.957421,s177.131124
195_191,s5.963317,s1.284076,s245.630493
195_192,s-5.220272,s3.057983,s75.069484
195_193,s1.222162,s-5.823128,s258.702876
195_194,s5.393499,s-1.683053,s240.846178
196_0,s0.0,s0.0,s61.458974
196_1,s-0.087797,s0.492231,s34.479228
196_2,s0.458878,s0.65531,s347.407842
196_3,s0.369948,s-0.2562,s301.022519
196_4,s-0.404414,s-0.294023,s128.840276
196_5,s0.834052,s-0.454816,s262.731028
196_6,s-0.184418,s-0.778454,s224.38473
196_7,s0.819507,s0.480529,s278.525991
196_8,s-0.836532,s0.331986,s27.229171
196_9,s0.973831,s-1.005809,s247.702628
196_10,s-1.028382,s-0.949964,s213.937165
196_11,s-1.046449,s-0.086287,s57.453197
196_12,s0.705015,s1.491795,s17.209855
196_13,s0.254261,s-1.529003,s197.311675
196_14,s-1.353793,s-0.645945,s76.43608
196_15,s-1.456944,s0.661298,s83.771924
196_16,s-0.740772,s1.361527,s111.270673
196_17,s0.97787,s1.001884,s297.463483
196_18,s-0.629273,s1.739688,s1.553225
196_19,s-1.680577,s-1.084278,s101.500223
196_20,s1.623048,s-0.778277,s209.278812
196_21,s-0.833751,s-1.817927,s218.161732
196_22,s-1.916349,s1.179028,s111.169023
196_23,s-1.280872,s1.536023,s66.434036
196_24,s1.613792,s1.638803,s55.371005
196_25,s1.522809,s0.289055,s216.067609
196_26,s0.468313,s2.404825,s40.113282
196_27,s0.69866,s-1.874,s299.844059
196_28,s-1.377234,s-1.650978,s85.32734
196_29,s2.021313,s0.732662,s236.361939
196_30,s-1.197927,s-2.137164,s183.096492
196_31,s-0.802746,s-2.577906,s217.550163
196_32,s0.922671,s-2.269621,s146.629322
196_33,s2.137907,s-0.848146,s297.113569
196_34,s-2.360949,s-0.431182,s73.976505
196_35,s1.488701,s-1.818315,s164.330764
196_36,s-1.012541,s2.285774,s29.456702
196_37,s-2.124458,s1.666337,s88.150672
196_38,s-1.519058,s2.292371,s101.756916
196_39,s2.016567,s1.30133,s0.723876
196_40,s1.10743,s2.296976,s15.110186
196_41,s2.490596,s1.042561,s288.869752
196_42,s-0.484167,s2.554522,s358.622905
196_43,s-2.90154,s0.762278,s3.688647
196_44,s2.109286,s-1.764486,s306.21191
196_45,s-1.886577,s-2.000832,s210.02924
196_46,s1.397116,s2.767321,s326.568391
196_47,s-2.577456,s-1.329181,s167.508644
196_48,s1.969621,s-2.196154,s152.980053
196_49,s2.056015,s2.184674,s24.162355
196_50,s2.829427,s0.341819,s327.874672
196_51,s1.213886,s-2.852452,s111.28805
196_52,s-2.549588,s2.015466,s27.523502
196_53,s2.389854,s1.729479,s318.209469
196_54,s0.298641,s-3.186034,s44.057785
196_55,s-3.148724,s-0.805009,s192.277539
196_56,s3.010275,s1.580584,s308.518319
196_57,s-0.499709,s-3.413618,s104.547263
196_58,s3.134362,s-1.032365,s16.735136
196_59,s-2.080893,s-2.561227,s185.765985
196_60,s2.525674,s-2.200789,s297.958236
196_61,s-2.572826,s-2.222739,s148.980963
196_62,s-3.701542,s-1.058815,s359.141366
196_63,s0.900721,s-3.330346,s173.154876
196_64,s-2.128665,s2.521663,s14.16456
196_65,s1.500152,s-3.162206,s195.526879
196_66,s0.129557,s-3.547635,s129.630534
196_67,s3.239573,s-0.260131,s248.031166
196_68,s-1.362891,s-3.005417,s132.628938
196_69,s-3.074889,s0.393776,s75.084519
196_70,s-3.274326,s-1.723017,s64.665195
196_71,s2.146335,s-2.827675,s150.297604
196_72,s-1.543913,s3.08526,s325.408847
196_73,s2.384008,s3.211932,s58.059383
196_74,s0.954197,s3.263358,s282.436895
196_75,s-3.238542,s1.789371,s171.920817
196_76,s3.528216,s-1.114311,s279.852836
196_77,s0.242373,s3.140662,s5.976925
196_78,s3.165618,s2.445171,s52.380332
196_79,s-0.594792,s3.44909,s335.074057
196_80,s3.790423,s0.674682,s47.746101
196_81,s3.28234,s-1.707701,s257.485009
196_82,s-2.233555,s3.615762,s262.616415
196_83,s0.962294,s3.830991,s316.530336
196_84,s2.507003,s-2.788806,s278.004905
196_85,s-1.071253,s-3.853883,s213.675847
196_86,s-3.63722,s1.100286,s47.100179
196_87,s-2.592469,s3.046162,s92.648657
196_88,s3.297121,s-2.264727,s247.847907
196_89,s2.287782,s-3.341939,s238.776418
196_90,s-3.659059,s-2.061865,s92.429683
196_91,s3.761597,s1.205359,s4.035417
196_92,s-1.722798,s4.048699,s270.930403
196_93,s-2.368359,s-3.40784,s194.435626
196_94,s-3.608204,s2.050211,s354.481168
196_95,s-3.883701,s0.72067,s101.858086
196_96,s3.619644,s2.321245,s334.872717
196_97,s0.790873,s4.429957,s119.390125
196_98,s4.403808,s-0.925459,s353.572996
196_99,s4.146049,s0.671029,s254.799508
196_100,s-3.794542,s0.20359,s127.573646
196_101,s2.949522,s3.059873,s1.870195
196_102,s-3.190818,s-2.807344,s111.860962
196_103,s2.166557,s-3.886969,s233.062158
196_104,s1.604399,s3.718656,s1.899259
196_105,s3.307595,s-3.268381,s335.698308
196_106,s1.645038,s-4.24221,s241.577831
196_107,s4.19738,s-1.622345,s189.096833
196_108,s-4.488406,s-1.00708,s1.903808
196_109,s0.427796,s-4.278667,s74.387053
196_110,s4.204913,s2.099693,s327.982217
196_111,s1.949102,s4.221789,s240.957166
196_112,s4.264544,s1.586241,s233.479404
196_113,s-3.941597,s2.467045,s41.203763
196_114,s-1.474721,s-4.251494,s169.124634
196_115,s-0.870357,s-4.771266,s224.063275
196_116,s-3.094592,s-3.403454,s117.049979
196_117,s-2.669466,s4.049253,s174.150919
196_118,s-4.303484,s1.315303,s150.479946
196_119,s3.889615,s-2.897136,s304.29164
196_120,s-0.686363,s4.244868,s329.015739
196_121,s3.567673,s3.059692,s37.142101
196_122,s-3.265704,s3.310239,s57.468548
196_123,s3.071674,s-3.817698,s180.849631
196_124,s-4.991423,s-0.76694,s173.28726
196_125,s4.950407,s1.748134,s203.595737
196_126,s-2.827687,s-3.816633,s187.991472
196_127,s-4.731013,s0.424278,s82.136033
196_128,s3.80096,s-3.400397,s196.751418
196_129,s-0.730063,s4.845308,s55.515236
196_130,s-4.804723,s1.710157,s173.023405
196_131,s-1.953759,s4.439068,s76.916739
196_132,s4.463056,s3.039923,s251.495715
196_133,s1.052164,s-4.169287,s217.990603
196_134,s3.250387,s3.864904,s309.106253
196_135,s-4.753671,s2.228253,s337.761822
196_136,s-4.496772,s-2.29816,s102.110863
196_137,s4.582708,s-2.238032,s286.887177
196_138,s-2.245938,s-4.411152,s190.317511
196_139,s1.624321,s-4.887134,s170.79628
196_140,s0.78701,s-4.887035,s73.310976
196_141,s-4.208089,s-3.139186,s328.354983
196_142,s2.380055,s4.847199,s182.968775
196_143,s1.030458,s-5.249824,s137.212473
196_144,s3.703032,s3.721566,s264.726646
196_145,s-3.22781,s3.948575,s40.495142
196_146,s-4.933281,s-1.795895,s129.347804
196_147,s-4.43477,s-3.580896,s36.097881
196_148,s2.755784,s4.172008,s301.866943
196_149,s2.920698,s4.894847,s254.557573
196_150,s-5.202169,s1.013626,s52.240126
196_151,s4.893457,s-0.253142,s187.408777
196_152,s-4.629107,s3.151407,s18.690016
196_153,s5.488161,s-0.826189,s12.311594
196_154,s1.752472,s4.736174,s23.668878
196_155,s5.827439,s0.513282,s153.853309
196_156,s2.710172,s-4.785913,s88.603284
196_157,s-2.56428,s-5.202352,s26.348536
196_158,s-1.042775,s-5.34931,s213.691996
196_159,s-3.166937,s-4.187244,s142.019122
196_160,s3.628548,s-4.066465,s159.940911
196_161,s4.44939,s-2.970762,s261.568419
196_162,s-5.595474,s1.706801,s38.906578
196_163,s0.403935,s4.983657,s166.130022
196_164,s-2.783357,s4.916851,s148.538952
196_165,s-1.758723,s4.840392,s25.965743
196_166,s4.307451,s-3.656277,s292.790329
196_167,s-2.07726,s-5.415255,s115.079698
196_168,s-2.332898,s5.145881,s65.540546
196_169,s-5.666775,s0.614542,s141.646719
196_170,s5.089695,s-1.287441,s278.405069
196_171,s-3.736901,s-4.304134,s34.038658
196_172,s1.861049,s-5.493314,s264.51283
196_173,s4.712948,s3.465635,s1.13724
196_174,s-3.330226,s-4.93073,s164.787718
196_175,s-5.379878,s-2.656485,s144.947809
196_176,s2.226302,s5.247245,s319.61247
196_177,s-5.397262,s-1.49317,s74.628507
196_178,s5.317946,s-2.88478,s255.258118
196_179,s0.711208,s5.75623,s141.057874
196_180,s-4.991286,s-3.419001,s142.741641
196_181,s-5.173891,s2.508655,s87.02009
196_182,s3.082158,s-5.030935,s219.96909
196_183,s5.641132,s1.113613,s129.019829
196_184,s3.705874,s-4.782154,s211.577087
196_185,s-4.056672,s3.639494,s54.672844
196_186,s-4.225248,s4.189245,s325.520093
196_187,s-0.822483,s5.438154,s27.061727
196_188,s4.727039,s2.284208,s289.666623
196_189,s5.675168,s2.096418,s145.697392
196_190,s-4.509858,s-3.957421,s177.131124
196_191,s5.963317,s1.284076,s245.630493
196_192,s-5.220272,s3.057983,s75.069484
196_193,s1.222162,s-5.823128,s258.702876
196_194,s5.393499,s-1.683053,s240.846178
196_195,s5.126554,s3.305819,s260.252477
197_0,s0.0,s0.0,s61.458974
197_1,s-0.087797,s0.492231,s34.479228
197_2,s0.458878,s0.65531,s347.407842
197_3,s0.369948,s-0.2562,s301.022519
197_4,s-0.404414,s-0.294023,s128.840276
197_5,s0.834052,s-0.454816,s262.731028
197_6,s-0.184418,s-0.778454,s224.38473
197_7,s0.819507,s0.480529,s278.525991
197_8,s-0.836532,s0.331986,s27.229171
197_9,s0.973831,s-1.005809,s247.702628
197_10,s-1.028382,s-0.949964,s213.937165
197_11,s-1.046449,s-0.086287,s57.453197
197_12,s0.705015,s1.491795,s17.209855
197_13,s0.254261,s-1.529003,s197.311675
197_14,s-1.353793,s-0.645945,s76.43608
197_15,s-1.456944,s0.661298,s83.771924
197_16,s-0.740772,s1.361527,s111.270673
197_17,s0.97787,s1.001884,s297.463483
197_18,s-0.629273,s1.739688,s1.553225
197_19,s-1.680577,s-1.084278,s101.500223
197_20,s1.623048,s-0.778277,s209.278812
197_21,s-0.833751,s-1.817927,s218.161732
197_22,s-1.916349,s1.179028,s111.169023
197_23,s-1.280872,s1.536023,s66.434036
197_24,s1.613792,s1.638803,s55.371005
197_25,s1.522809,s0.289055,s216.067609
197_26,s0.468313,s2.404825,s40.113282
197_27,s0.69866,s-1.874,s299.844059
197_28,s-1.377234,s-1.650978,s85.32734
197_29,s2.021313,s0.732662,s236.361939
197_30,s-1.197927,s-2.137164,s183.096492
197_31,s-0.802746,s-2.577906,s217.550163
197_32,s0.922671,s-2.269621,s146.629322
197_33,s2.137907,s-0.848146,s297.113569
197_34,s-2.360949,s-0.431182,s73.976505
197_35,s1.488701,s-1.818315,s164.330764
197_36,s-1.012541,s2.285774,s29.456702
197_37,s-2.124458,s1.666337,s88.150672
197_38,s-1.519058,s2.292371,s101.756916
197_39,s2.016567,s1.30133,s0.723876
197_40,s1.10743,s2.296976,s15.110186
197_41,s2.490596,s1.042561,s288.869752
197_42,s-0.484167,s2.554522,s358.622905
197_43,s-2.90154,s0.762278,s3.688647
197_44,s2.109286,s-1.764486,s306.21191
197_45,s-1.886577,s-2.000832,s210.02924
197_46,s1.397116,s2.767321,s326.568391
197_47,s-2.577456,s-1.329181,s167.508644
197_48,s1.969621,s-2.196154,s152.980053
197_49,s2.056015,s2.184674,s24.162355
197_50,s2.829427,s0.341819,s327.874672
197_51,s1.213886,s-2.852452,s111.28805
197_52,s-2.549588,s2.015466,s27.523502
197_53,s2.389854,s1.729479,s318.209469
197_54,s0.298641,s-3.186034,s44.057785
197_55,s-3.148724,s-0.805009,s192.277539
197_56,s3.010275,s1.580584,s308.518319
197_57,s-0.499709,s-3.413618,s104.547263
197_58,s3.134362,s-1.032365,s16.735136
197_59,s-2.080893,s-2.561227,s185.765985
197_60,s2.525674,s-2.200789,s297.958236
197_61,s-2.572826,s-2.222739,s148.980963
197_62,s-3.701542,s-1.058815,s359.141366
197_63,s0.900721,s-3.330346,s173.154876
197_64,s-2.128665,s2.521663,s14.16456
197_65,s1.500152,s-3.162206,s195.526879
197_66,s0.129557,s-3.547635,s129.630534
197_67,s3.239573,s-0.260131,s248.031166
197_68,s-1.362891,s-3.005417,s132.628938
197_69,s-3.074889,s0.393776,s75.084519
197_70,s-3.274326,s-1.723017,s64.665195
197_71,s2.146335,s-2.827675,s150.297604
197_72,s-1.543913,s3.08526,s325.408847
197_73,s2.384008,s3.211932,s58.059383
197_74,s0.954197,s3.263358,s282.436895
197_75,s-3.238542,s1.789371,s171.920817
197_76,s3.528216,s-1.114311,s279.852836
197_77,s0.242373,s3.140662,s5.976925
197_78,s3.165618,s2.445171,s52.380332
197_79,s-0.594792,s3.44909,s335.074057
197_80,s3.790423,s0.674682,s47.746101
197_81,s3.28234,s-1.707701,s257.485009
197_82,s-2.233555,s3.615762,s262.616415
197_83,s0.962294,s3.830991,s316.530336
197_84,s2.507003,s-2.788806,s278.004905
197_85,s-1.071253,s-3.853883,s213.675847
197_86,s-3.63722,s1.100286,s47.100179
197_87,s-2.592469,s3.046162,s92.648657
197_88,s3.297121,s-2.264727,s247.847907
197_89,s2.287782,s-3.341939,s238.776418
197_90,s-3.659059,s-2.061865,s92.429683
197_91,s3.761597,s1.205359,s4.035417
197_92,s-1.722798,s4.048699,s270.930403
197_93,s-2.368359,s-3.40784,s194.435626
197_94,s-3.608204,s2.050211,s354.481168
197_95,s-3.883701,s0.72067,s101.858086
197_96,s3.619644,s2.321245,s334.872717
197_97,s0.790873,s4.429957,s119.390125
197_98,s4.403808,s-0.925459,s353.572996
197_99,s4.146049,s0.671029,s254.799508
197_100,s-3.794542,s0.20359,s127.573646
197_101,s2.949522,s3.059873,s1.870195
197_102,s-3.190818,s-2.807344,s111.860962
197_103,s2.166557,s-3.886969,s233.062158
197_104,s1.604399,s3.718656,s1.899259
197_105,s3.307595,s-3.268381,s335.698308
197_106,s1.645038,s-4.24221,s241.577831
197_107,s4.19738,s-1.622345,s189.096833
197_108,s-4.488406,s-1.00708,s1.903808
197_109,s0.427796,s-4.278667,s74.387053
197_110,s4.204913,s2.099693,s327.982217
197_111,s1.949102,s4.221789,s240.957166
197_112,s4.264544,s1.586241,s233.479404
197_113,s-3.941597,s2.467045,s41.203763
197_114,s-1.474721,s-4.251494,s169.124634
197_115,s-0.870357,s-4.771266,s224.063275
197_116,s-3.094592,s-3.403454,s117.049979
197_117,s-2.669466,s4.049253,s174.150919
197_118,s-4.303484,s1.315303,s150.479946
197_119,s3.889615,s-2.897136,s304.29164
197_120,s-0.686363,s4.244868,s329.015739
197_121,s3.567673,s3.059692,s37.142101
197_122,s-3.265704,s3.310239,s57.468548
197_123,s3.071674,s-3.817698,s180.849631
197_124,s-4.991423,s-0.76694,s173.28726
197_125,s4.950407,s1.748134,s203.595737
197_126,s-2.827687,s-3.816633,s187.991472
197_127,s-4.731013,s0.424278,s82.136033
197_128,s3.80096,s-3.400397,s196.751418
197_129,s-0.730063,s4.845308,s55.515236
197_130,s-4.804723,s1.710157,s173.023405
197_131,s-1.953759,s4.439068,s76.916739
197_132,s4.463056,s3.039923,s251.495715
197_133,s1.052164,s-4.169287,s217.990603
197_134,s3.250387,s3.864904,s309.106253
197_135,s-4.753671,s2.228253,s337.761822
197_136,s-4.496772,s-2.29816,s102.110863
197_137,s4.582708,s-2.238032,s286.887177
197_138,s-2.245938,s-4.411152,s190.317511
197_139,s1.624321,s-4.887134,s170.79628
197_140,s0.78701,s-4.887035,s73.310976
197_141,s-4.208089,s-3.139186,s328.354983
197_142,s2.380055,s4.847199,s182.968775
197_143,s1.030458,s-5.249824,s137.212473
197_144,s3.703032,s3.721566,s264.726646
197_145,s-3.22781,s3.948575,s40.495142
197_146,s-4.933281,s-1.795895,s129.347804
197_147,s-4.43477,s-3.580896,s36.097881
197_148,s2.755784,s4.172008,s301.866943
197_149,s2.920698,s4.894847,s254.557573
197_150,s-5.202169,s1.013626,s52.240126
197_151,s4.893457,s-0.253142,s187.408777
197_152,s-4.629107,s3.151407,s18.690016
197_153,s5.488161,s-0.826189,s12.311594
197_154,s1.752472,s4.736174,s23.668878
197_155,s5.827439,s0.513282,s153.853309
197_156,s2.710172,s-4.785913,s88.603284
197_157,s-2.56428,s-5.202352,s26.348536
197_158,s-1.042775,s-5.34931,s213.691996
197_159,s-3.166937,s-4.187244,s142.019122
197_160,s3.628548,s-4.066465,s159.940911
197_161,s4.44939,s-2.970762,s261.568419
197_162,s-5.595474,s1.706801,s38.906578
197_163,s0.403935,s4.983657,s166.130022
197_164,s-2.783357,s4.916851,s148.538952
197_165,s-1.758723,s4.840392,s25.965743
197_166,s4.307451,s-3.656277,s292.790329
197_167,s-2.07726,s-5.415255,s115.079698
197_168,s-2.332898,s5.145881,s65.540546
197_169,s-5.666775,s0.614542,s141.646719
197_170,s5.089695,s-1.287441,s278.405069
197_171,s-3.736901,s-4.304134,s34.038658
197_172,s1.861049,s-5.493314,s264.51283
197_173,s4.712948,s3.465635,s1.13724
197_174,s-3.330226,s-4.93073,s164.787718
197_175,s-5.379878,s-2.656485,s144.947809
197_176,s2.226302,s5.247245,s319.61247
197_177,s-5.397262,s-1.49317,s74.628507
197_178,s5.317946,s-2.88478,s255.258118
197_179,s0.711208,s5.75623,s141.057874
197_180,s-4.991286,s-3.419001,s142.741641
197_181,s-5.173891,s2.508655,s87.02009
197_182,s3.082158,s-5.030935,s219.96909
197_183,s5.641132,s1.113613,s129.019829
197_184,s3.705874,s-4.782154,s211.577087
197_185,s-4.056672,s3.639494,s54.672844
197_186,s-4.225248,s4.189245,s325.520093
197_187,s-0.822483,s5.438154,s27.061727
197_188,s4.727039,s2.284208,s289.666623
197_189,s5.675168,s2.096418,s145.697392
197_190,s-4.509858,s-3.957421,s177.131124
197_191,s5.963317,s1.284076,s245.630493
197_192,s-5.220272,s3.057983,s75.069484
197_193,s1.222162,s-5.823128,s258.702876
197_194,s5.393499,s-1.683053,s240.846178
197_195,s5.126554,s3.305819,s260.252477
197_196,s1.764887,s5.524959,s0.380754
198_0,s0.0,s0.0,s61.458974
198_1,s-0.087797,s0.492231,s34.479228
198_2,s0.458878,s0.65531,s347.407842
198_3,s0.369948,s-0.2562,s301.022519
198_4,s-0.404414,s-0.294023,s128.840276
198_5,s0.834052,s-0.454816,s262.731028
198_6,s-0.184418,s-0.778454,s224.38473
198_7,s0.819507,s0.480529,s278.525991
198_8,s-0.836532,s0.331986,s27.229171
198_9,s0.973831,s-1.005809,s247.702628
198_10,s-1.028382,s-0.949964,s213.937165
198_11,s-1.046449,s-0.086287,s57.453197
198_12,s0.705015,s1.491795,s17.209855
198_13,s0.254261,s-1.529003,s197.311675
198_14,s-1.353793,s-0.645945,s76.43608
198_15,s-1.456944,s0.661298,s83.771924
198_16,s-0.740772,s1.361527,s111.270673
198_17,s0.97787,s1.001884,s297.463483
198_18,s-0.629273,s1.739688,s1.553225
198_19,s-1.680577,s-1.084278,s101.500223
198_20,s1.623048,s-0.778277,s209.278812
198_21,s-0.833751,s-1.817927,s218.161732
198_22,s-1.916349,s1.179028,s111.169023
198_23,s-1.280872,s1.536023,s66.434036
198_24,s1.613792,s1.638803,s55.371005
198_25,s1.522809,s0.289055,s216.067609
198_26,s0.468313,s2.404825,s40.113282
198_27,s0.69866,s-1.874,s299.844059
198_28,s-1.377234,s-1.650978,s85.32734
198_29,s2.021313,s0.732662,s236.361939
198_30,s-1.197927,s-2.137164,s183.096492
198_31,s-0.802746,s-2.577906,s217.550163
198_32,s0.922671,s-2.269621,s146.629322
198_33,s2.137907,s-0.848146,s297.113569
198_34,s-2.360949,s-0.431182,s73.976505
198_35,s1.488701,s-1.818315,s164.330764
198_36,s-1.012541,s2.285774,s29.456702
198_37,s-2.124458,s1.666337,s88.150672
198_38,s-1.519058,s2.292371,s101.756916
198_39,s2.016567,s1.30133,s0.723876
198_40,s1.10743,s2.296976,s15.110186
198_41,s2.490596,s1.042561,s288.869752
198_42,s-0.484167,s2.554522,s358.622905
198_43,s-2.90154,s0.762278,s3.688647
198_44,s2.109286,s-1.764486,s306.21191
198_45,s-1.886577,s-2.000832,s210.02924
198_46,s1.397116,s2.767321,s326.568391
198_47,s-2.577456,s-1.329181,s167.508644
198_48,s1.969621,s-2.196154,s152.980053
198_49,s2.056015,s2.184674,s24.162355
198_50,s2.829427,s0.341819,s327.874672
198_51,s1.213886,s-2.852452,s111.28805
198_52,s-2.549588,s2.015466,s27.523502
198_53,s2.389854,s1.729479,s318.209469
198_54,s0.298641,s-3.186034,s44.057785
198_55,s-3.148724,s-0.805009,s192.277539
198_56,s3.010275,s1.580584,s308.518319
198_57,s-0.499709,s-3.413618,s104.547263
198_58,s3.134362,s-1.032365,s16.735136
198_59,s-2.080893,s-2.561227,s185.765985
198_60,s2.525674,s-2.200789,s297.958236
198_61,s-2.572826,s-2.222739,s148.980963
198_62,s-3.701542,s-1.058815,s359.141366
198_63,s0.900721,s-3.330346,s173.154876
198_64,s-2.128665,s2.521663,s14.16456
198_65,s1.500152,s-3.162206,s195.526879
198_66,s0.129557,s-3.547635,s129.630534
198_67,s3.239573,s-0.260131,s248.031166
198_68,s-1.362891,s-3.005417,s132.628938
198_69,s-3.074889,s0.393776,s75.084519
198_70,s-3.274326,s-1.723017,s64.665195
198_71,s2.146335,s-2.827675,s150.297604
198_72,s-1.543913,s3.08526,s325.408847
198_73,s2.384008,s3.211932,s58.059383
198_74,s0.954197,s3.263358,s282.436895
198_75,s-3.238542,s1.789371,s171.920817
198_76,s3.528216,s-1.114311,s279.852836
198_77,s0.242373,s3.140662,s5.976925
198_78,s3.165618,s2.445171,s52.380332
198_79,s-0.594792,s3.44909,s335.074057
198_80,s3.790423,s0.674682,s47.746101
198_81,s3.28234,s-1.707701,s257.485009
198_82,s-2.233555,s3.615762,s262.616415
198_83,s0.962294,s3.830991,s316.530336
198_84,s2.507003,s-2.788806,s278.004905
198_85,s-1.071253,s-3.853883,s213.675847
198_86,s-3.63722,s1.100286,s47.100179
198_87,s-2.592469,s3.046162,s92.648657
198_88,s3.297121,s-2.264727,s247.847907
198_89,s2.287782,s-3.341939,s238.776418
198_90,s-3.659059,s-2.061865,s92.429683
198_91,s3.761597,s1.205359,s4.035417
198_92,s-1.722798,s4.048699,s270.930403
198_93,s-2.368359,s-3.40784,s194.435626
198_94,s-3.608204,s2.050211,s354.481168
198_95,s-3.883701,s0.72067,s101.858086
198_96,s3.619644,s2.321245,s334.872717
198_97,s0.790873,s4.429957,s119.390125
198_98,s4.403808,s-0.925459,s353.572996
198_99,s4.146049,s0.671029,s254.799508
198_100,s-3.794542,s0.20359,s127.573646
198_101,s2.949522,s3.059873,s1.870195
198_102,s-3.190818,s-2.807344,s111.860962
198_103,s2.166557,s-3.886969,s233.062158
198_104,s1.604399,s3.718656,s1.899259
198_105,s3.307595,s-3.268381,s335.698308
198_106,s1.645038,s-4.24221,s241.577831
198_107,s4.19738,s-1.622345,s189.096833
198_108,s-4.488406,s-1.00708,s1.903808
198_109,s0.427796,s-4.278667,s74.387053
198_110,s4.204913,s2.099693,s327.982217
198_111,s1.949102,s4.221789,s240.957166
198_112,s4.264544,s1.586241,s233.479404
198_113,s-3.941597,s2.467045,s41.203763
198_114,s-1.474721,s-4.251494,s169.124634
198_115,s-0.870357,s-4.771266,s224.063275
198_116,s-3.094592,s-3.403454,s117.049979
198_117,s-2.669466,s4.049253,s174.150919
198_118,s-4.303484,s1.315303,s150.479946
198_119,s3.889615,s-2.897136,s304.29164
198_120,s-0.686363,s4.244868,s329.015739
198_121,s3.567673,s3.059692,s37.142101
198_122,s-3.265704,s3.310239,s57.468548
198_123,s3.071674,s-3.817698,s180.849631
198_124,s-4.991423,s-0.76694,s173.28726
198_125,s4.950407,s1.748134,s203.595737
198_126,s-2.827687,s-3.816633,s187.991472
198_127,s-4.731013,s0.424278,s82.136033
198_128,s3.80096,s-3.400397,s196.751418
198_129,s-0.730063,s4.845308,s55.515236
198_130,s-4.804723,s1.710157,s173.023405
198_131,s-1.953759,s4.439068,s76.916739
198_132,s4.463056,s3.039923,s251.495715
198_133,s1.052164,s-4.169287,s217.990603
198_134,s3.250387,s3.864904,s309.106253
198_135,s-4.753671,s2.228253,s337.761822
198_136,s-4.496772,s-2.29816,s102.110863
198_137,s4.582708,s-2.238032,s286.887177
198_138,s-2.245938,s-4.411152,s190.317511
198_139,s1.624321,s-4.887134,s170.79628
198_140,s0.78701,s-4.887035,s73.310976
198_141,s-4.208089,s-3.139186,s328.354983
198_142,s2.380055,s4.847199,s182.968775
198_143,s1.030458,s-5.249824,s137.212473
198_144,s3.703032,s3.721566,s264.726646
198_145,s-3.22781,s3.948575,s40.495142
198_146,s-4.933281,s-1.795895,s129.347804
198_147,s-4.43477,s-3.580896,s36.097881
198_148,s2.755784,s4.172008,s301.866943
198_149,s2.920698,s4.894847,s254.557573
198_150,s-5.202169,s1.013626,s52.240126
198_151,s4.893457,s-0.253142,s187.408777
198_152,s-4.629107,s3.151407,s18.690016
198_153,s5.488161,s-0.826189,s12.311594
198_154,s1.752472,s4.736174,s23.668878
198_155,s5.827439,s0.513282,s153.853309
198_156,s2.710172,s-4.785913,s88.603284
198_157,s-2.56428,s-5.202352,s26.348536
198_158,s-1.042775,s-5.34931,s213.691996
198_159,s-3.166937,s-4.187244,s142.019122
198_160,s3.628548,s-4.066465,s159.940911
198_161,s4.44939,s-2.970762,s261.568419
198_162,s-5.595474,s1.706801,s38.906578
198_163,s0.403935,s4.983657,s166.130022
198_164,s-2.783357,s4.916851,s148.538952
198_165,s-1.758723,s4.840392,s25.965743
198_166,s4.307451,s-3.656277,s292.790329
198_167,s-2.07726,s-5.415255,s115.079698
198_168,s-2.332898,s5.145881,s65.540546
198_169,s-5.666775,s0.614542,s141.646719
198_170,s5.089695,s-1.287441,s278.405069
198_171,s-3.736901,s-4.304134,s34.038658
198_172,s1.861049,s-5.493314,s264.51283
198_173,s4.712948,s3.465635,s1.13724
198_174,s-3.330226,s-4.93073,s164.787718
198_175,s-5.379878,s-2.656485,s144.947809
198_176,s2.226302,s5.247245,s319.61247
198_177,s-5.397262,s-1.49317,s74.628507
198_178,s5.317946,s-2.88478,s255.258118
198_179,s0.711208,s5.75623,s141.057874
198_180,s-4.991286,s-3.419001,s142.741641
198_181,s-5.173891,s2.508655,s87.02009
198_182,s3.082158,s-5.030935,s219.96909
198_183,s5.641132,s1.113613,s129.019829
198_184,s3.705874,s-4.782154,s211.577087
198_185,s-4.056672,s3.639494,s54.672844
198_186,s-4.225248,s4.189245,s325.520093
198_187,s-0.822483,s5.438154,s27.061727
198_188,s4.727039,s2.284208,s289.666623
198_189,s5.675168,s2.096418,s145.697392
198_190,s-4.509858,s-3.957421,s177.131124
198_191,s5.963317,s1.284076,s245.630493
198_192,s-5.220272,s3.057983,s75.069484
198_193,s1.222162,s-5.823128,s258.702876
198_194,s5.393499,s-1.683053,s240.846178
198_195,s5.126554,s3.305819,s260.252477
198_196,s1.764887,s5.524959,s0.380754
198_197,s-4.039616,s-4.637241,s209.905641
199_0,s0.0,s0.0,s61.458974
199_1,s-0.087797,s0.492231,s34.479228
199_2,s0.458878,s0.65531,s347.407842
199_3,s0.369948,s-0.2562,s301.022519
199_4,s-0.404414,s-0.294023,s128.840276
199_5,s0.834052,s-0.454816,s262.731028
199_6,s-0.184418,s-0.778454,s224.38473
199_7,s0.819507,s0.480529,s278.525991
199_8,s-0.836532,s0.331986,s27.229171
199_9,s0.973831,s-1.005809,s247.702628
199_10,s-1.028382,s-0.949964,s213.937165
199_11,s-1.046449,s-0.086287,s57.453197
199_12,s0.705015,s1.491795,s17.209855
199_13,s0.254261,s-1.529003,s197.311675
199_14,s-1.353793,s-0.645945,s76.43608
199_15,s-1.456944,s0.661298,s83.771924
199_16,s-0.740772,s1.361527,s111.270673
199_17,s0.97787,s1.001884,s297.463483
199_18,s-0.629273,s1.739688,s1.553225
199_19,s-1.680577,s-1.084278,s101.500223
199_20,s1.623048,s-0.778277,s209.278812
199_21,s-0.833751,s-1.817927,s218.161732
199_22,s-1.916349,s1.179028,s111.169023
199_23,s-1.280872,s1.536023,s66.434036
199_24,s1.613792,s1.638803,s55.371005
199_25,s1.522809,s0.289055,s216.067609
199_26,s0.468313,s2.404825,s40.113282
199_27,s0.69866,s-1.874,s299.844059
199_28,s-1.377234,s-1.650978,s85.32734
199_29,s2.021313,s0.732662,s236.361939
199_30,s-1.197927,s-2.137164,s183.096492
199_31,s-0.802746,s-2.577906,s217.550163
199_32,s0.922671,s-2.269621,s146.629322
199_33,s2.137907,s-0.848146,s297.113569
199_34,s-2.360949,s-0.431182,s73.976505
199_35,s1.488701,s-1.818315,s164.330764
199_36,s-1.012541,s2.285774,s29.456702
199_37,s-2.124458,s1.666337,s88.150672
199_38,s-1.519058,s2.292371,s101.756916
199_39,s2.016567,s1.30133,s0.723876
199_40,s1.10743,s2.296976,s15.110186
199_41,s2.490596,s1.042561,s288.869752
199_42,s-0.484167,s2.554522,s358.622905
199_43,s-2.90154,s0.762278,s3.688647
199_44,s2.109286,s-1.764486,s306.21191
199_45,s-1.886577,s-2.000832,s210.02924
199_46,s1.397116,s2.767321,s326.568391
199_47,s-2.577456,s-1.329181,s167.508644
199_48,s1.969621,s-2.196154,s152.980053
199_49,s2.056015,s2.184674,s24.162355
199_50,s2.829427,s0.341819,s327.874672
199_51,s1.213886,s-2.852452,s111.28805
199_52,s-2.549588,s2.015466,s27.523502
199_53,s2.389854,s1.729479,s318.209469
199_54,s0.298641,s-3.186034,s44.057785
199_55,s-3.148724,s-0.805009,s192.277539
199_56,s3.010275,s1.580584,s308.518319
199_57,s-0.499709,s-3.413618,s104.547263
199_58,s3.134362,s-1.032365,s16.735136
199_59,s-2.080893,s-2.561227,s185.765985
199_60,s2.525674,s-2.200789,s297.958236
199_61,s-2.572826,s-2.222739,s148.980963
199_62,s-3.701542,s-1.058815,s359.141366
199_63,s0.900721,s-3.330346,s173.154876
199_64,s-2.128665,s2.521663,s14.16456
199_65,s1.500152,s-3.162206,s195.526879
199_66,s0.129557,s-3.547635,s129.630534
199_67,s3.239573,s-0.260131,s248.031166
199_68,s-1.362891,s-3.005417,s132.628938
199_69,s-3.074889,s0.393776,s75.084519
199_70,s-3.274326,s-1.723017,s64.665195
199_71,s2.146335,s-2.827675,s150.297604
199_72,s-1.543913,s3.08526,s325.408847
199_73,s2.384008,s3.211932,s58.059383
199_74,s0.954197,s3.263358,s282.436895
199_75,s-3.238542,s1.789371,s171.920817
199_76,s3.528216,s-1.114311,s279.852836
199_77,s0.242373,s3.140662,s5.976925
199_78,s3.165618,s2.445171,s52.380332
199_79,s-0.594792,s3.44909,s335.074057
199_80,s3.790423,s0.674682,s47.746101
199_81,s3.28234,s-1.707701,s257.485009
199_82,s-2.233555,s3.615762,s262.616415
199_83,s0.962294,s3.830991,s316.530336
199_84,s2.507003,s-2.788806,s278.004905
199_85,s-1.071253,s-3.853883,s213.675847
199_86,s-3.63722,s1.100286,s47.100179
199_87,s-2.592469,s3.046162,s92.648657
199_88,s3.297121,s-2.264727,s247.847907
199_89,s2.287782,s-3.341939,s238.776418
199_90,s-3.659059,s-2.061865,s92.429683
199_91,s3.761597,s1.205359,s4.035417
199_92,s-1.722798,s4.048699,s270.930403
199_93,s-2.368359,s-3.40784,s194.435626
199_94,s-3.608204,s2.050211,s354.481168
199_95,s-3.883701,s0.72067,s101.858086
199_96,s3.619644,s2.321245,s334.872717
199_97,s0.790873,s4.429957,s119.390125
199_98,s4.403808,s-0.925459,s353.572996
199_99,s4.146049,s0.671029,s254.799508
199_100,s-3.794542,s0.20359,s127.573646
199_101,s2.949522,s3.059873,s1.870195
199_102,s-3.190818,s-2.807344,s111.860962
199_103,s2.166557,s-3.886969,s233.062158
199_104,s1.604399,s3.718656,s1.899259
199_105,s3.307595,s-3.268381,s335.698308
199_106,s1.645038,s-4.24221,s241.577831
199_107,s4.19738,s-1.622345,s189.096833
199_108,s-4.488406,s-1.00708,s1.903808
199_109,s0.427796,s-4.278667,s74.387053
199_110,s4.204913,s2.099693,s327.982217
199_111,s1.949102,s4.221789,s240.957166
199_112,s4.264544,s1.586241,s233.479404
199_113,s-3.941597,s2.467045,s41.203763
199_114,s-1.474721,s-4.251494,s169.124634
199_115,s-0.870357,s-4.771266,s224.063275
199_116,s-3.094592,s-3.403454,s117.049979
199_117,s-2.669466,s4.049253,s174.150919
199_118,s-4.303484,s1.315303,s150.479946
199_119,s3.889615,s-2.897136,s304.29164
199_120,s-0.686363,s4.244868,s329.015739
199_121,s3.567673,s3.059692,s37.142101
199_122,s-3.265704,s3.310239,s57.468548
199_123,s3.071674,s-3.817698,s180.849631
199_124,s-4.991423,s-0.76694,s173.28726
199_125,s4.950407,s1.748134,s203.595737
199_126,s-2.827687,s-3.816633,s187.991472
199_127,s-4.731013,s0.424278,s82.136033
199_128,s3.80096,s-3.400397,s196.751418
199_129,s-0.730063,s4.845308,s55.515236
199_130,s-4.804723,s1.710157,s173.023405
199_131,s-1.953759,s4.439068,s76.916739
199_132,s4.463056,s3.039923,s251.495715
199_133,s1.052164,s-4.169287,s217.990603
199_134,s3.250387,s3.864904,s309.106253
199_135,s-4.753671,s2.228253,s337.761822
199_136,s-4.496772,s-2.29816,s102.110863
199_137,s4.582708,s-2.238032,s286.887177
199_138,s-2.245938,s-4.411152,s190.317511
199_139,s1.624321,s-4.887134,s170.79628
199_140,s0.78701,s-4.887035,s73.310976
199_141,s-4.208089,s-3.139186,s328.354983
199_142,s2.380055,s4.847199,s182.968775
199_143,s1.030458,s-5.249824,s137.212473
199_144,s3.703032,s3.721566,s264.726646
199_145,s-3.22781,s3.948575,s40.495142
199_146,s-4.933281,s-1.795895,s129.347804
199_147,s-4.43477,s-3.580896,s36.097881
199_148,s2.755784,s4.172008,s301.866943
199_149,s2.920698,s4.894847,s254.557573
199_150,s-5.202169,s1.013626,s52.240126
199_151,s4.893457,s-0.253142,s187.408777
199_152,s-4.629107,s3.151407,s18.690016
199_153,s5.488161,s-0.826189,s12.311594
199_154,s1.752472,s4.736174,s23.668878
199_155,s5.827439,s0.513282,s153.853309
199_156,s2.710172,s-4.785913,s88.603284
199_157,s-2.56428,s-5.202352,s26.348536
199_158,s-1.042775,s-5.34931,s213.691996
199_159,s-3.166937,s-4.187244,s142.019122
199_160,s3.628548,s-4.066465,s159.940911
199_161,s4.44939,s-2.970762,s261.568419
199_162,s-5.595474,s1.706801,s38.906578
199_163,s0.403935,s4.983657,s166.130022
199_164,s-2.783357,s4.916851,s148.538952
199_165,s-1.758723,s4.840392,s25.965743
199_166,s4.307451,s-3.656277,s292.790329
199_167,s-2.07726,s-5.415255,s115.079698
199_168,s-2.332898,s5.145881,s65.540546
199_169,s-5.666775,s0.614542,s141.646719
199_170,s5.089695,s-1.287441,s278.405069
199_171,s-3.736901,s-4.304134,s34.038658
199_172,s1.861049,s-5.493314,s264.51283
199_173,s4.712948,s3.465635,s1.13724
199_174,s-3.330226,s-4.93073,s164.787718
199_175,s-5.379878,s-2.656485,s144.947809
199_176,s2.226302,s5.247245,s319.61247
199_177,s-5.397262,s-1.49317,s74.628507
199_178,s5.317946,s-2.88478,s255.258118
199_179,s0.711208,s5.75623,s141.057874
199_180,s-4.991286,s-3.419001,s142.741641
199_181,s-5.173891,s2.508655,s87.02009
199_182,s3.082158,s-5.030935,s219.96909
199_183,s5.641132,s1.113613,s129.019829
199_184,s3.705874,s-4.782154,s211.577087
199_185,s-4.056672,s3.639494,s54.672844
199_186,s-4.225248,s4.189245,s325.520093
199_187,s-0.822483,s5.438154,s27.061727
199_188,s4.727039,s2.284208,s289.666623
199_189,s5.675168,s2.096418,s145.697392
199_190,s-4.509858,s-3.957421,s177.131124
199_191,s5.963317,s1.284076,s245.630493
199_192,s-5.220272,s3.057983,s75.069484
199_193,s1.222162,s-5.823128,s258.702876
199_194,s5.393499,s-1.683053,s240.846178
199_195,s5.126554,s3.305819,s260.252477
199_196,s1.764887,s5.524959,s0.380754
199_197,s-4.039616,s-4.637241,s209.905641
199_198,s-1.830656,s5.608805,s346.560231
200_0,s0.0,s0.0,s61.458974
200_1,s-0.087797,s0.492231,s34.479228
200_2,s0.458878,s0.65531,s347.407842
200_3,s0.369948,s-0.2562,s301.022519
200_4,s-0.404414,s-0.294023,s128.840276
200_5,s0.834052,s-0.454816,s262.731028
200_6,s-0.184418,s-0.778454,s224.38473
200_7,s0.819507,s0.480529,s278.525991
200_8,s-0.836532,s0.331986,s27.229171
200_9,s0.973831,s-1.005809,s247.702628
200_10,s-1.028382,s-0.949964,s213.937165
200_11,s-1.046449,s-0.086287,s57.453197
200_12,s0.705015,s1.491795,s17.209855
200_13,s0.254261,s-1.529003,s197.311675
200_14,s-1.353793,s-0.645945,s76.43608
200_15,s-1.456944,s0.661298,s83.771924
200_16,s-0.740772,s1.361527,s111.270673
200_17,s0.97787,s1.001884,s297.463483
200_18,s-0.629273,s1.739688,s1.553225
200_19,s-1.680577,s-1.084278,s101.500223
200_20,s1.623048,s-0.778277,s209.278812
200_21,s-0.833751,s-1.817927,s218.161732
200_22,s-1.916349,s1.179028,s111.169023
200_23,s-1.280872,s1.536023,s66.434036
200_24,s1.613792,s1.638803,s55.371005
200_25,s1.522809,s0.289055,s216.067609
200_26,s0.468313,s2.404825,s40.113282
200_27,s0.69866,s-1.874,s299.844059
200_28,s-1.377234,s-1.650978,s85.32734
200_29,s2.021313,s0.732662,s236.361939
200_30,s-1.197927,s-2.137164,s183.096492
200_31,s-0.802746,s-2.577906,s217.550163
200_32,s0.922671,s-2.269621,s146.629322
200_33,s2.137907,s-0.848146,s297.113569
200_34,s-2.360949,s-0.431182,s73.976505
200_35,s1.488701,s-1.818315,s164.330764
200_36,s-1.012541,s2.285774,s29.456702
200_37,s-2.124458,s1.666337,s88.150672
200_38,s-1.519058,s2.292371,s101.756916
200_39,s2.016567,s1.30133,s0.723876
200_40,s1.10743,s2.296976,s15.110186
200_41,s2.490596,s1.042561,s288.869752
200_42,s-0.484167,s2.554522,s358.622905
200_43,s-2.90154,s0.762278,s3.688647
200_44,s2.109286,s-1.764486,s306.21191
200_45,s-1.886577,s-2.000832,s210.02924
200_46,s1.397116,s2.767321,s326.568391
200_47,s-2.577456,s-1.329181,s167.508644
200_48,s1.969621,s-2.196154,s152.980053
200_49,s2.056015,s2.184674,s24.162355
200_50,s2.829427,s0.341819,s327.874672
200_51,s1.213886,s-2.852452,s111.28805
200_52,s-2.549588,s2.015466,s27.523502
200_53,s2.389854,s1.729479,s318.209469
200_54,s0.298641,s-3.186034,s44.057785
200_55,s-3.148724,s-0.805009,s192.277539
200_56,s3.010275,s1.580584,s308.518319
200_57,s-0.499709,s-3.413618,s104.547263
200_58,s3.134362,s-1.032365,s16.735136
200_59,s-2.080893,s-2.561227,s185.765985
200_60,s2.525674,s-2.200789,s297.958236
200_61,s-2.572826,s-2.222739,s148.980963
200_62,s-3.701542,s-1.058815,s359.141366
200_63,s0.900721,s-3.330346,s173.154876
200_64,s-2.128665,s2.521663,s14.16456
200_65,s1.500152,s-3.162206,s195.526879
200_66,s0.129557,s-3.547635,s129.630534
200_67,s3.239573,s-0.260131,s248.031166
200_68,s-1.362891,s-3.005417,s132.628938
200_69,s-3.074889,s0.393776,s75.084519
200_70,s-3.274326,s-1.723017,s64.665195
200_71,s2.146335,s-2.827675,s150.297604
200_72,s-1.543913,s3.08526,s325.408847
200_73,s2.384008,s3.211932,s58.059383
200_74,s0.954197,s3.263358,s282.436895
200_75,s-3.238542,s1.789371,s171.920817
200_76,s3.528216,s-1.114311,s279.852836
200_77,s0.242373,s3.140662,s5.976925
200_78,s3.165618,s2.445171,s52.380332
200_79,s-0.594792,s3.44909,s335.074057
200_80,s3.790423,s0.674682,s47.746101
200_81,s3.28234,s-1.707701,s257.485009
200_82,s-2.233555,s3.615762,s262.616415
200_83,s0.962294,s3.830991,s316.530336
200_84,s2.507003,s-2.788806,s278.004905
200_85,s-1.071253,s-3.853883,s213.675847
200_86,s-3.63722,s1.100286,s47.100179
200_87,s-2.592469,s3.046162,s92.648657
200_88,s3.297121,s-2.264727,s247.847907
200_89,s2.287782,s-3.341939,s238.776418
200_90,s-3.659059,s-2.061865,s92.429683
200_91,s3.761597,s1.205359,s4.035417
200_92,s-1.722798,s4.048699,s270.930403
200_93,s-2.368359,s-3.40784,s194.435626
200_94,s-3.608204,s2.050211,s354.481168
200_95,s-3.883701,s0.72067,s101.858086
200_96,s3.619644,s2.321245,s334.872717
200_97,s0.790873,s4.429957,s119.390125
200_98,s4.403808,s-0.925459,s353.572996
200_99,s4.146049,s0.671029,s254.799508
200_100,s-3.794542,s0.20359,s127.573646
200_101,s2.949522,s3.059873,s1.870195
200_102,s-3.190818,s-2.807344,s111.860962
200_103,s2.166557,s-3.886969,s233.062158
200_104,s1.604399,s3.718656,s1.899259
200_105,s3.307595,s-3.268381,s335.698308
200_106,s1.645038,s-4.24221,s241.577831
200_107,s4.19738,s-1.622345,s189.096833
200_108,s-4.488406,s-1.00708,s1.903808
200_109,s0.427796,s-4.278667,s74.387053
200_110,s4.204913,s2.099693,s327.982217
200_111,s1.949102,s4.221789,s240.957166
200_112,s4.264544,s1.586241,s233.479404
200_113,s-3.941597,s2.467045,s41.203763
200_114,s-1.474721,s-4.251494,s169.124634
200_115,s-0.870357,s-4.771266,s224.063275
200_116,s-3.094592,s-3.403454,s117.049979
200_117,s-2.669466,s4.049253,s174.150919
200_118,s-4.303484,s1.315303,s150.479946
200_119,s3.889615,s-2.897136,s304.29164
200_120,s-0.686363,s4.244868,s329.015739
200_121,s3.567673,s3.059692,s37.142101
200_122,s-3.265704,s3.310239,s57.468548
200_123,s3.071674,s-3.817698,s180.849631
200_124,s-4.991423,s-0.76694,s173.28726
200_125,s4.950407,s1.748134,s203.595737
200_126,s-2.827687,s-3.816633,s187.991472
200_127,s-4.731013,s0.424278,s82.136033
200_128,s3.80096,s-3.400397,s196.751418
200_129,s-0.730063,s4.845308,s55.515236
200_130,s-4.804723,s1.710157,s173.023405
200_131,s-1.953759,s4.439068,s76.916739
200_132,s4.463056,s3.039923,s251.495715
200_133,s1.052164,s-4.169287,s217.990603
200_134,s3.250387,s3.864904,s309.106253
200_135,s-4.753671,s2.228253,s337.761822
200_136,s-4.496772,s-2.29816,s102.110863
200_137,s4.582708,s-2.238032,s286.887177
200_138,s-2.245938,s-4.411152,s190.317511
200_139,s1.624321,s-4.887134,s170.79628
200_140,s0.78701,s-4.887035,s73.310976
200_141,s-4.208089,s-3.139186,s328.354983
200_142,s2.380055,s4.847199,s182.968775
200_143,s1.030458,s-5.249824,s137.212473
200_144,s3.703032,s3.721566,s264.726646
200_145,s-3.22781,s3.948575,s40.495142
200_146,s-4.933281,s-1.795895,s129.347804
200_147,s-4.43477,s-3.580896,s36.097881
200_148,s2.755784,s4.172008,s301.866943
200_149,s2.920698,s4.894847,s254.557573
200_150,s-5.202169,s1.013626,s52.240126
200_151,s4.893457,s-0.253142,s187.408777
200_152,s-4.629107,s3.151407,s18.690016
200_153,s5.488161,s-0.826189,s12.311594
200_154,s1.752472,s4.736174,s23.668878
200_155,s5.827439,s0.513282,s153.853309
200_156,s2.710172,s-4.785913,s88.603284
200_157,s-2.56428,s-5.202352,s26.348536
200_158,s-1.042775,s-5.34931,s213.691996
200_159,s-3.166937,s-4.187244,s142.019122
200_160,s3.628548,s-4.066465,s159.940911
200_161,s4.44939,s-2.970762,s261.568419
200_162,s-5.595474,s1.706801,s38.906578
200_163,s0.403935,s4.983657,s166.130022
200_164,s-2.783357,s4.916851,s148.538952
200_165,s-1.758723,s4.840392,s25.965743
200_166,s4.307451,s-3.656277,s292.790329
200_167,s-2.07726,s-5.415255,s115.079698
200_168,s-2.332898,s5.145881,s65.540546
200_169,s-5.666775,s0.614542,s141.646719
200_170,s5.089695,s-1.287441,s278.405069
200_171,s-3.736901,s-4.304134,s34.038658
200_172,s1.861049,s-5.493314,s264.51283
200_173,s4.712948,s3.465635,s1.13724
200_174,s-3.330226,s-4.93073,s164.787718
200_175,s-5.379878,s-2.656485,s144.947809
200_176,s2.226302,s5.247245,s319.61247
200_177,s-5.397262,s-1.49317,s74.628507
200_178,s5.317946,s-2.88478,s255.258118
200_179,s0.711208,s5.75623,s141.057874
200_180,s-4.991286,s-3.419001,s142.741641
200_181,s-5.173891,s2.508655,s87.02009
200_182,s3.082158,s-5.030935,s219.96909
200_183,s5.641132,s1.113613,s129.019829
200_184,s3.705874,s-4.782154,s211.577087
200_185,s-4.056672,s3.639494,s54.672844
200_186,s-4.225248,s4.189245,s325.520093
200_187,s-0.822483,s5.438154,s27.061727
200_188,s4.727039,s2.284208,s289.666623
200_189,s5.675168,s2.096418,s145.697392
200_190,s-4.509858,s-3.957421,s177.131124
200_191,s5.963317,s1.284076,s245.630493
200_192,s-5.220272,s3.057983,s75.069484
200_193,s1.222162,s-5.823128,s258.702876
200_194,s5.393499,s-1.683053,s240.846178
200_195,s5.126554,s3.305819,s260.252477
200_196,s1.764887,s5.524959,s0.380754
200_197,s-4.039616,s-4.637241,s209.905641
200_198,s-1.830656,s5.608805,s346.560231
200_199,s-3.451575,s4.785042,s38.604628
